{
    "camera_data": {
        "camera_look_at": {
            "at": [
                1.0,
                0.0,
                0.0
            ],
            "eye": [
                0.0,
                0.0,
                0.0
            ],
            "up": [
                0.0,
                0.0,
                1.0
            ]
        },
        "camera_view_matrix": [
            [
                0.0,
                0.0,
                -1.0,
                0.0
            ],
            [
                -1.0,
                0.0,
                0.0,
                0.0
            ],
            [
                0.0,
                1.0,
                0.0,
                0.0
            ],
            [
                0.0,
                0.0,
                0.0,
                1.0
            ]
        ],
        "height": 500,
        "intrinsics": {
            "cx": 250.0,
            "cy": 250.0,
            "fx": 603.5535278320312,
            "fy": 603.5535278320312
        },
        "location_world": [
            0.0,
            0.0,
            0.0
        ],
        "quaternion_world_xyzw": [
            0.5,
            -0.5,
            -0.5,
            0.5
        ],
        "width": 500
    },
    "objects": [
        {
            "bounding_box_minx_maxx_miny_maxy": [
                157,
                381,
                271,
                491
            ],
            "class": "Cube",
            "local_cuboid": null,
            "local_to_world_matrix": [
                [
                    0.002555219689384103,
                    0.006303274538367987,
                    -0.0016551694134250283,
                    0.0
                ],
                [
                    -0.0005139242857694626,
                    0.001967208692803979,
                    0.006698206532746553,
                    0.0
                ],
                [
                    0.006496671121567488,
                    -0.0023235369008034468,
                    0.0011808652197942138,
                    0.0
                ],
                [
                    1.4133460521697998,
                    -0.11418333649635315,
                    -0.45431849360466003,
                    1.0
                ]
            ],
            "location": [
                0.11418333649635315,
                -0.45431849360466003,
                -1.4133460521697998
            ],
            "location_world": [
                1.4133460521697998,
                -0.11418333649635315,
                -0.45431849360466003
            ],
            "name": "hope_Cube_0",
            "projected_cuboid": [
                [
                    255.40733337402344,
                    421.59968614578247
                ],
                [
                    218.71045231819153,
                    299.0882992744446
                ],
                [
                    156.4328968524933,
                    339.10131454467773
                ],
                [
                    203.41314375400543,
                    491.098016500473
                ],
                [
                    381.6797733306885,
                    403.0629098415375
                ],
                [
                    344.01145577430725,
                    269.69924569129944
                ],
                [
                    309.929758310318,
                    305.8939278125763
                ],
                [
                    358.64368081092834,
                    474.96873140335083
                ],
                [
                    278.0134677886963,
                    373.62557649612427
                ]
            ],
            "provenance": "nvisii",
            "quaternion_xyzw": [
                -0.13298632204532623,
                0.9728116989135742,
                0.062219858169555664,
                0.17911101877689362
            ],
            "quaternion_xyzw_world": [
                0.47835826873779297,
                0.4322335720062256,
                0.3614670932292938,
                0.6735644340515137
            ],
            "segmentation_id": 1,
            "visibility": 1
        }
    ]
}