{
    "camera_data": {
        "camera_look_at": {
            "at": [
                1.0,
                0.0,
                0.0
            ],
            "eye": [
                0.0,
                0.0,
                0.0
            ],
            "up": [
                0.0,
                0.0,
                1.0
            ]
        },
        "camera_view_matrix": [
            [
                0.0,
                0.0,
                -1.0,
                0.0
            ],
            [
                -1.0,
                0.0,
                0.0,
                0.0
            ],
            [
                0.0,
                1.0,
                0.0,
                0.0
            ],
            [
                0.0,
                0.0,
                0.0,
                1.0
            ]
        ],
        "height": 400,
        "intrinsics": {
            "cx": 200.0,
            "cy": 200.0,
            "fx": 482.84283447265625,
            "fy": 482.84283447265625
        },
        "location_world": [
            0.0,
            0.0,
            0.0
        ],
        "quaternion_world_xyzw": [
            0.5,
            -0.5,
            -0.5,
            0.5
        ],
        "width": 400
    },
    "objects": [
        {
            "bounding_box_minx_maxx_miny_maxy": [
                -1,
                -1,
                -1,
                -1
            ],
            "class": "Cube",
            "local_cuboid": null,
            "local_to_world_matrix": [
                [
                    -0.000751620507799089,
                    0.00469195144250989,
                    0.0015558459563180804,
                    0.0
                ],
                [
                    -0.0026405653916299343,
                    0.000949283828958869,
                    -0.0041383905336260796,
                    0.0
                ],
                [
                    -0.0041788131929934025,
                    -0.0014437625650316477,
                    0.0023351802956312895,
                    0.0
                ],
                [
                    0.41754022240638733,
                    -0.36326864361763,
                    -0.2163088321685791,
                    1.0
                ]
            ],
            "location": [
                0.36326864361763,
                -0.2163088321685791,
                -0.41754022240638733
            ],
            "location_world": [
                0.41754022240638733,
                -0.36326864361763,
                -0.2163088321685791
            ],
            "name": "hope_Cube_0",
            "projected_cuboid": [
                [
                    662.8001689910889,
                    395.30532360076904
                ],
                [
                    898.1449127197266,
                    1170.0020790100098
                ],
                [
                    411.2635135650635,
                    775.8753299713135
                ],
                [
                    401.37720108032227,
                    426.2441635131836
                ],
                [
                    951.7204284667969,
                    486.3727569580078
                ],
                [
                    1333.6941719055176,
                    1175.545597076416
                ],
                [
                    668.9475536346436,
                    814.8197174072266
                ],
                [
                    596.8386650085449,
                    479.97732162475586
                ],
                [
                    666.3744449615479,
                    639.2219066619873
                ]
            ],
            "provenance": "nvisii",
            "quaternion_xyzw": [
                0.11567743122577667,
                0.2621781826019287,
                0.9489245414733887,
                0.13199836015701294
            ],
            "quaternion_xyzw_world": [
                -0.21953527629375458,
                -0.4672110974788666,
                0.59739089012146,
                0.6137118339538574
            ],
            "segmentation_id": 1,
            "visibility": 0
        },
        {
            "bounding_box_minx_maxx_miny_maxy": [
                25,
                259,
                242,
                400
            ],
            "class": "Cube",
            "local_cuboid": null,
            "local_to_world_matrix": [
                [
                    -0.002911180257797241,
                    -0.003963392227888107,
                    0.0009036413975991309,
                    0.0
                ],
                [
                    -0.003752822754904628,
                    0.003047509351745248,
                    0.0012763264821842313,
                    0.0
                ],
                [
                    -0.0015624875668436289,
                    6.488170038210228e-05,
                    -0.00474915187805891,
                    0.0
                ],
                [
                    0.8482746481895447,
                    0.003997737541794777,
                    -0.25826799869537354,
                    1.0
                ]
            ],
            "location": [
                -0.003997737541794777,
                -0.25826799869537354,
                -0.8482746481895447
            ],
            "location_world": [
                0.8482746481895447,
                0.003997737541794777,
                -0.25826799869537354
            ],
            "name": "hope_Cube_1",
            "projected_cuboid": [
                [
                    261.2804174423218,
                    432.36637115478516
                ],
                [
                    148.1689214706421,
                    455.66887855529785
                ],
                [
                    157.1264624595642,
                    240.92142581939697
                ],
                [
                    257.32595920562744,
                    269.3230152130127
                ],
                [
                    142.67992973327637,
                    418.75271797180176
                ],
                [
                    21.22979164123535,
                    433.4912300109863
                ],
                [
                    41.337430477142334,
                    261.4520072937012
                ],
                [
                    148.97546768188477,
                    281.53536319732666
                ],
                [
                    148.6821174621582,
                    344.8679447174072
                ]
            ],
            "provenance": "nvisii",
            "quaternion_xyzw": [
                -0.5533795952796936,
                0.1937069296836853,
                -0.257174015045166,
                -0.7681863903999329
            ],
            "quaternion_xyzw_world": [
                -0.4353425204753876,
                0.8862234950065613,
                0.07566986232995987,
                -0.13913697004318237
            ],
            "segmentation_id": 2,
            "visibility": 1
        },
        {
            "bounding_box_minx_maxx_miny_maxy": [
                0,
                14,
                397,
                400
            ],
            "class": "Cube",
            "local_cuboid": null,