{
    "camera_data": {
        "camera_look_at": {
            "at": [
                1.0,
                0.0,
                0.0
            ],
            "eye": [
                0.0,
                0.0,
                0.0
            ],
            "up": [
                0.0,
                0.0,
                1.0
            ]
        },
        "camera_view_matrix": [
            [
                0.0,
                0.0,
                -1.0,
                0.0
            ],
            [
                -1.0,
                0.0,
                0.0,
                0.0
            ],
            [
                0.0,
                1.0,
                0.0,
                0.0
            ],
            [
                0.0,
                0.0,
                0.0,
                1.0
            ]
        ],
        "height": 400,
        "intrinsics": {
            "cx": 200.0,
            "cy": 200.0,
            "fx": 482.84283447265625,
            "fy": 482.84283447265625
        },
        "location_world": [
            0.0,
            0.0,
            0.0
        ],
        "quaternion_world_xyzw": [
            0.5,
            -0.5,
            -0.5,
            0.5
        ],
        "width": 400
    },
    "objects": [
        {
            "bounding_box_minx_maxx_miny_maxy": [
                338,
                399,
                372,
                400
            ],
            "class": "Cube",
            "local_cuboid": null,
            "local_to_world_matrix": [
                [
                    0.001044276636093855,
                    -0.0005886174621991813,
                    -0.004854174796491861,
                    0.0
                ],
                [
                    -0.00446242094039917,
                    -0.002144009340554476,
                    -0.0007000159821473062,
                    0.0
                ],
                [
                    -0.0019990711007267237,
                    0.0044784764759242535,
                    -0.0009731196914799511,
                    0.0
                ],
                [
                    0.7422866225242615,
                    -0.2697298526763916,
                    -0.3938531279563904,
                    1.0
                ]
            ],
            "location": [
                0.2697298526763916,
                -0.3938531279563904,
                -0.7422866225242615
            ],
            "location_world": [
                0.7422866225242615,
                -0.2697298526763916,
                -0.3938531279563904
            ],
            "name": "hope_Cube_0",
            "projected_cuboid": [
                [
                    315.9248352050781,
                    562.6180171966553
                ],
                [
                    472.65186309814453,
                    760.0911140441895
                ],
                [
                    608.5066795349121,
                    626.5735149383545
                ],
                [
                    433.88233184814453,
                    489.62154388427734
                ],
                [
                    303.679895401001,
                    415.1306629180908
                ],
                [
                    472.7099418640137,
                    561.6048336029053
                ],
                [
                    621.616792678833,
                    451.7834663391113
                ],
                [
                    431.2737464904785,
                    356.4007759094238
                ],
                [
                    447.52044677734375,
                    514.9054527282715
                ]
            ],
            "provenance": "nvisii",
            "quaternion_xyzw": [
                0.4631178379058838,
                -0.29260000586509705,
                -0.5962579250335693,
                0.5868420600891113
            ],
            "quaternion_xyzw_world": [
                0.6768088936805725,
                -0.3731510043144226,
                -0.5062910914421082,
                -0.38256680965423584
            ],
            "segmentation_id": 1,
            "visibility": 1
        },
        {
            "bounding_box_minx_maxx_miny_maxy": [
                146,
                268,
                361,
                400
            ],
            "class": "Cube",
            "local_cuboid": null,
            "local_to_world_matrix": [
                [
                    0.0038003295194357634,
                    0.002259147586300969,
                    -0.0023353267461061478,
                    0.0
                ],
                [
                    -0.0027642655186355114,
                    0.0041366927325725555,
                    -0.0004965988337062299,
                    0.0
                ],
                [
                    0.0017077280208468437,
                    0.001668540178798139,
                    0.004393135663121939,
                    0.0
                ],
                [
                    0.99647057056427,
                    -0.09044383466243744,
                    -0.4805890917778015,
                    1.0
                ]
            ],
            "location": [
                0.09044383466243744,
                -0.4805890917778015,
                -0.99647057056427
            ],
            "location_world": [
                0.99647057056427,
                -0.09044383466243744,
                -0.4805890917778015
            ],
            "name": "hope_Cube_1",
            "projected_cuboid": [
                [
                    196.70138359069824,
                    382.6962947845459
                ],
                [
                    95.96973657608032,
                    420.0874328613281
                ],
                [
                    130.45284748077393,
                    557.2013854980469
                ],
                [
                    234.84115600585938,
                    498.6966133117676
                ],
                [
                    253.8041114807129,
                    359.75043773651123
                ],
                [
                    139.11572694778442,
                    402.0221710205078
                ],
                [
                    187.80511617660522,
                    573.1534957885742
                ],
                [
                    306.0605764389038,
                    499.13625717163086
                ],
                [
                    193.24520826339722,
                    456.6882610321045
                ]
            ],
            "provenance": "nvisii",
            "quaternion_xyzw": [
                -0.4972515106201172,
                0.6507794260978699,
                0.5499099493026733,
                0.16378746926784515
            ],
            "quaternion_xyzw_world": [
                -0.11629726737737656,
                0.2171667516231537,
                0.2698252499103546,
                0.930864155292511
            ],
            "segmentation_id": 2,
            "visibility": 1
        },
        {
            "bounding_box_minx_maxx_miny_maxy": [
                0,
                26,
                378,
                400
            ],
            "class": "Cube",
            "local_cuboid": null,