{
    "camera_data": {
        "camera_look_at": {
            "at": [
                1.0,
                0.0,
                0.0
            ],
            "eye": [
                0.0,
                0.0,
                0.0
            ],
            "up": [
                0.0,
                0.0,
                1.0
            ]
        },
        "camera_view_matrix": [
            [
                0.0,
                0.0,
                -1.0,
                0.0
            ],
            [
                -1.0,
                0.0,
                0.0,
                0.0
            ],
            [
                0.0,
                1.0,
                0.0,
                0.0
            ],
            [
                0.0,
                0.0,
                0.0,
                1.0
            ]
        ],
        "height": 400,
        "intrinsics": {
            "cx": 200.0,
            "cy": 200.0,
            "fx": 482.84283447265625,
            "fy": 482.84283447265625
        },
        "location_world": [
            0.0,
            0.0,
            0.0
        ],
        "quaternion_world_xyzw": [
            0.5,
            -0.5,
            -0.5,
            0.5
        ],
        "width": 400
    },
    "objects": [
        {
            "bounding_box_minx_maxx_miny_maxy": [
                -1,
                -1,
                -1,
                -1
            ],
            "class": "Cube",
            "local_cuboid": null,
            "local_to_world_matrix": [
                [
                    -0.0031554209999740124,
                    0.0015693116001784801,
                    0.0035469112917780876,
                    0.0
                ],
                [
                    -0.0029544204007834196,
                    0.001989956246688962,
                    -0.0035087710712105036,
                    0.0
                ],
                [
                    -0.00251291086897254,
                    -0.004310143645852804,
                    -0.00032854912569746375,
                    0.0
                ],
                [
                    0.5110680460929871,
                    -0.4148539900779724,
                    -0.2624877989292145,
                    1.0
                ]
            ],
            "location": [
                0.4148539900779724,
                -0.2624877989292145,
                -0.5110680460929871
            ],
            "location_world": [
                0.5110680460929871,
                -0.4148539900779724,
                -0.2624877989292145
            ],
            "name": "hope_Cube_0",
            "projected_cuboid": [
                [
                    831.8881034851074,
                    437.95576095581055
                ],
                [
                    1036.2805366516113,
                    978.7467956542969
                ],
                [
                    434.09109115600586,
                    674.16090965271
                ],
                [
                    461.28602027893066,
                    361.53244972229004
                ],
                [
                    714.6361827850342,
                    529.1807174682617
                ],
                [
                    788.3843421936035,
                    880.6112289428711
                ],
                [
                    435.9795093536377,
                    695.586633682251
                ],
                [
                    456.17427825927734,
                    453.6694526672363
                ],
                [
                    603.2143592834473,
                    586.7612838745117
                ]
            ],
            "provenance": "nvisii",
            "quaternion_xyzw": [
                -0.47045451402664185,
                -0.16547353565692902,
                -0.793441653251648,
                -0.34891462326049805
            ],
            "quaternion_xyzw_world": [
                -0.09570049494504929,
                0.72366863489151,
                -0.5402275323867798,
                -0.4186876714229584
            ],
            "segmentation_id": 1,
            "visibility": 0
        },
        {
            "bounding_box_minx_maxx_miny_maxy": [
                74,
                293,
                343,
                400
            ],
            "class": "Cube",
            "local_cuboid": null,
            "local_to_world_matrix": [
                [
                    0.0002261406189063564,
                    0.0006781655247323215,
                    0.004948630928993225,
                    0.0
                ],
                [
                    -0.00430085277184844,
                    0.002545480616390705,
                    -0.00015229657583404332,
                    0.0
                ],
                [
                    -0.0025399853475391865,
                    -0.004249779041856527,
                    0.0006984653882682323,
                    0.0
                ],
                [
                    0.8842754364013672,
                    -0.05827175825834274,
                    -0.3863120675086975,
                    1.0
                ]
            ],
            "location": [
                0.05827175825834274,
                -0.3863120675086975,
                -0.8842754364013672
            ],
            "location_world": [
                0.8842754364013672,
                -0.05827175825834274,
                -0.3863120675086975
            ],
            "name": "hope_Cube_1",
            "projected_cuboid": [
                [
                    286.2133741378784,
                    343.2203769683838
                ],
                [
                    216.02246761322021,
                    399.60899353027344
                ],
                [
                    74.31662082672119,
                    388.11397552490234
                ],
                [
                    167.1192169189453,
                    341.82913303375244
                ],
                [
                    307.4950933456421,
                    491.7747497558594
                ],
                [
                    243.60806941986084,
                    602.4613380432129
                ],
                [
                    94.88012790679932,
                    555.3552150726318
                ],
                [
                    184.10277366638184,
                    470.34149169921875
                ],
                [
                    196.66486978530884,
                    442.50450134277344
                ]
            ],
            "provenance": "nvisii",
            "quaternion_xyzw": [
                0.3109779357910156,
                0.38638603687286377,
                0.6469330787658691,
                0.5792030096054077
            ],
            "quaternion_xyzw_world": [
                0.31481698155403137,
                -0.5753639936447144,
                0.382546991109848,
                0.6507720947265625
            ],
            "segmentation_id": 2,
            "visibility": 1
        },
        {
            "bounding_box_minx_maxx_miny_maxy": [
                0,
                26,
                385,
                400
            ],
            "class": "Cube",
            "local_cuboid": null,