{
    "camera_data": {
        "camera_look_at": {
            "at": [
                1.0,
                0.0,
                0.0
            ],
            "eye": [
                0.0,
                0.0,
                0.0
            ],
            "up": [
                0.0,
                0.0,
                1.0
            ]
        },
        "camera_view_matrix": [
            [
                0.0,
                0.0,
                -1.0,
                0.0
            ],
            [
                -1.0,
                0.0,
                0.0,
                0.0
            ],
            [
                0.0,
                1.0,
                0.0,
                0.0
            ],
            [
                0.0,
                0.0,
                0.0,
                1.0
            ]
        ],
        "height": 400,
        "intrinsics": {
            "cx": 200.0,
            "cy": 200.0,
            "fx": 482.84283447265625,
            "fy": 482.84283447265625
        },
        "location_world": [
            0.0,
            0.0,
            0.0
        ],
        "quaternion_world_xyzw": [
            0.5,
            -0.5,
            -0.5,
            0.5
        ],
        "width": 400
    },
    "objects": [
        {
            "bounding_box_minx_maxx_miny_maxy": [
                -1,
                -1,
                -1,
                -1
            ],
            "class": "Cube",
            "local_cuboid": null,
            "local_to_world_matrix": [
                [
                    -0.0003506600914988667,
                    0.004320067819207907,
                    0.0024927996564656496,
                    0.0
                ],
                [
                    -0.002834559418261051,
                    0.0018835633527487516,
                    -0.0036629855167120695,
                    0.0
                ],
                [
                    -0.004103938117623329,
                    -0.001670090015977621,
                    0.002316999714821577,
                    0.0
                ],
                [
                    0.45643219351768494,
                    -0.39380258321762085,
                    -0.23293088376522064,
                    1.0
                ]
            ],
            "location": [
                0.39380258321762085,
                -0.23293088376522064,
                -0.45643219351768494
            ],
            "location_world": [
                0.45643219351768494,
                -0.39380258321762085,
                -0.23293088376522064
            ],
            "name": "hope_Cube_0",
            "projected_cuboid": [
                [
                    658.3358764648438,
                    357.67822265625
                ],
                [
                    754.1646957397461,
                    902.4806976318359
                ],
                [
                    377.1296977996826,
                    686.5644931793213
                ],
                [
                    414.14647102355957,
                    400.53443908691406
                ],
                [
                    923.8063812255859,
                    516.0260200500488
                ],
                [
                    1182.3738098144531,
                    1119.1892623901367
                ],
                [
                    614.6264553070068,
                    807.7903747558594
                ],
                [
                    591.2186145782471,
                    500.3334045410156
                ],
                [
                    634.1855049133301,
                    606.3747406005859
                ]
            ],
            "provenance": "nvisii",
            "quaternion_xyzw": [
                0.10931123793125153,
                0.27867043018341064,
                0.9243103265762329,
                0.23673665523529053
            ],
            "quaternion_xyzw_world": [
                -0.1497960090637207,
                -0.49584391713142395,
                0.5377776622772217,
                0.6652030944824219
            ],
            "segmentation_id": 1,
            "visibility": 0
        },
        {
            "bounding_box_minx_maxx_miny_maxy": [
                28,
                301,
                282,
                400
            ],
            "class": "Cube",
            "local_cuboid": null,
            "local_to_world_matrix": [
                [
                    -0.0017735767178237438,
                    -0.0029768883250653744,
                    0.003604521043598652,
                    0.0
                ],
                [
                    -0.004046774469316006,
                    0.0029077958315610886,
                    0.0004102975653950125,
                    0.0
                ],
                [
                    -0.0023405246902257204,
                    -0.0027717978227883577,
                    -0.003440799657255411,
                    0.0
                ],
                [
                    0.8518280386924744,
                    -0.020959632471203804,
                    -0.3219221830368042,
                    1.0
                ]
            ],
            "location": [
                0.020959632471203804,
                -0.3219221830368042,
                -0.8518280386924744
            ],
            "location_world": [
                0.8518280386924744,
                -0.020959632471203804,
                -0.3219221830368042
            ],
            "name": "hope_Cube_1",
            "projected_cuboid": [
                [
                    306.1624050140381,
                    404.8952102661133
                ],
                [
                    217.03619956970215,
                    462.6168727874756
                ],
                [
                    113.20216655731201,
                    291.1423444747925
                ],
                [
                    214.5448923110962,
                    281.28535747528076
                ],
                [
                    209.1261625289917,
                    487.0903015136719
                ],
                [
                    101.53580904006958,
                    562.9329204559326
                ],
                [
                    27.90670394897461,
                    396.0660934448242
                ],
                [
                    137.91372776031494,
                    364.8867607116699
                ],
                [
                    166.72258377075195,
                    400.4707336425781
                ]
            ],
            "provenance": "nvisii",
            "quaternion_xyzw": [
                -0.5111784338951111,
                -0.06814885884523392,
                -0.4445975720882416,
                -0.7323834896087646
            ],
            "quaternion_xyzw_world": [
                -0.43355661630630493,
                0.8100053071975708,
                -0.14577065408229828,
                -0.3669757544994354
            ],
            "segmentation_id": 2,
            "visibility": 1
        },
        {
            "bounding_box_minx_maxx_miny_maxy": [
                0,
                25,
                390,
                400
            ],
            "class": "Cube",
            "local_cuboid": null,