{
    "camera_data": {
        "camera_look_at": {
            "at": [
                1.0,
                0.0,
                0.0
            ],
            "eye": [
                0.0,
                0.0,
                0.0
            ],
            "up": [
                0.0,
                0.0,
                1.0
            ]
        },
        "camera_view_matrix": [
            [
                0.0,
                0.0,
                -1.0,
                0.0
            ],
            [
                -1.0,
                0.0,
                0.0,
                0.0
            ],
            [
                0.0,
                1.0,
                0.0,
                0.0
            ],
            [
                0.0,
                0.0,
                0.0,
                1.0
            ]
        ],
        "height": 400,
        "intrinsics": {
            "cx": 200.0,
            "cy": 200.0,
            "fx": 482.84283447265625,
            "fy": 482.84283447265625
        },
        "location_world": [
            0.0,
            0.0,
            0.0
        ],
        "quaternion_world_xyzw": [
            0.5,
            -0.5,
            -0.5,
            0.5
        ],
        "width": 400
    },
    "objects": [
        {
            "bounding_box_minx_maxx_miny_maxy": [
                140,
                284,
                273,
                400
            ],
            "class": "Cube",
            "local_cuboid": null,
            "local_to_world_matrix": [
                [
                    0.0017278807936236262,
                    0.0008645311463624239,
                    -0.004611617885529995,
                    0.0
                ],
                [
                    0.0002657338045537472,
                    0.004888469353318214,
                    0.0010159973753616214,
                    0.0
                ],
                [
                    0.004684423096477985,
                    -0.0005961970891803503,
                    0.0016433915589004755,
                    0.0
                ],
                [
                    1.0335909128189087,
                    -0.14645487070083618,
                    -0.37373706698417664,
                    1.0
                ]
            ],
            "location": [
                0.14645487070083618,
                -0.37373706698417664,
                -1.0335909128189087
            ],
            "location_world": [
                1.0335909128189087,
                -0.14645487070083618,
                -0.37373706698417664
            ],
            "name": "hope_Cube_0",
            "projected_cuboid": [
                [
                    256.51705265045166,
                    381.1594009399414
                ],
                [
                    158.13193321228027,
                    358.8468551635742
                ],
                [
                    133.25963020324707,
                    437.8634452819824
                ],
                [
                    255.31249046325684,
                    466.715669631958
                ],
                [
                    279.77144718170166,
                    294.7640657424927
                ],
                [
                    173.52683544158936,
                    271.75581455230713
                ],
                [
                    150.29793977737427,
                    335.4640007019043
                ],
                [
                    284.68472957611084,
                    365.6125068664551
                ],
                [
                    211.25288009643555,
                    361.68675422668457
                ]
            ],
            "provenance": "nvisii",
            "quaternion_xyzw": [
                -0.6246557235717773,
                0.7604260444641113,
                0.0905846655368805,
                0.15281428396701813
            ],
            "quaternion_xyzw_world": [
                0.09899991750717163,
                0.570841372013092,
                0.036770306527614594,
                0.8142403364181519
            ],
            "segmentation_id": 1,
            "visibility": 1
        },
        {
            "bounding_box_minx_maxx_miny_maxy": [
                281,
                284,
                373,
                378
            ],
            "class": "Cube",
            "local_cuboid": null,
            "local_to_world_matrix": [
                [
                    -0.0014209497021511197,
                    0.004395076539367437,
                    -0.0019142109667882323,
                    0.0
                ],
                [
                    0.004355589859187603,
                    0.00034968374529853463,
                    -0.002430341672152281,
                    0.0
                ],
                [
                    -0.0020024338737130165,
                    -0.0023581821005791426,
                    -0.003928006626665592,
                    0.0
                ],
                [
                    1.2584877014160156,
                    -0.051656655967235565,
                    -0.40092700719833374,
                    1.0
                ]
            ],
            "location": [
                0.051656655967235565,
                -0.40092700719833374,
                -1.2584877014160156
            ],
            "location_world": [
                1.2584877014160156,
                -0.051656655967235565,
                -0.40092700719833374
            ],
            "name": "hope_Cube_1",
            "projected_cuboid": [
                [
                    200.30229091644287,
                    425.17337799072266
                ],
                [
                    194.18447017669678,
                    432.10201263427734
                ],
                [
                    156.38655424118042,
                    352.9038429260254
                ],
                [
                    155.5570363998413,
                    332.97152519226074
                ],
                [
                    285.5830669403076,
                    375.162410736084
                ],
                [
                    267.05684661865234,
                    389.205265045166
                ],
                [
                    226.3068675994873,
                    316.35966300964355
                ],
                [
                    236.85035705566406,
                    291.5597200393677
                ],
                [
                    215.1538372039795,
                    363.02855014801025
                ]
            ],
            "provenance": "nvisii",
            "quaternion_xyzw": [
                -0.22724781930446625,
                0.4981114864349365,
                -0.8315002918243408,
                0.09407858550548553
            ],
            "quaternion_xyzw_world": [
                0.5982212424278259,
                0.7313904762268066,
                -0.32735756039619446,
                -0.006031174678355455
            ],
            "segmentation_id": 2,
            "visibility": 1
        },
        {
            "bounding_box_minx_maxx_miny_maxy": [
                0,
                58,
                364,
                400
            ],
            "class": "Cube",
            "local_cuboid": null,