{
    "camera_data": {
        "camera_look_at": {
            "at": [
                1.0,
                0.0,
                0.0
            ],
            "eye": [
                0.0,
                0.0,
                0.0
            ],
            "up": [
                0.0,
                0.0,
                1.0
            ]
        },
        "camera_view_matrix": [
            [
                0.0,
                0.0,
                -1.0,
                0.0
            ],
            [
                -1.0,
                0.0,
                0.0,
                0.0
            ],
            [
                0.0,
                1.0,
                0.0,
                0.0
            ],
            [
                0.0,
                0.0,
                0.0,
                1.0
            ]
        ],
        "height": 400,
        "intrinsics": {
            "cx": 200.0,
            "cy": 200.0,
            "fx": 482.84283447265625,
            "fy": 482.84283447265625
        },
        "location_world": [
            0.0,
            0.0,
            0.0
        ],
        "quaternion_world_xyzw": [
            0.5,
            -0.5,
            -0.5,
            0.5
        ],
        "width": 400
    },
    "objects": [
        {
            "bounding_box_minx_maxx_miny_maxy": [
                178,
                317,
                273,
                400
            ],
            "class": "Cube",
            "local_cuboid": null,
            "local_to_world_matrix": [
                [
                    -0.0025600481312721968,
                    0.0009970690589398146,
                    -0.00417755963280797,
                    0.0
                ],
                [
                    -0.00379923265427351,
                    0.0017423914978280663,
                    0.0027440667618066072,
                    0.0
                ],
                [
                    0.0020029935985803604,
                    0.004579293075948954,
                    -0.00013450146070681512,
                    0.0
                ],
                [
                    0.8834795355796814,
                    -0.18537254631519318,
                    -0.3584883511066437,
                    1.0
                ]
            ],
            "location": [
                0.18537254631519318,
                -0.3584883511066437,
                -0.8834795355796814
            ],
            "location_world": [
                0.8834795355796814,
                -0.18537254631519318,
                -0.3584883511066437
            ],
            "name": "hope_Cube_0",
            "projected_cuboid": [
                [
                    225.52247047424316,
                    458.9200973510742
                ],
                [
                    170.75904607772827,
                    433.81261825561523
                ],
                [
                    356.49890899658203,
                    468.6204433441162
                ],
                [
                    372.53243923187256,
                    488.4020805358887
                ],
                [
                    246.37787342071533,
                    324.5940685272217
                ],
                [
                    205.1999807357788,
                    271.8700885772705
                ],
                [
                    362.2084140777588,
                    277.45442390441895
                ],
                [
                    374.7464179992676,
                    334.88025665283203
                ],
                [
                    286.84003353118896,
                    377.5142192840576
                ]
            ],
            "provenance": "nvisii",
            "quaternion_xyzw": [
                -0.4038476049900055,
                0.7329436540603638,
                0.25000086426734924,
                -0.487032026052475
            ],
            "quaternion_xyzw_world": [
                -0.20396839082241058,
                0.6869112253189087,
                0.5330644845962524,
                0.44988006353378296
            ],
            "segmentation_id": 1,
            "visibility": 1
        },
        {
            "bounding_box_minx_maxx_miny_maxy": [
                110,
                196,
                302,
                400
            ],
            "class": "Cube",
            "local_cuboid": null,
            "local_to_world_matrix": [
                [
                    0.00043280600220896304,
                    0.0013629939639940858,
                    -0.004791129846125841,
                    0.0
                ],
                [
                    0.0012532988330349326,
                    0.004624674096703529,
                    0.0014288565143942833,
                    0.0
                ],
                [
                    0.004820987582206726,
                    -0.0013246270827949047,
                    5.8669746067607775e-05,
                    0.0
                ],
                [
                    1.0959413051605225,
                    -0.08166283369064331,
                    -0.4571261405944824,
                    1.0
                ]
            ],
            "location": [
                0.08166283369064331,
                -0.4571261405944824,
                -1.0959413051605225
            ],
            "location_world": [
                1.0959413051605225,
                -0.08166283369064331,
                -0.4571261405944824
            ],
            "name": "hope_Cube_1",
            "projected_cuboid": [
                [
                    231.7507028579712,
                    426.39050483703613
                ],
                [
                    143.6549425125122,
                    388.6507987976074
                ],
                [
                    100.2178430557251,
                    433.355188369751
                ],
                [
                    207.08537101745605,
                    483.15954208374023
                ],
                [
                    259.6135139465332,
                    334.51530933380127
                ],
                [
                    168.63796710968018,
                    300.67102909088135
                ],
                [
                    130.14814853668213,
                    325.6725311279297
                ],
                [
                    241.35761260986328,
                    369.5986032485962
                ],
                [
                    185.45653820037842,
                    380.49941062927246
                ]
            ],
            "provenance": "nvisii",
            "quaternion_xyzw": [
                -0.592837929725647,
                0.7941296696662903,
                -0.07521626353263855,
                0.11065151542425156
            ],
            "quaternion_xyzw_world": [
                0.19357973337173462,
                0.6757661700248718,
                0.007711956277489662,
                0.7112014293670654
            ],
            "segmentation_id": 2,
            "visibility": 1
        },
        {
            "bounding_box_minx_maxx_miny_maxy": [
                0,
                38,
                372,
                400
            ],
            "class": "Cube",
            "local_cuboid": null,