{
    "camera_data": {
        "camera_look_at": {
            "at": [
                1.0,
                0.0,
                0.0
            ],
            "eye": [
                0.0,
                0.0,
                0.0
            ],
            "up": [
                0.0,
                0.0,
                1.0
            ]
        },
        "camera_view_matrix": [
            [
                0.0,
                0.0,
                -1.0,
                0.0
            ],
            [
                -1.0,
                0.0,
                0.0,
                0.0
            ],
            [
                0.0,
                1.0,
                0.0,
                0.0
            ],
            [
                0.0,
                0.0,
                0.0,
                1.0
            ]
        ],
        "height": 400,
        "intrinsics": {
            "cx": 200.0,
            "cy": 200.0,
            "fx": 482.84283447265625,
            "fy": 482.84283447265625
        },
        "location_world": [
            0.0,
            0.0,
            0.0
        ],
        "quaternion_world_xyzw": [
            0.5,
            -0.5,
            -0.5,
            0.5
        ],
        "width": 400
    },
    "objects": [
        {
            "bounding_box_minx_maxx_miny_maxy": [
                -1,
                -1,
                -1,
                -1
            ],
            "class": "Cube",
            "local_cuboid": null,
            "local_to_world_matrix": [
                [
                    -0.004689089022576809,
                    0.0016161800595000386,
                    0.0006327802548184991,
                    0.0
                ],
                [
                    -0.0009484477341175079,
                    -0.000859348161611706,
                    -0.004833422135561705,
                    0.0
                ],
                [
                    -0.0014535802183672786,
                    -0.004652900621294975,
                    0.0011124840239062905,
                    0.0
                ],
                [
                    0.3745846450328827,
                    -0.35440391302108765,
                    -0.20513279736042023,
                    1.0
                ]
            ],
            "location": [
                0.35440391302108765,
                -0.20513279736042023,
                -0.3745846450328827
            ],
            "location_world": [
                0.3745846450328827,
                -0.35440391302108765,
                -0.20513279736042023
            ],
            "name": "hope_Cube_0",
            "projected_cuboid": [
                [
                    1140.0951385498047,
                    552.8206825256348
                ],
                [
                    1516.41845703125,
                    1321.3930130004883
                ],
                [
                    671.8042850494385,
                    1099.5107650756836
                ],
                [
                    524.9842643737793,
                    556.9579124450684
                ],
                [
                    741.8460845947266,
                    404.74653244018555
                ],
                [
                    855.6608200073242,
                    714.509391784668
                ],
                [
                    522.8668212890625,
                    692.5921440124512
                ],
                [
                    454.5954704284668,
                    427.42371559143066
                ],
                [
                    717.2652721405029,
                    648.5704898834229
                ]
            ],
            "provenance": "nvisii",
            "quaternion_xyzw": [
                0.5815351009368896,
                0.12829220294952393,
                0.8032180070877075,
                -0.01410377025604248
            ],
            "quaternion_xyzw_world": [
                -0.05374721437692642,
                -0.6211785674095154,
                0.7635745406150818,
                0.16793565452098846
            ],
            "segmentation_id": 1,
            "visibility": 0
        },
        {
            "bounding_box_minx_maxx_miny_maxy": [
                3,
                263,
                169,
                400
            ],
            "class": "Cube",
            "local_cuboid": null,
            "local_to_world_matrix": [
                [
                    -0.004249024670571089,
                    -0.0025152708403766155,
                    -0.0007868949323892593,
                    0.0
                ],
                [
                    -0.002480866387486458,
                    0.0033134694676846266,
                    0.002804678399115801,
                    0.0
                ],
                [
                    -0.0008894347120076418,
                    0.0027738655917346478,
                    -0.004063813481479883,
                    0.0
                ],
                [
                    0.845464825630188,
                    0.03130682185292244,
                    -0.19288094341754913,
                    1.0
                ]
            ],
            "location": [
                -0.03130682185292244,
                -0.19288094341754913,
                -0.845464825630188
            ],
            "location_world": [
                0.845464825630188,
                0.03130682185292244,
                -0.19288094341754913
            ],
            "name": "hope_Cube_1",
            "projected_cuboid": [
                [
                    174.56387281417847,
                    411.5532875061035
                ],
                [
                    34.33612585067749,
                    341.617488861084
                ],
                [
                    150.9516716003418,
                    177.8239607810974
                ],
                [
                    263.9932632446289,
                    270.35720348358154
                ],
                [
                    115.04498720169067,
                    342.75803565979004
                ],
                [
                    2.6398658752441406,
                    280.67450523376465
                ],
                [
                    91.76275730133057,
                    161.01458072662354
                ],
                [
                    187.68410682678223,
                    235.50362586975098
                ],
                [
                    129.65233325958252,
                    275.66049098968506
                ]
            ],
            "provenance": "nvisii",
            "quaternion_xyzw": [
                -0.43710172176361084,
                0.4690401256084442,
                -0.16874320805072784,
                -0.7486449480056763
            ],
            "quaternion_xyzw_world": [
                -0.27398166060447693,
                0.9117649793624878,
                0.3059200644493103,
                -0.005623145494610071
            ],
            "segmentation_id": 2,
            "visibility": 1
        },
        {
            "bounding_box_minx_maxx_miny_maxy": [
                -1,
                -1,
                -1,
                -1
            ],
            "class": "Cube",
            "local_cuboid": null,