{
    "camera_data": {
        "camera_look_at": {
            "at": [
                1.0,
                0.0,
                0.0
            ],
            "eye": [
                0.0,
                0.0,
                0.0
            ],
            "up": [
                0.0,
                0.0,
                1.0
            ]
        },
        "camera_view_matrix": [
            [
                0.0,
                0.0,
                -1.0,
                0.0
            ],
            [
                -1.0,
                0.0,
                0.0,
                0.0
            ],
            [
                0.0,
                1.0,
                0.0,
                0.0
            ],
            [
                0.0,
                0.0,
                0.0,
                1.0
            ]
        ],
        "height": 400,
        "intrinsics": {
            "cx": 200.0,
            "cy": 200.0,
            "fx": 482.84283447265625,
            "fy": 482.84283447265625
        },
        "location_world": [
            0.0,
            0.0,
            0.0
        ],
        "quaternion_world_xyzw": [
            0.5,
            -0.5,
            -0.5,
            0.5
        ],
        "width": 400
    },
    "objects": [
        {
            "bounding_box_minx_maxx_miny_maxy": [
                -1,
                -1,
                -1,
                -1
            ],
            "class": "Cube",
            "local_cuboid": null,
            "local_to_world_matrix": [
                [
                    -0.004539609886705875,
                    -0.0017127259634435177,
                    0.0012076901039108634,
                    0.0
                ],
                [
                    -0.001384285045787692,
                    0.00028730958001688123,
                    -0.004795957822352648,
                    0.0
                ],
                [
                    0.0015734359622001648,
                    -0.004688712302595377,
                    -0.0007350355153903365,
                    0.0
                ],
                [
                    0.32303348183631897,
                    -0.3259718418121338,
                    -0.1740735024213791,
                    1.0
                ]
            ],
            "location": [
                0.3259718418121338,
                -0.1740735024213791,
                -0.32303348183631897
            ],
            "location_world": [
                0.32303348183631897,
                -0.3259718418121338,
                -0.1740735024213791
            ],
            "name": "hope_Cube_0",
            "projected_cuboid": [
                [
                    1142.8889274597168,
                    514.7900581359863
                ],
                [
                    1467.5214767456055,
                    1280.5081367492676
                ],
                [
                    1334.0730667114258,
                    1946.4962005615234
                ],
                [
                    913.6580467224121,
                    556.0326099395752
                ],
                [
                    606.2468528747559,
                    425.908899307251
                ],
                [
                    658.3360195159912,
                    749.0916728973389
                ],
                [
                    423.1419563293457,
                    826.6975402832031
                ],
                [
                    401.7205238342285,
                    425.97765922546387
                ],
                [
                    733.6718559265137,
                    692.1274185180664
                ]
            ],
            "provenance": "nvisii",
            "quaternion_xyzw": [
                -0.8087681531906128,
                -0.05690011382102966,
                -0.5705171227455139,
                -0.13102146983146667
            ],
            "quaternion_xyzw_world": [
                -0.21308633685112,
                0.7267033457756042,
                -0.6525819897651672,
                0.025164727121591568
            ],
            "segmentation_id": 1,
            "visibility": 0
        },
        {
            "bounding_box_minx_maxx_miny_maxy": [
                13,
                160,
                99,
                214
            ],
            "class": "Cube",
            "local_cuboid": null,
            "local_to_world_matrix": [
                [
                    -0.004795198328793049,
                    0.00112066138535738,
                    0.0008661404135636985,
                    0.0
                ],
                [
                    0.001321901218034327,
                    0.0024431180208921432,
                    0.0041573732160031796,
                    0.0
                ],
                [
                    0.0005085848388262093,
                    0.004216075409203768,
                    -0.0026393281295895576,
                    0.0
                ],
                [
                    0.862398624420166,
                    0.06328321993350983,
                    -0.12804952263832092,
                    1.0
                ]
            ],
            "location": [
                -0.06328321993350983,
                -0.12804952263832092,
                -0.862398624420166
            ],
            "location_world": [
                0.862398624420166,
                0.06328321993350983,
                -0.12804952263832092
            ],
            "name": "hope_Cube_1",
            "projected_cuboid": [
                [
                    74.24287796020508,
                    310.20710468292236
                ],
                [
                    12.549936771392822,
                    179.13644313812256
                ],
                [
                    134.4477653503418,
                    98.41064214706421
                ],
                [
                    209.33005809783936,
                    226.7373561859131
                ],
                [
                    131.73739910125732,
                    304.6666145324707
                ],
                [
                    80.40307760238647,
                    203.55734825134277
                ],
                [
                    175.74703693389893,
                    142.11957454681396
                ],
                [
                    234.92732048034668,
                    241.69247150421143
                ],
                [
                    132.94191360473633,
                    213.00337314605713
                ]
            ],
            "provenance": "nvisii",
            "quaternion_xyzw": [
                -0.10736629366874695,
                0.7343915700912476,
                -0.26969459652900696,
                -0.6135196685791016
            ],
            "quaternion_xyzw_world": [
                0.1416001170873642,
                0.8624860644340515,
                0.4854251742362976,
                -0.02072819694876671
            ],
            "segmentation_id": 2,
            "visibility": 1
        },
        {
            "bounding_box_minx_maxx_miny_maxy": [
                -1,
                -1,
                -1,
                -1
            ],
            "class": "Cube",
            "local_cuboid": null,