{"camera_data": {}, "objects": [{"class": "Cube", "location": [-19.39498447183387, 5.230091759618224, 92.52274780469334], "quaternion_xyzw": [-0.8502783407708928, -0.21369084299592905, 0.48094529872564673, 0.007388265647984379], "projected_cuboid": [[145.71715393268343, 224.21951249263702], [144.21811688137444, 221.8869781339459], [145.9302864656392, 216.91945795499234], [147.44809323750843, 219.2134217843881], [150.91328217612187, 225.10312659732594], [149.3775067063737, 222.77630788808713], [151.09188295079872, 217.83954184284917], [152.6464251759129, 220.12827262621443], [148.42098546450393, 221.0099802991359]]}, {"class": "Cube", "location": [-7.850551607888821, -1.1679146664240034, 28.098287372224313], "quaternion_xyzw": [-0.1357901894449281, -0.43880577175326646, 0.710888212351029, 0.5325865832584307], "projected_cuboid": [[112.92126212289165, 175.21436681215695], [118.64462865334676, 159.3464406181589], [103.10564942886305, 157.56919779692794], [97.37746535936358, 173.88781182597302], [121.96619494324904, 183.5532115320431], [127.8959182158516, 167.43991111842263], [112.2883362479815, 165.8529633089563], [106.34862334408865, 182.4313508975304], [112.61392697011169, 170.66867119448386]]}]}