{
    "camera_data": {
        "camera_look_at": {
            "at": [
                1.0,
                0.0,
                0.0
            ],
            "eye": [
                0.0,
                0.0,
                0.0
            ],
            "up": [
                0.0,
                0.0,
                1.0
            ]
        },
        "camera_view_matrix": [
            [
                0.0,
                0.0,
                -1.0,
                0.0
            ],
            [
                -1.0,
                0.0,
                0.0,
                0.0
            ],
            [
                0.0,
                1.0,
                0.0,
                0.0
            ],
            [
                0.0,
                0.0,
                0.0,
                1.0
            ]
        ],
        "height": 400,
        "intrinsics": {
            "cx": 200.0,
            "cy": 200.0,
            "fx": 482.84283447265625,
            "fy": 482.84283447265625
        },
        "location_world": [
            0.0,
            0.0,
            0.0
        ],
        "quaternion_world_xyzw": [
            0.5,
            -0.5,
            -0.5,
            0.5
        ],
        "width": 400
    },
    "objects": [
        {
            "bounding_box_minx_maxx_miny_maxy": [
                0,
                88,
                18,
                104
            ],
            "class": "Cube",
            "local_cuboid": null,
            "local_to_world_matrix": [
                [
                    0.004291887860745192,
                    -0.0013352548703551292,
                    0.0021901580039411783,
                    0.0
                ],
                [
                    0.0020845362450927496,
                    -0.0006722467951476574,
                    -0.004494751803576946,
                    0.0
                ],
                [
                    0.001494792988523841,
                    0.004771287087351084,
                    -2.036452315223869e-05,
                    0.0
                ],
                [
                    1.748724341392517,
                    0.6285405158996582,
                    0.6332731246948242,
                    1.0
                ]
            ],
            "location": [
                -0.6285405158996582,
                0.6332731246948242,
                -1.748724341392517
            ],
            "location_world": [
                1.748724341392517,
                0.6285405158996582,
                0.6332731246948242
            ],
            "name": "hope_Cube_0",
            "projected_cuboid": [
                [
                    17.80695915222168,
                    24.672746658325195
                ],
                [
                    35.43738126754761,
                    88.14167976379395
                ],
                [
                    88.94550800323486,
                    83.5382342338562
                ],
                [
                    73.6570954322815,
                    17.197132110595703
                ],
                [
                    -24.68395233154297,
                    33.7571382522583
                ],
                [
                    -2.447819709777832,
                    104.33380603790283
                ],
                [
                    56.12450838088989,
                    99.86048936843872
                ],
                [
                    36.65817975997925,
                    25.704705715179443
                ],
                [
                    35.98102331161499,
                    60.33447980880737
                ]
            ],
            "provenance": "nvisii",
            "quaternion_xyzw": [
                -0.7850095629692078,
                -0.18231657147407532,
                0.5772652626037598,
                0.1314743310213089
            ],
            "quaternion_xyzw_world": [
                -0.7065585255622864,
                -0.053023312240839005,
                -0.2607675790786743,
                0.6557163000106812
            ],
            "segmentation_id": 1,
            "visibility": 1
        },
        {
            "bounding_box_minx_maxx_miny_maxy": [
                336,
                399,
                82,
                207
            ],
            "class": "Cube",
            "local_cuboid": null,
            "local_to_world_matrix": [
                [
                    0.0015563481720164418,
                    0.0033365334384143353,
                    -0.003383093513548374,
                    0.0
                ],
                [
                    -0.004444340709596872,
                    0.0022815691772848368,
                    0.00020560770644806325,
                    0.0
                ],
                [
                    0.0016809558728709817,
                    0.002943124622106552,
                    0.003675922052934766,
                    0.0
                ],
                [
                    1.160853624343872,
                    -0.5568049550056458,
                    0.10455713421106339,
                    1.0
                ]
            ],
            "location": [
                0.5568049550056458,
                0.10455713421106339,
                -1.160853624343872
            ],
            "location_world": [
                1.160853624343872,
                -0.5568049550056458,
                0.10455713421106339
            ],
            "name": "hope_Cube_1",
            "projected_cuboid": [
                [
                    355.4591655731201,
                    156.49858713150024
                ],
                [
                    335.317063331604,
                    142.14882850646973
                ],
                [
                    423.4245300292969,
                    231.81262016296387
                ],
                [
                    428.1175136566162,
                    229.99398708343506
                ],
                [
                    435.0562572479248,
                    83.42081308364868
                ],
                [
                    432.03163146972656,
                    50.64176321029663
                ],
                [
                    537.6100540161133,
                    139.47359323501587
                ],
                [
                    519.1451072692871,
                    156.524658203125
                ],
                [
                    429.8731803894043,
                    149.5434045791626
                ]
            ],
            "provenance": "nvisii",
            "quaternion_xyzw": [
                -0.396157443523407,
                0.7149509191513062,
                0.5678895115852356,
                -0.09698404371738434
            ],
            "quaternion_xyzw_world": [
                -0.1730400174856186,
                0.32010143995285034,
                0.49183353781700134,
                0.7910069227218628
            ],
            "segmentation_id": 2,
            "visibility": 1
        },
        {
            "bounding_box_minx_maxx_miny_maxy": [
                183,
                293,
                1,
                85
            ],
            "class": "Cube",
            "local_cuboid": null,