{
    "camera_data": {
        "camera_look_at": {
            "at": [
                1.0,
                0.0,
                0.0
            ],
            "eye": [
                0.0,
                0.0,
                0.0
            ],
            "up": [
                0.0,
                0.0,
                1.0
            ]
        },
        "camera_view_matrix": [
            [
                0.0,
                0.0,
                -1.0,
                0.0
            ],
            [
                -1.0,
                0.0,
                0.0,
                0.0
            ],
            [
                0.0,
                1.0,
                0.0,
                0.0
            ],
            [
                0.0,
                0.0,
                0.0,
                1.0
            ]
        ],
        "height": 400,
        "intrinsics": {
            "cx": 200.0,
            "cy": 200.0,
            "fx": 482.84283447265625,
            "fy": 482.84283447265625
        },
        "location_world": [
            0.0,
            0.0,
            0.0
        ],
        "quaternion_world_xyzw": [
            0.5,
            -0.5,
            -0.5,
            0.5
        ],
        "width": 400
    },
    "objects": [
        {
            "bounding_box_minx_maxx_miny_maxy": [
                20,
                120,
                1,
                79
            ],
            "class": "Cube",
            "local_cuboid": null,
            "local_to_world_matrix": [
                [
                    0.0007006084779277444,
                    0.0011984643060714006,
                    -0.00480341911315918,
                    0.0
                ],
                [
                    0.004943167790770531,
                    9.765267168404534e-05,
                    0.0007453561993315816,
                    0.0
                ],
                [
                    0.00027247026446275413,
                    -0.004853261634707451,
                    -0.001171158510260284,
                    0.0
                ],
                [
                    1.5719367265701294,
                    0.4402804374694824,
                    0.573749840259552,
                    1.0
                ]
            ],
            "location": [
                -0.4402804374694824,
                0.573749840259552,
                -1.5719367265701294
            ],
            "location_world": [
                1.5719367265701294,
                0.4402804374694824,
                0.573749840259552
            ],
            "name": "hope_Cube_0",
            "projected_cuboid": [
                [
                    94.46043968200684,
                    71.63056135177612
                ],
                [
                    107.3318600654602,
                    79.08034324645996
                ],
                [
                    42.608535289764404,
                    62.727928161621094
                ],
                [
                    19.518613815307617,
                    52.660274505615234
                ],
                [
                    110.62486171722412,
                    -5.527448654174805
                ],
                [
                    121.53635025024414,
                    12.612080574035645
                ],
                [
                    55.65758943557739,
                    -4.564046859741211
                ],
                [
                    34.12898778915405,
                    -25.606346130371094
                ],
                [
                    73.9233136177063,
                    31.303119659423828
                ]
            ],
            "provenance": "nvisii",
            "quaternion_xyzw": [
                -0.407961368560791,
                0.6006784439086914,
                -0.5089517831802368,
                0.46229976415634155
            ],
            "quaternion_xyzw_world": [
                0.581984281539917,
                0.5276458859443665,
                -0.3892672657966614,
                0.4809938967227936
            ],
            "segmentation_id": 1,
            "visibility": 1
        },
        {
            "bounding_box_minx_maxx_miny_maxy": [
                298,
                399,
                83,
                224
            ],
            "class": "Cube",
            "local_cuboid": null,
            "local_to_world_matrix": [
                [
                    0.003993609920144081,
                    -0.0014410578878596425,
                    -0.0026409148704260588,
                    0.0
                ],
                [
                    0.0029776510782539845,
                    0.0025202434044331312,
                    0.003127614501863718,
                    0.0
                ],
                [
                    0.00042973554809577763,
                    -0.004070838913321495,
                    0.002871167380362749,
                    0.0
                ],
                [
                    1.4044071435928345,
                    -0.556687593460083,
                    0.06394942104816437,
                    1.0
                ]
            ],
            "location": [
                0.556687593460083,
                0.06394942104816437,
                -1.4044071435928345
            ],
            "location_world": [
                1.4044071435928345,
                -0.556687593460083,
                0.06394942104816437
            ],
            "name": "hope_Cube_1",
            "projected_cuboid": [
                [
                    421.33936882019043,
                    177.78406143188477
                ],
                [
                    364.9662494659424,
                    134.39148664474487
                ],
                [
                    307.285475730896,
                    175.7377028465271
                ],
                [
                    358.7195873260498,
                    223.87621402740479
                ],
                [
                    428.4912109375,
                    125.93820095062256
                ],
                [
                    363.70301246643066,
                    81.89973831176758
                ],
                [
                    298.01998138427734,
                    128.18677425384521
                ],
                [
                    356.325888633728,
                    178.28290462493896
                ],
                [
                    361.1865997314453,
                    153.59148979187012
                ]
            ],
            "provenance": "nvisii",
            "quaternion_xyzw": [
                -0.43261879682540894,
                0.5965020060539246,
                -0.00892561674118042,
                0.6759784817695618
            ],
            "quaternion_xyzw_world": [
                0.4243936538696289,
                0.18103395402431488,
                -0.2605104148387909,
                0.8480868339538574
            ],
            "segmentation_id": 2,
            "visibility": 1
        },
        {
            "bounding_box_minx_maxx_miny_maxy": [
                0,
                76,
                144,
                269
            ],
            "class": "Cube",
            "local_cuboid": null,