{
    "camera_data": {
        "camera_look_at": {
            "at": [
                1.0,
                0.0,
                0.0
            ],
            "eye": [
                0.0,
                0.0,
                0.0
            ],
            "up": [
                0.0,
                0.0,
                1.0
            ]
        },
        "camera_view_matrix": [
            [
                0.0,
                0.0,
                -1.0,
                0.0
            ],
            [
                -1.0,
                0.0,
                0.0,
                0.0
            ],
            [
                0.0,
                1.0,
                0.0,
                0.0
            ],
            [
                0.0,
                0.0,
                0.0,
                1.0
            ]
        ],
        "height": 400,
        "intrinsics": {
            "cx": 200.0,
            "cy": 200.0,
            "fx": 482.84283447265625,
            "fy": 482.84283447265625
        },
        "location_world": [
            0.0,
            0.0,
            0.0
        ],
        "quaternion_world_xyzw": [
            0.5,
            -0.5,
            -0.5,
            0.5
        ],
        "width": 400
    },
    "objects": [
        {
            "bounding_box_minx_maxx_miny_maxy": [
                191,
                237,
                151,
                251
            ],
            "class": "Cube",
            "local_cuboid": null,
            "local_to_world_matrix": [
                [
                    -0.0004527360142674297,
                    -0.004875272512435913,
                    0.0010132835013791919,
                    0.0
                ],
                [
                    0.0038726511411368847,
                    0.00029484540573321283,
                    0.003148910589516163,
                    0.0
                ],
                [
                    -0.0031301123090088367,
                    0.0010699437698349357,
                    0.003749348921701312,
                    0.0
                ],
                [
                    1.7115367650985718,
                    0.006539872847497463,
                    -0.0869421437382698,
                    1.0
                ]
            ],
            "location": [
                -0.006539872847497463,
                -0.0869421437382698,
                -1.7115367650985718
            ],
            "location_world": [
                1.7115367650985718,
                0.006539872847497463,
                -0.0869421437382698
            ],
            "name": "distract_Cube_0",
            "projected_cuboid": [
                [
                    226.37336254119873,
                    190.43713808059692
                ],
                [
                    219.64008808135986,
                    149.58572387695312
                ],
                [
                    231.17952346801758,
                    199.48543310165405
                ],
                [
                    238.57662677764893,
                    242.1747922897339
                ],
                [
                    154.44319248199463,
                    205.4434061050415
                ],
                [
                    155.36967515945435,
                    163.5143518447876
                ],
                [
                    171.82073593139648,
                    211.75494194030762
                ],
                [
                    172.74338006973267,
                    255.22687435150146
                ],
                [
                    196.28567695617676,
                    202.1946668624878
                ]
            ],
            "provenance": "nvisii",
            "quaternion_xyzw": [
                -0.42404305934906006,
                -0.0847129225730896,
                0.07277654856443405,
                0.8987295627593994
            ],
            "quaternion_xyzw_world": [
                0.15859852731227875,
                -0.3160879909992218,
                -0.6673544645309448,
                0.6554180979728699
            ],
            "segmentation_id": 1,
            "visibility": 1
        },
        {
            "bounding_box_minx_maxx_miny_maxy": [
                65,
                170,
                342,
                400
            ],
            "class": "Cube",
            "local_cuboid": null,
            "local_to_world_matrix": [
                [
                    0.0017558076651766896,
                    -0.0009687920683063567,
                    0.004580238368362188,
                    0.0
                ],
                [
                    0.003406906733289361,
                    0.0036195190623402596,
                    -0.0005404332187026739,
                    0.0
                ],
                [
                    -0.003210938535630703,
                    0.0033106680493801832,
                    0.0019311528885737062,
                    0.0
                ],
                [
                    1.7043352127075195,
                    0.21482300758361816,
                    -0.6720982193946838,
                    1.0
                ]
            ],
            "location": [
                -0.21482300758361816,
                -0.6720982193946838,
                -1.7043352127075195
            ],
            "location_world": [
                1.7043352127075195,
                0.21482300758361816,
                -0.6720982193946838
            ],
            "name": "distract_Cube_1",
            "projected_cuboid": [
                [
                    120.86446285247803,
                    347.43685722351074
                ],
                [
                    80.66294193267822,
                    340.8721446990967
                ],
                [
                    130.23433685302734,
                    352.8818130493164
                ],
                [
                    171.52421474456787,
                    359.98899936676025
                ],
                [
                    101.66645050048828,
                    425.60601234436035
                ],
                [
                    61.316978931427,
                    411.10525131225586
                ],
                [
                    114.79082107543945,
                    417.7664279937744
                ],
                [
                    156.6517949104309,
                    431.58159255981445
                ],
                [
                    117.62136220932007,
                    384.99016761779785
                ]
            ],
            "provenance": "nvisii",
            "quaternion_xyzw": [
                -0.4060964584350586,
                -0.11828703433275223,
                0.6238020062446594,
                0.6572403311729431
            ],
            "quaternion_xyzw_world": [
                -0.24547259509563446,
                -0.4966164827346802,
                -0.27891090512275696,
                0.7844259142875671
            ],
            "segmentation_id": 2,
            "visibility": 1
        },
        {
            "bounding_box_minx_maxx_miny_maxy": [
                0,
                38,
                1,
                98
            ],
            "class": "Green",
            "local_cuboid": null,