{
    "camera_data": {
        "camera_look_at": {
            "at": [
                1.0,
                0.0,
                0.0
            ],
            "eye": [
                0.0,
                0.0,
                0.0
            ],
            "up": [
                0.0,
                0.0,
                1.0
            ]
        },
        "camera_view_matrix": [
            [
                0.0,
                0.0,
                -1.0,
                0.0
            ],
            [
                -1.0,
                0.0,
                0.0,
                0.0
            ],
            [
                0.0,
                1.0,
                0.0,
                0.0
            ],
            [
                0.0,
                0.0,
                0.0,
                1.0
            ]
        ],
        "height": 500,
        "intrinsics": {
            "cx": 250.0,
            "cy": 250.0,
            "fx": 603.5535278320312,
            "fy": 603.5535278320312
        },
        "location_world": [
            0.0,
            0.0,
            0.0
        ],
        "quaternion_world_xyzw": [
            0.5,
            -0.5,
            -0.5,
            0.5
        ],
        "width": 500
    },
    "objects": [
        {
            "bounding_box_minx_maxx_miny_maxy": [
                219,
                499,
                228,
                500
            ],
            "class": "Cube",
            "local_cuboid": null,
            "local_to_world_matrix": [
                [
                    0.003940744325518608,
                    0.007971949875354767,
                    -0.0045736790634691715,
                    0.0
                ],
                [
                    0.0033051329664885998,
                    0.0034142499789595604,
                    0.008798805065453053,
                    0.0
                ],
                [
                    0.008575933054089546,
                    -0.004979046061635017,
                    -0.00128936767578125,
                    0.0
                ],
                [
                    1.186761736869812,
                    -0.4316001832485199,
                    -0.5461422204971313,
                    1.0
                ]
            ],
            "location": [
                0.4316001832485199,
                -0.5461422204971313,
                -1.186761736869812
            ],
            "location_world": [
                1.186761736869812,
                -0.4316001832485199,
                -0.5461422204971313
            ],
            "name": "hope_Cube_0",
            "projected_cuboid": [
                [
                    393.5869634151459,
                    528.788149356842
                ],
                [
                    317.4501955509186,
                    341.63421392440796
                ],
                [
                    219.29484605789185,
                    341.94356203079224
                ],
                [
                    310.77075004577637,
                    604.0842533111572
                ],
                [
                    599.9882817268372,
                    465.00128507614136
                ],
                [
                    490.39483070373535,
                    259.90673899650574
                ],
                [
                    444.9945390224457,
                    226.5489250421524
                ],
                [
                    599.7797250747681,
                    525.975227355957
                ],
                [
                    414.62764143943787,
                    405.08416295051575
                ]
            ],
            "provenance": "nvisii",
            "quaternion_xyzw": [
                -0.21243685483932495,
                0.9400357007980347,
                -0.12218952178955078,
                0.2372194230556488
            ],
            "quaternion_xyzw_world": [
                0.5435039401054382,
                0.518721342086792,
                0.18409496545791626,
                0.6337512731552124
            ],
            "segmentation_id": 1,
            "visibility": 1
        }
    ]
}