{
    "camera_data": {
        "camera_look_at": {
            "at": [
                1.0,
                0.0,
                0.0
            ],
            "eye": [
                0.0,
                0.0,
                0.0
            ],
            "up": [
                0.0,
                0.0,
                1.0
            ]
        },
        "camera_view_matrix": [
            [
                0.0,
                0.0,
                -1.0,
                0.0
            ],
            [
                -1.0,
                0.0,
                0.0,
                0.0
            ],
            [
                0.0,
                1.0,
                0.0,
                0.0
            ],
            [
                0.0,
                0.0,
                0.0,
                1.0
            ]
        ],
        "height": 500,
        "intrinsics": {
            "cx": 250.0,
            "cy": 250.0,
            "fx": 603.5535278320312,
            "fy": 603.5535278320312
        },
        "location_world": [
            0.0,
            0.0,
            0.0
        ],
        "quaternion_world_xyzw": [
            0.5,
            -0.5,
            -0.5,
            0.5
        ],
        "width": 500
    },
    "objects": [
        {
            "bounding_box_minx_maxx_miny_maxy": [
                153,
                290,
                415,
                500
            ],
            "class": "Cube",
            "local_cuboid": null,
            "local_to_world_matrix": [
                [
                    -0.006850437261164188,
                    0.0005262031336314976,
                    0.0013396498980000615,
                    0.0
                ],
                [
                    0.0013412211555987597,
                    -2.9973150958539918e-05,
                    0.006870243698358536,
                    0.0
                ],
                [
                    0.0005221849423833191,
                    0.006980131380259991,
                    -7.149195880629122e-05,
                    0.0
                ],
                [
                    1.6746598482131958,
                    0.06140156462788582,
                    -0.8313988447189331,
                    1.0
                ]
            ],
            "location": [
                -0.06140156462788582,
                -0.8313988447189331,
                -1.6746598482131958
            ],
            "location_world": [
                1.6746598482131958,
                0.06140156462788582,
                -0.8313988447189331
            ],
            "name": "hope_Cube_0",
            "projected_cuboid": [
                [
                    150.8733332157135,
                    568.2811737060547
                ],
                [
                    155.6425243616104,
                    423.8731563091278
                ],
                [
                    289.313942193985,
                    425.40276050567627
                ],
                [
                    290.475994348526,
                    572.4095106124878
                ],
                [
                    177.67983675003052,
                    531.3841104507446
                ],
                [
                    180.66753447055817,
                    413.94197940826416
                ],
                [
                    290.58435559272766,
                    415.05932807922363
                ],
                [
                    291.57572984695435,
                    534.2153310775757
                ],
                [
                    228.56980562210083,
                    483.0710291862488
                ]
            ],
            "provenance": "nvisii",
            "quaternion_xyzw": [
                0.06701269745826721,
                0.7299371957778931,
                -0.06912099570035934,
                -0.6767004132270813
            ],
            "quaternion_xyzw_world": [
                0.09468524158000946,
                0.7043729424476624,
                0.702264666557312,
                -0.04144845902919769
            ],
            "segmentation_id": 1,
            "visibility": 1
        }
    ]
}