{
    "camera_data": {
        "camera_look_at": {
            "at": [
                1.0,
                0.0,
                0.0
            ],
            "eye": [
                0.0,
                0.0,
                0.0
            ],
            "up": [
                0.0,
                0.0,
                1.0
            ]
        },
        "camera_view_matrix": [
            [
                0.0,
                0.0,
                -1.0,
                0.0
            ],
            [
                -1.0,
                0.0,
                0.0,
                0.0
            ],
            [
                0.0,
                1.0,
                0.0,
                0.0
            ],
            [
                0.0,
                0.0,
                0.0,
                1.0
            ]
        ],
        "height": 500,
        "intrinsics": {
            "cx": 250.0,
            "cy": 250.0,
            "fx": 603.5535278320312,
            "fy": 603.5535278320312
        },
        "location_world": [
            0.0,
            0.0,
            0.0
        ],
        "quaternion_world_xyzw": [
            0.5,
            -0.5,
            -0.5,
            0.5
        ],
        "width": 500
    },
    "objects": [
        {
            "bounding_box_minx_maxx_miny_maxy": [
                224,
                394,
                397,
                500
            ],
            "class": "Cube",
            "local_cuboid": null,
            "local_to_world_matrix": [
                [
                    0.0009717153734527528,
                    -0.0013440530747175217,
                    0.006800683215260506,
                    0.0
                ],
                [
                    -0.0061679319478571415,
                    0.0029669124633073807,
                    0.001467670314013958,
                    0.0
                ],
                [
                    -0.003164237132295966,
                    -0.006196042988449335,
                    -0.0007724325987510383,
                    0.0
                ],
                [
                    1.895297646522522,
                    -0.2532094120979309,
                    -0.6711981296539307,
                    1.0
                ]
            ],
            "location": [
                0.2532094120979309,
                -0.6711981296539307,
                -1.895297646522522
            ],
            "location_world": [
                1.895297646522522,
                -0.2532094120979309,
                -0.6711981296539307
            ],
            "name": "hope_Cube_0",
            "projected_cuboid": [
                [
                    394.8513865470886,
                    420.6858277320862
                ],
                [
                    365.56917428970337,
                    426.1346757411957
                ],
                [
                    244.1311925649643,
                    395.85787057876587
                ],
                [
                    289.8332178592682,
                    395.51204442977905
                ],
                [
                    376.1434555053711,
                    539.84534740448
                ],
                [
                    342.0131802558899,
                    570.2439546585083
                ],
                [
                    219.25140917301178,
                    525.1833200454712
                ],
                [
                    270.02662420272827,
                    504.37700748443604
                ],
                [
                    312.06318736076355,
                    469.95216608047485
                ]
            ],
            "provenance": "nvisii",
            "quaternion_xyzw": [
                0.3641107380390167,
                0.3760404884815216,
                0.5124351382255554,
                0.6807548403739929
            ],
            "quaternion_xyzw_world": [
                0.4542354643344879,
                -0.5906301140785217,
                0.2859157621860504,
                0.6025598645210266
            ],
            "segmentation_id": 1,
            "visibility": 1
        }
    ]
}