{
    "camera_data": {
        "camera_look_at": {
            "at": [
                1.0,
                0.0,
                0.0
            ],
            "eye": [
                0.0,
                0.0,
                0.0
            ],
            "up": [
                0.0,
                0.0,
                1.0
            ]
        },
        "camera_view_matrix": [
            [
                0.0,
                0.0,
                -1.0,
                0.0
            ],
            [
                -1.0,
                0.0,
                0.0,
                0.0
            ],
            [
                0.0,
                1.0,
                0.0,
                0.0
            ],
            [
                0.0,
                0.0,
                0.0,
                1.0
            ]
        ],
        "height": 500,
        "intrinsics": {
            "cx": 250.0,
            "cy": 250.0,
            "fx": 603.5535278320312,
            "fy": 603.5535278320312
        },
        "location_world": [
            0.0,
            0.0,
            0.0
        ],
        "quaternion_world_xyzw": [
            0.5,
            -0.5,
            -0.5,
            0.5
        ],
        "width": 500
    },
    "objects": [
        {
            "bounding_box_minx_maxx_miny_maxy": [
                272,
                499,
                233,
                500
            ],
            "class": "Cube",
            "local_cuboid": null,
            "local_to_world_matrix": [
                [
                    0.00028145790565758944,
                    0.00988380704075098,
                    -0.0014937004307284951,
                    0.0
                ],
                [
                    0.005420866422355175,
                    0.0011045592837035656,
                    0.008330315351486206,
                    0.0
                ],
                [
                    0.008398511447012424,
                    -0.0010441786143928766,
                    -0.005326790735125542,
                    0.0
                ],
                [
                    1.1287612915039062,
                    -0.37267109751701355,
                    -0.5450997948646545,
                    1.0
                ]
            ],
            "location": [
                0.37267109751701355,
                -0.5450997948646545,
                -1.1287612915039062
            ],
            "location_world": [
                1.1287612915039062,
                -0.37267109751701355,
                -0.5450997948646545
            ],
            "name": "hope_Cube_0",
            "projected_cuboid": [
                [
                    318.02642345428467,
                    570.9413290023804
                ],
                [
                    286.00573539733887,
                    361.65279150009155
                ],
                [
                    272.3108232021332,
                    266.51838421821594
                ],
                [
                    314.84565138816833,
                    542.8816080093384
                ],
                [
                    542.7244901657104,
                    540.4838919639587
                ],
                [
                    472.42316603660583,
                    334.50841903686523
                ],
                [
                    524.7482061386108,
                    228.60515117645264
                ],
                [
                    642.9827213287354,
                    497.96342849731445
                ],
                [
                    414.7261381149292,
                    410.8043313026428
                ]
            ],
            "provenance": "nvisii",
            "quaternion_xyzw": [
                -0.06789489090442657,
                0.9567214250564575,
                -0.28084608912467957,
                0.03464008867740631
            ],
            "quaternion_xyzw_world": [
                0.6021563410758972,
                0.6354111433029175,
                0.28667017817497253,
                0.3892051577568054
            ],
            "segmentation_id": 1,
            "visibility": 1
        }
    ]
}