{
    "camera_data": {
        "camera_look_at": {
            "at": [
                1.0,
                0.0,
                0.0
            ],
            "eye": [
                0.0,
                0.0,
                0.0
            ],
            "up": [
                0.0,
                0.0,
                1.0
            ]
        },
        "camera_view_matrix": [
            [
                0.0,
                0.0,
                -1.0,
                0.0
            ],
            [
                -1.0,
                0.0,
                0.0,
                0.0
            ],
            [
                0.0,
                1.0,
                0.0,
                0.0
            ],
            [
                0.0,
                0.0,
                0.0,
                1.0
            ]
        ],
        "height": 500,
        "intrinsics": {
            "cx": 250.0,
            "cy": 250.0,
            "fx": 603.5535278320312,
            "fy": 603.5535278320312
        },
        "location_world": [
            0.0,
            0.0,
            0.0
        ],
        "quaternion_world_xyzw": [
            0.5,
            -0.5,
            -0.5,
            0.5
        ],
        "width": 500
    },
    "objects": [
        {
            "bounding_box_minx_maxx_miny_maxy": [
                317,
                499,
                315,
                500
            ],
            "class": "Cube",
            "local_cuboid": null,
            "local_to_world_matrix": [
                [
                    0.003044665092602372,
                    0.002534002996981144,
                    -0.005771381314843893,
                    0.0
                ],
                [
                    0.004495758563280106,
                    -0.005365435034036636,
                    1.5949339285725728e-05,
                    0.0
                ],
                [
                    -0.0044179377146065235,
                    -0.003713614074513316,
                    -0.003961173817515373,
                    0.0
                ],
                [
                    0.43084049224853516,
                    -0.16785146296024323,
                    -0.29981759190559387,
                    1.0
                ]
            ],
            "location": [
                0.16785146296024323,
                -0.29981759190559387,
                -0.43084049224853516
            ],
            "location_world": [
                0.43084049224853516,
                -0.16785146296024323,
                -0.29981759190559387
            ],
            "name": "hope_Cube_0",
            "projected_cuboid": [
                [
                    550.3876209259033,
                    1076.7383575439453
                ],
                [
                    702.3165225982666,
                    776.8458724021912
                ],
                [
                    450.6123960018158,
                    496.7230260372162
                ],
                [
                    261.39938831329346,
                    587.33069896698
                ],
                [
                    1050.6398677825928,
                    878.9705634117126
                ],
                [
                    1012.1424198150635,
                    576.5246152877808
                ],
                [
                    605.7085990905762,
                    298.72986674308777
                ],
                [
                    429.5213222503662,
                    323.3126401901245
                ],
                [
                    585.5190753936768,
                    582.6653242111206
                ]
            ],
            "provenance": "nvisii",
            "quaternion_xyzw": [
                -0.033864542841911316,
                0.428119421005249,
                -0.7054884433746338,
                0.5637845396995544
            ],
            "quaternion_xyzw_world": [
                0.8317639231681824,
                0.30184394121170044,
                -0.43750903010368347,
                0.1601400226354599
            ],
            "segmentation_id": 1,
            "visibility": 1
        }
    ]
}