{
    "camera_data": {
        "camera_look_at": {
            "at": [
                1.0,
                0.0,
                0.0
            ],
            "eye": [
                0.0,
                0.0,
                0.0
            ],
            "up": [
                0.0,
                0.0,
                1.0
            ]
        },
        "camera_view_matrix": [
            [
                0.0,
                0.0,
                -1.0,
                0.0
            ],
            [
                -1.0,
                0.0,
                0.0,
                0.0
            ],
            [
                0.0,
                1.0,
                0.0,
                0.0
            ],
            [
                0.0,
                0.0,
                0.0,
                1.0
            ]
        ],
        "height": 500,
        "intrinsics": {
            "cx": 250.0,
            "cy": 250.0,
            "fx": 603.5535278320312,
            "fy": 603.5535278320312
        },
        "location_world": [
            0.0,
            0.0,
            0.0
        ],
        "quaternion_world_xyzw": [
            0.5,
            -0.5,
            -0.5,
            0.5
        ],
        "width": 500
    },
    "objects": [
        {
            "bounding_box_minx_maxx_miny_maxy": [
                309,
                499,
                355,
                500
            ],
            "class": "Cube",
            "local_cuboid": null,
            "local_to_world_matrix": [
                [
                    0.009050221182405949,
                    -0.004014373291283846,
                    -0.0014065197901800275,
                    0.0
                ],
                [
                    -0.003874344052746892,
                    -0.009144437499344349,
                    0.0011699185706675053,
                    0.0
                ],
                [
                    -0.001755832228809595,
                    -0.0005138679407536983,
                    -0.009831225499510765,
                    0.0
                ],
                [
                    1.7126904726028442,
                    -0.26185810565948486,
                    -0.5753120183944702,
                    1.0
                ]
            ],
            "location": [
                0.26185810565948486,
                -0.5753120183944702,
                -1.7126904726028442
            ],
            "location_world": [
                1.7126904726028442,
                -0.26185810565948486,
                -0.5753120183944702
            ],
            "name": "hope_Cube_50mm_0",
            "projected_cuboid": [
                [
                    369.45396661758423,
                    522.7084159851074
                ],
                [
                    545.2562570571899,
                    533.0079197883606
                ],
                [
                    522.1006274223328,
                    353.2947301864624
                ],
                [
                    356.3443124294281,
                    361.0086441040039
                ],
                [
                    322.94556498527527,
                    578.830361366272
                ],
                [
                    555.2355051040649,
                    601.5675067901611
                ],
                [
                    523.5849618911743,
                    356.5092086791992
                ],
                [
                    308.62748622894287,
                    366.09718203544617
                ],
                [
                    433.20244550704956,
                    453.9685845375061
                ]
            ],
            "provenance": "nvisii",
            "quaternion_xyzw": [
                0.526512622833252,
                0.3674136698246002,
                -0.4053252041339874,
                0.6507711410522461
            ],
            "quaternion_xyzw_world": [
                0.9750113487243652,
                -0.2022724598646164,
                -0.08108501136302948,
                0.04317351058125496
            ],
            "segmentation_id": 1,
            "visibility": 1
        },
        {
            "bounding_box_minx_maxx_miny_maxy": [
                196,
                499,
                1,
                378
            ],
            "class": "Cube",
            "local_cuboid": null,
            "local_to_world_matrix": [
                [
                    0.003375599393621087,
                    0.0068685561418533325,
                    -0.006436478812247515,
                    0.0
                ],
                [
                    -0.001629304839298129,
                    0.007160964421927929,
                    0.006787190213799477,
                    0.0
                ],
                [
                    0.009270959533751011,
                    -0.001242384547367692,
                    0.0035363519564270973,
                    0.0
                ],
                [
                    1.1441035270690918,
                    -0.47834473848342896,
                    0.03712822124361992,
                    1.0
                ]
            ],
            "location": [
                0.47834473848342896,
                0.03712822124361992,
                -1.1441035270690918
            ],
            "location_world": [
                1.1441035270690918,
                -0.47834473848342896,
                0.03712822124361992
            ],
            "name": "hope_Cube_50mm_1",
            "projected_cuboid": [
                [
                    389.57327604293823,
                    264.6211087703705
                ],
                [
                    241.0886436700821,
                    116.93456768989563
                ],
                [
                    195.61153650283813,
                    166.14127159118652
                ],
                [
                    416.8694019317627,
                    378.4911036491394
                ],
                [
                    568.3083534240723,
                    116.13321304321289
                ],
                [
                    411.1458659172058,
                    -62.15035915374756
                ],
                [
                    460.9888792037964,
                    -113.02661895751953
                ],
                [
                    701.2395262718201,
                    170.08063197135925
                ],
                [
                    413.73100876808167,
                    136.874258518219
                ]
            ],
            "provenance": "nvisii",
            "quaternion_xyzw": [
                -0.37467366456985474,
                0.9072859287261963,
                0.14233818650245667,
                0.1272471696138382
            ],
            "quaternion_xyzw_world": [
                0.25876063108444214,
                0.5061870813369751,
                0.273851603269577,
                0.7757724523544312
            ],
            "segmentation_id": 2,
            "visibility": 1
        }
    ]
}