{
    "camera_data": {
        "camera_look_at": {
            "at": [
                1.0,
                0.0,
                0.0
            ],
            "eye": [
                0.0,
                0.0,
                0.0
            ],
            "up": [
                0.0,
                0.0,
                1.0
            ]
        },
        "camera_view_matrix": [
            [
                0.0,
                0.0,
                -1.0,
                0.0
            ],
            [
                -1.0,
                0.0,
                0.0,
                0.0
            ],
            [
                0.0,
                1.0,
                0.0,
                0.0
            ],
            [
                0.0,
                0.0,
                0.0,
                1.0
            ]
        ],
        "height": 500,
        "intrinsics": {
            "cx": 250.0,
            "cy": 250.0,
            "fx": 603.5535278320312,
            "fy": 603.5535278320312
        },
        "location_world": [
            0.0,
            0.0,
            0.0
        ],
        "quaternion_world_xyzw": [
            0.5,
            -0.5,
            -0.5,
            0.5
        ],
        "width": 500
    },
    "objects": [
        {
            "bounding_box_minx_maxx_miny_maxy": [
                -1,
                -1,
                -1,
                -1
            ],
            "class": "Cube",
            "local_cuboid": null,
            "local_to_world_matrix": [
                [
                    0.00014898217341396958,
                    -0.00048090139171108603,
                    -0.000864024565089494,
                    0.0
                ],
                [
                    -0.0009335866197943687,
                    0.0002195846609538421,
                    -0.0002831937454175204,
                    0.0
                ],
                [
                    0.0003259147924836725,
                    0.0008488325402140617,
                    -0.0004162488039582968,
                    0.0
                ],
                [
                    1.5189014673233032,
                    -0.6654977798461914,
                    0.5846074819564819,
                    1.0
                ]
            ],
            "location": [
                0.6654977798461914,
                0.5846074819564819,
                -1.5189014673233032
            ],
            "location_world": [
                1.5189014673233032,
                -0.6654977798461914,
                0.5846074819564819
            ],
            "name": "hope_Cube_0",
            "projected_cuboid": [
                [
                    508.7658166885376,
                    32.12061524391174
                ],
                [
                    512.4397277832031,
                    31.026124954223633
                ],
                [
                    532.8052043914795,
                    20.037010312080383
                ],
                [
                    528.4640789031982,
                    21.481990814208984
                ],
                [
                    500.5043148994446,
                    13.938501477241516
                ],
                [
                    503.9355754852295,
                    12.263745069503784
                ],
                [
                    524.3101119995117,
                    1.009225845336914
                ],
                [
                    520.2105641365051,
                    3.050699830055237
                ],
                [
                    516.3549184799194,
                    16.931161284446716
                ]
            ],
            "provenance": "nvisii",
            "quaternion_xyzw": [
                -0.7228432893753052,
                0.37477314472198486,
                0.34510061144828796,
                -0.4668492376804352
            ],
            "quaternion_xyzw_world": [
                -0.5800099968910217,
                0.609682559967041,
                0.23193983733654022,
                0.4879339337348938
            ],
            "segmentation_id": 1,
            "visibility": 0
        }
    ]
}