{
    "camera_data": {
        "camera_look_at": {
            "at": [
                1.0,
                0.0,
                0.0
            ],
            "eye": [
                0.0,
                0.0,
                0.0
            ],
            "up": [
                0.0,
                0.0,
                1.0
            ]
        },
        "camera_view_matrix": [
            [
                0.0,
                0.0,
                -1.0,
                0.0
            ],
            [
                -1.0,
                0.0,
                0.0,
                0.0
            ],
            [
                0.0,
                1.0,
                0.0,
                0.0
            ],
            [
                0.0,
                0.0,
                0.0,
                1.0
            ]
        ],
        "height": 500,
        "intrinsics": {
            "cx": 250.0,
            "cy": 250.0,
            "fx": 603.5535278320312,
            "fy": 603.5535278320312
        },
        "location_world": [
            0.0,
            0.0,
            0.0
        ],
        "quaternion_world_xyzw": [
            0.5,
            -0.5,
            -0.5,
            0.5
        ],
        "width": 500
    },
    "objects": [
        {
            "bounding_box_minx_maxx_miny_maxy": [
                288,
                499,
                1,
                208
            ],
            "class": "Cube",
            "local_cuboid": null,
            "local_to_world_matrix": [
                [
                    -0.009986232034862041,
                    -0.00048125500325113535,
                    0.00020868776482529938,
                    0.0
                ],
                [
                    -0.0005243041086941957,
                    0.00928037241101265,
                    -0.003687790362164378,
                    0.0
                ],
                [
                    -1.6193258488783613e-05,
                    -0.003693654667586088,
                    -0.009292827919125557,
                    0.0
                ],
                [
                    1.7503799200057983,
                    -0.6924533247947693,
                    0.5594507455825806,
                    1.0
                ]
            ],
            "location": [
                0.6924533247947693,
                0.5594507455825806,
                -1.7503799200057983
            ],
            "location_world": [
                1.7503799200057983,
                -0.6924533247947693,
                0.5594507455825806
            ],
            "name": "hope_Cube_0",
            "projected_cuboid": [
                [
                    570.5499649047852,
                    116.30220711231232
                ],
                [
                    386.263906955719,
                    189.42055106163025
                ],
                [
                    310.61455607414246,
                    -0.6834268569946289
                ],
                [
                    496.1223006248474,
                    -70.44243812561035
                ],
                [
                    483.2451045513153,
                    152.83623337745667
                ],
                [
                    344.4271683692932,
                    207.93958008289337
                ],
                [
                    287.9278361797333,
                    65.90820848941803
                ],
                [
                    427.4299740791321,
                    12.688428163528442
                ],
                [
                    409.9649488925934,
                    87.66849339008331
                ]
            ],
            "provenance": "nvisii",
            "quaternion_xyzw": [
                -0.5948287844657898,
                0.38127291202545166,
                -0.574950635433197,
                -0.4126032292842865
            ],
            "quaternion_xyzw_world": [
                -0.025604262948036194,
                0.9818277955055237,
                -0.18795162439346313,
                -0.005726081319153309
            ],
            "segmentation_id": 1,
            "visibility": 1
        }
    ]
}