{
    "camera_data": {
        "camera_look_at": {
            "at": [
                1.0,
                0.0,
                0.0
            ],
            "eye": [
                0.0,
                0.0,
                0.0
            ],
            "up": [
                0.0,
                0.0,
                1.0
            ]
        },
        "camera_view_matrix": [
            [
                0.0,
                0.0,
                -1.0,
                0.0
            ],
            [
                -1.0,
                0.0,
                0.0,
                0.0
            ],
            [
                0.0,
                1.0,
                0.0,
                0.0
            ],
            [
                0.0,
                0.0,
                0.0,
                1.0
            ]
        ],
        "height": 500,
        "intrinsics": {
            "cx": 250.0,
            "cy": 250.0,
            "fx": 603.5535278320312,
            "fy": 603.5535278320312
        },
        "location_world": [
            0.0,
            0.0,
            0.0
        ],
        "quaternion_world_xyzw": [
            0.5,
            -0.5,
            -0.5,
            0.5
        ],
        "width": 500
    },
    "objects": [
        {
            "bounding_box_minx_maxx_miny_maxy": [
                -1,
                -1,
                -1,
                -1
            ],
            "class": "Cube",
            "local_cuboid": null,
            "local_to_world_matrix": [
                [
                    -0.0004682923899963498,
                    0.00046989641850814223,
                    0.000748264545109123,
                    0.0
                ],
                [
                    0.0004969164147041738,
                    0.0008403048850595951,
                    -0.00021670697606168687,
                    0.0
                ],
                [
                    -0.0007306000916287303,
                    0.00027034265804104507,
                    -0.0006270076264627278,
                    0.0
                ],
                [
                    0.5544773936271667,
                    0.38943761587142944,
                    0.42985430359840393,
                    1.0
                ]
            ],
            "location": [
                -0.38943761587142944,
                0.42985430359840393,
                -0.5544773936271667
            ],
            "location_world": [
                0.5544773936271667,
                0.38943761587142944,
                0.42985430359840393
            ],
            "name": "hope_Cube_50mm_0",
            "projected_cuboid": [
                [
                    -219.42496299743652,
                    -248.12617897987366
                ],
                [
                    -244.3547248840332,
                    -213.69269490242004
                ],
                [
                    -199.6065378189087,
                    -217.07716584205627
                ],
                [
                    -174.31825399398804,
                    -249.41855669021606
                ],
                [
                    -173.48432540893555,
                    -185.62740087509155
                ],
                [
                    -199.38784837722778,
                    -155.3126871585846
                ],
                [
                    -159.05526280403137,
                    -162.06732392311096
                ],
                [
                    -133.05619359016418,
                    -190.77441096305847
                ],
                [
                    -186.98272109031677,
                    -201.87881588935852
                ]
            ],
            "provenance": "nvisii",
            "quaternion_xyzw": [
                -0.06366023421287537,
                0.3614517152309418,
                -0.7773679494857788,
                -0.5108808279037476
            ],
            "quaternion_xyzw_world": [
                0.28213930130004883,
                0.8566803336143494,
                0.015652185305953026,
                -0.4315683841705322
            ],
            "segmentation_id": 1,
            "visibility": 0
        }
    ]
}