{
    "camera_data": {
        "camera_look_at": {
            "at": [
                1.0,
                0.0,
                0.0
            ],
            "eye": [
                0.0,
                0.0,
                0.0
            ],
            "up": [
                0.0,
                0.0,
                1.0
            ]
        },
        "camera_view_matrix": [
            [
                0.0,
                0.0,
                -1.0,
                0.0
            ],
            [
                -1.0,
                0.0,
                0.0,
                0.0
            ],
            [
                0.0,
                1.0,
                0.0,
                0.0
            ],
            [
                0.0,
                0.0,
                0.0,
                1.0
            ]
        ],
        "height": 400,
        "intrinsics": {
            "cx": 200.0,
            "cy": 200.0,
            "fx": 482.84283447265625,
            "fy": 482.84283447265625
        },
        "location_world": [
            0.0,
            0.0,
            0.0
        ],
        "quaternion_world_xyzw": [
            0.5,
            -0.5,
            -0.5,
            0.5
        ],
        "width": 400
    },
    "objects": [
        {
            "bounding_box_minx_maxx_miny_maxy": [
                0,
                75,
                66,
                179
            ],
            "class": "Colored",
            "local_cuboid": null,
            "local_to_world_matrix": [
                [
                    0.006192999426275492,
                    -0.0001480654755141586,
                    0.013661069795489311,
                    0.0
                ],
                [
                    -3.929821468773298e-05,
                    -0.014999249018728733,
                    -0.00014475420175585896,
                    0.0
                ],
                [
                    0.013661814853549004,
                    2.3973807401489466e-05,
                    -0.006193077657371759,
                    0.0
                ],
                [
                    1.7859529256820679,
                    0.6589201092720032,
                    0.2798781991004944,
                    1.0
                ]
            ],
            "location": [
                -0.6589201092720032,
                0.2798781991004944,
                -1.7859529256820679
            ],
            "location_world": [
                1.7859529256820679,
                0.6589201092720032,
                0.2798781991004944
            ],
            "name": "hope_Colored_cube_0",
            "projected_cuboid": [
                [
                    3.5268187522888184,
                    113.39855194091797
                ],
                [
                    76.45186185836792,
                    114.06877040863037
                ],
                [
                    56.855809688568115,
                    65.38878679275513
                ],
                [
                    -27.701449394226074,
                    64.63391780853271
                ],
                [
                    -10.317611694335938,
                    178.52176427841187
                ],
                [
                    67.45706796646118,
                    179.26408052444458
                ],
                [
                    44.78299617767334,
                    138.00952434539795
                ],
                [
                    -46.364378929138184,
                    137.15986013412476
                ],
                [
                    21.857094764709473,
                    124.3333101272583
                ]
            ],
            "provenance": "nvisii",
            "quaternion_xyzw": [
                0.6946778297424316,
                0.6876165866851807,
                -0.14915722608566284,
                0.14952677488327026
            ],
            "quaternion_xyzw_world": [
                0.8404892086982727,
                -0.00371536985039711,
                0.5418052077293396,
                -0.0033458294346928596
            ],
            "segmentation_id": 1,
            "visibility": 1
        },
        {
            "bounding_box_minx_maxx_miny_maxy": [
                0,
                76,
                1,
                70
            ],
            "class": "Colored",
            "local_cuboid": null,
            "local_to_world_matrix": [
                [
                    -0.01482325978577137,
                    0.0022810872178524733,
                    0.0002600314619485289,
                    0.0
                ],
                [
                    -0.002278196392580867,
                    -0.014824901707470417,
                    0.00017920538084581494,
                    0.0
                ],
                [
                    0.0002842482936102897,
                    0.00013760034926235676,
                    0.014996674843132496,
                    0.0
                ],
                [
                    1.7326946258544922,
                    0.6448870301246643,
                    0.6558014750480652,
                    1.0
                ]
            ],
            "location": [
                -0.6448870301246643,
                0.6558014750480652,
                -1.7326946258544922
            ],
            "location_world": [
                1.7326946258544922,
                0.6448870301246643,
                0.6558014750480652
            ],
            "name": "hope_Colored_cube_1",
            "projected_cuboid": [
                [
                    -45.10395526885986,
                    -41.88117980957031
                ],
                [
                    39.263057708740234,
                    -50.03170967102051
                ],
                [
                    39.529240131378174,
                    41.95946455001831
                ],
                [
                    -45.14422416687012,
                    47.52633571624756
                ],
                [
                    4.56315279006958,
                    -2.9520511627197266
                ],
                [
                    76.70608758926392,
                    -8.850979804992676
                ],
                [
                    77.04448699951172,
                    68.5667634010315
                ],
                [
                    4.677700996398926,
                    72.62762784957886
                ],
                [
                    20.29198408126831,
                    17.250502109527588
                ]
            ],
            "provenance": "nvisii",
            "quaternion_xyzw": [
                0.4623122215270996,
                0.5438219904899597,
                0.5294279456138611,
                -0.4585097134113312
            ],
            "quaternion_xyzw_world": [
                0.009098297916352749,
                0.00529579259455204,
                0.9970359206199646,
                0.07621396332979202
            ],
            "segmentation_id": 2,
            "visibility": 1
        },
        {
            "bounding_box_minx_maxx_miny_maxy": [
                301,
                399,
                238,
                378
            ],
            "class": "Colored",
            "local_cuboid": null,