{
    "camera_data": {
        "camera_look_at": {
            "at": [
                1.0,
                0.0,
                0.0
            ],
            "eye": [
                0.0,
                0.0,
                0.0
            ],
            "up": [
                0.0,
                0.0,
                1.0
            ]
        },
        "camera_view_matrix": [
            [
                0.0,
                0.0,
                -1.0,
                0.0
            ],
            [
                -1.0,
                0.0,
                0.0,
                0.0
            ],
            [
                0.0,
                1.0,
                0.0,
                0.0
            ],
            [
                0.0,
                0.0,
                0.0,
                1.0
            ]
        ],
        "height": 400,
        "intrinsics": {
            "cx": 200.0,
            "cy": 200.0,
            "fx": 482.84283447265625,
            "fy": 482.84283447265625
        },
        "location_world": [
            0.0,
            0.0,
            0.0
        ],
        "quaternion_world_xyzw": [
            0.5,
            -0.5,
            -0.5,
            0.5
        ],
        "width": 400
    },
    "objects": [
        {
            "bounding_box_minx_maxx_miny_maxy": [
                0,
                87,
                49,
                154
            ],
            "class": "Colored",
            "local_cuboid": null,
            "local_to_world_matrix": [
                [
                    0.0004221555427648127,
                    -6.918411236256361e-05,
                    0.014993898570537567,
                    0.0
                ],
                [
                    -0.0032557828817516565,
                    -0.014642381109297276,
                    2.410512388451025e-05,
                    0.0
                ],
                [
                    0.014636313542723656,
                    -0.003255136776715517,
                    -0.0004271077923476696,
                    0.0
                ],
                [
                    1.7240180969238281,
                    0.6069763898849487,
                    0.3344644606113434,
                    1.0
                ]
            ],
            "location": [
                -0.6069763898849487,
                0.3344644606113434,
                -1.7240180969238281
            ],
            "location_world": [
                1.7240180969238281,
                0.6069763898849487,
                0.3344644606113434
            ],
            "name": "hope_Colored_cube_0",
            "projected_cuboid": [
                [
                    17.675256729125977,
                    78.50418090820312
                ],
                [
                    87.9922866821289,
                    74.08297061920166
                ],
                [
                    46.54051065444946,
                    47.630202770233154
                ],
                [
                    -34.85438823699951,
                    53.91998291015625
                ],
                [
                    16.512596607208252,
                    154.2227029800415
                ],
                [
                    87.11212873458862,
                    152.47008800506592
                ],
                [
                    45.266008377075195,
                    140.76390266418457
                ],
                [
                    -36.505126953125,
                    143.31060647964478
                ],
                [
                    30.0051212310791,
                    106.32710456848145
                ]
            ],
            "provenance": "nvisii",
            "quaternion_xyzw": [
                0.7033419013023376,
                0.702272891998291,
                0.06713142991065979,
                0.08727124333381653
            ],
            "quaternion_xyzw_world": [
                0.7128773331642151,
                -0.07773583382368088,
                0.6927375197410583,
                0.07666680961847305
            ],
            "segmentation_id": 1,
            "visibility": 1
        },
        {
            "bounding_box_minx_maxx_miny_maxy": [
                0,
                89,
                1,
                66
            ],
            "class": "Colored",
            "local_cuboid": null,
            "local_to_world_matrix": [
                [
                    -0.013775846920907497,
                    0.0059282914735376835,
                    0.00028525988454930484,
                    0.0
                ],
                [
                    -0.005931965075433254,
                    -0.013728922232985497,
                    -0.0011525764130055904,
                    0.0
                ],
                [
                    -0.00019443318888079375,
                    -0.0011713245185092092,
                    0.014952932484447956,
                    0.0
                ],
                [
                    1.669790267944336,
                    0.5996373891830444,
                    0.6506880521774292,
                    1.0
                ]
            ],
            "location": [
                -0.5996373891830444,
                0.6506880521774292,
                -1.669790267944336
            ],
            "location_world": [
                1.669790267944336,
                0.5996373891830444,
                0.6506880521774292
            ],
            "name": "hope_Colored_cube_1",
            "projected_cuboid": [
                [
                    -38.32061290740967,
                    -47.46437072753906
                ],
                [
                    32.597529888153076,
                    -59.85839366912842
                ],
                [
                    25.368523597717285,
                    38.74678611755371
                ],
                [
                    -44.83823776245117,
                    43.76826286315918
                ],
                [
                    27.58558988571167,
                    -9.427809715270996
                ],
                [
                    91.79226160049438,
                    -17.28224754333496
                ],
                [
                    85.56973934173584,
                    65.70563316345215
                ],
                [
                    21.89171314239502,
                    68.27536821365356
                ],
                [
                    26.606595516204834,
                    11.84462308883667
                ]
            ],
            "provenance": "nvisii",
            "quaternion_xyzw": [
                0.40885716676712036,
                0.5712746381759644,
                0.6093069911003113,
                -0.367730975151062
            ],
            "quaternion_xyzw_world": [
                0.0015469052596017718,
                -0.039579275995492935,
                0.978584885597229,
                0.20199672877788544
            ],
            "segmentation_id": 2,
            "visibility": 1
        },
        {
            "bounding_box_minx_maxx_miny_maxy": [
                278,
                399,
                283,
                400
            ],
            "class": "Colored",
            "local_cuboid": null,