{
    "camera_data": {
        "camera_look_at": {
            "at": [
                1.0,
                0.0,
                0.0
            ],
            "eye": [
                0.0,
                0.0,
                0.0
            ],
            "up": [
                0.0,
                0.0,
                1.0
            ]
        },
        "camera_view_matrix": [
            [
                0.0,
                0.0,
                -1.0,
                0.0
            ],
            [
                -1.0,
                0.0,
                0.0,
                0.0
            ],
            [
                0.0,
                1.0,
                0.0,
                0.0
            ],
            [
                0.0,
                0.0,
                0.0,
                1.0
            ]
        ],
        "height": 400,
        "intrinsics": {
            "cx": 200.0,
            "cy": 200.0,
            "fx": 482.84283447265625,
            "fy": 482.84283447265625
        },
        "location_world": [
            0.0,
            0.0,
            0.0
        ],
        "quaternion_world_xyzw": [
            0.5,
            -0.5,
            -0.5,
            0.5
        ],
        "width": 400
    },
    "objects": [
        {
            "bounding_box_minx_maxx_miny_maxy": [
                0,
                79,
                56,
                169
            ],
            "class": "Colored",
            "local_cuboid": null,
            "local_to_world_matrix": [
                [
                    0.005026163533329964,
                    -0.0006169096450321376,
                    0.014119386672973633,
                    0.0
                ],
                [
                    -0.001191135961562395,
                    -0.014950872398912907,
                    -0.0002292234421474859,
                    0.0
                ],
                [
                    0.014082572422921658,
                    -0.001044399687089026,
                    -0.005058690905570984,
                    0.0
                ],
                [
                    1.7639214992523193,
                    0.6472173929214478,
                    0.3108387291431427,
                    1.0
                ]
            ],
            "location": [
                -0.6472173929214478,
                0.3108387291431427,
                -1.7639214992523193
            ],
            "location_world": [
                1.7639214992523193,
                0.6472173929214478,
                0.3108387291431427
            ],
            "name": "hope_Colored_cube_0",
            "projected_cuboid": [
                [
                    8.496582508087158,
                    100.88973045349121
                ],
                [
                    80.45192956924438,
                    100.81384181976318
                ],
                [
                    54.11554574966431,
                    54.59686517715454
                ],
                [
                    -29.493117332458496,
                    55.33877611160278
                ],
                [
                    -5.009675025939941,
                    168.60629320144653
                ],
                [
                    70.69669961929321,
                    169.40176486968994
                ],
                [
                    40.90397357940674,
                    132.58435726165771
                ],
                [
                    -47.809553146362305,
                    132.20096826553345
                ],
                [
                    22.8354811668396,
                    114.91329669952393
                ]
            ],
            "provenance": "nvisii",
            "quaternion_xyzw": [
                0.7062661051750183,
                0.6860082149505615,
                -0.09396281838417053,
                0.14748519659042358
            ],
            "quaternion_xyzw_world": [
                0.8168611526489258,
                -0.03689010441303253,
                0.575413167476654,
                0.016632288694381714
            ],
            "segmentation_id": 1,
            "visibility": 1
        },
        {
            "bounding_box_minx_maxx_miny_maxy": [
                0,
                79,
                1,
                57
            ],
            "class": "Colored",
            "local_cuboid": null,
            "local_to_world_matrix": [
                [
                    -0.01436157338321209,
                    0.0030242179054766893,
                    -0.0030983039177954197,
                    0.0
                ],
                [
                    -0.0028291125781834126,
                    -0.01468054298311472,
                    -0.0012157134478911757,
                    0.0
                ],
                [
                    -0.003277423093095422,
                    -0.0005796067416667938,
                    0.014626091346144676,
                    0.0
                ],
                [
                    1.7099891901016235,
                    0.6318955421447754,
                    0.6773821115493774,
                    1.0
                ]
            ],
            "location": [
                -0.6318955421447754,
                0.6773821115493774,
                -1.7099891901016235
            ],
            "location_world": [
                1.7099891901016235,
                0.6318955421447754,
                0.6773821115493774
            ],
            "name": "hope_Colored_cube_1",
            "projected_cuboid": [
                [
                    -48.284912109375,
                    -48.80115985870361
                ],
                [
                    36.56107187271118,
                    -50.35417079925537
                ],
                [
                    39.817893505096436,
                    50.00656843185425
                ],
                [
                    -41.72399044036865,
                    48.00770282745361
                ],
                [
                    6.075847148895264,
                    -26.334500312805176
                ],
                [
                    79.0422797203064,
                    -26.929473876953125
                ],
                [
                    80.29700517654419,
                    57.09071159362793
                ],
                [
                    9.791481494903564,
                    55.1823616027832
                ],
                [
                    21.57418727874756,
                    8.73032808303833
                ]
            ],
            "provenance": "nvisii",
            "quaternion_xyzw": [
                0.4064905643463135,
                0.4748874306678772,
                0.6126086115837097,
                -0.4836922883987427
            ],
            "quaternion_xyzw_world": [
                -0.10746144503355026,
                -0.030259717255830765,
                0.9888394474983215,
                0.09865657240152359
            ],
            "segmentation_id": 2,
            "visibility": 1
        },
        {
            "bounding_box_minx_maxx_miny_maxy": [
                291,
                399,
                260,
                377
            ],
            "class": "Colored",
            "local_cuboid": null,