{
    "camera_data": {
        "camera_look_at": {
            "at": [
                1.0,
                0.0,
                0.0
            ],
            "eye": [
                0.0,
                0.0,
                0.0
            ],
            "up": [
                0.0,
                0.0,
                1.0
            ]
        },
        "camera_view_matrix": [
            [
                0.0,
                0.0,
                -1.0,
                0.0
            ],
            [
                -1.0,
                0.0,
                0.0,
                0.0
            ],
            [
                0.0,
                1.0,
                0.0,
                0.0
            ],
            [
                0.0,
                0.0,
                0.0,
                1.0
            ]
        ],
        "height": 400,
        "intrinsics": {
            "cx": 200.0,
            "cy": 200.0,
            "fx": 482.84283447265625,
            "fy": 482.84283447265625
        },
        "location_world": [
            0.0,
            0.0,
            0.0
        ],
        "quaternion_world_xyzw": [
            0.5,
            -0.5,
            -0.5,
            0.5
        ],
        "width": 400
    },
    "objects": [
        {
            "bounding_box_minx_maxx_miny_maxy": [
                0,
                94,
                113,
                224
            ],
            "class": "Colored",
            "local_cuboid": null,
            "local_to_world_matrix": [
                [
                    0.00030050575151108205,
                    0.005739846732467413,
                    0.013855104334652424,
                    0.0
                ],
                [
                    -3.905855191987939e-05,
                    -0.013857539743185043,
                    0.005741702858358622,
                    0.0
                ],
                [
                    0.014996940270066261,
                    -0.00015110558888409287,
                    -0.00026267586508765817,
                    0.0
                ],
                [
                    1.8431979417800903,
                    0.6310444474220276,
                    0.10969064384698868,
                    1.0
                ]
            ],
            "location": [
                -0.6310444474220276,
                0.10969064384698868,
                -1.8431979417800903
            ],
            "location_world": [
                1.8431979417800903,
                0.6310444474220276,
                0.10969064384698868
            ],
            "name": "hope_Colored_cube_0",
            "projected_cuboid": [
                [
                    0.36182403564453125,
                    154.48678731918335
                ],
                [
                    67.33520030975342,
                    126.68697834014893
                ],
                [
                    43.01067590713501,
                    112.22453117370605
                ],
                [
                    -35.79146862030029,
                    144.94562149047852
                ],
                [
                    27.604997158050537,
                    221.56522274017334
                ],
                [
                    94.79138851165771,
                    193.70778799057007
                ],
                [
                    75.25371313095093,
                    191.08984470367432
                ],
                [
                    -3.8434505462646484,
                    223.8908052444458
                ],
                [
                    34.69206094741821,
                    171.26553058624268
                ]
            ],
            "provenance": "nvisii",
            "quaternion_xyzw": [
                0.5555087327957153,
                0.8314494490623474,
                -0.004482448101043701,
                0.009052693843841553
            ],
            "quaternion_xyzw_world": [
                0.7002466320991516,
                0.1356852501630783,
                0.6867114901542664,
                0.14025554060935974
            ],
            "segmentation_id": 1,
            "visibility": 1
        },
        {
            "bounding_box_minx_maxx_miny_maxy": [
                0,
                73,
                24,
                123
            ],
            "class": "Colored",
            "local_cuboid": null,
            "local_to_world_matrix": [
                [
                    -0.014999041333794594,
                    0.00011311528214719146,
                    -0.00012626686657313257,
                    0.0
                ],
                [
                    -0.00010976190969813615,
                    -0.014994417317211628,
                    -0.0003941991599276662,
                    0.0
                ],
                [
                    -0.00012919254368171096,
                    -0.00039325005491264164,
                    0.014994287863373756,
                    0.0
                ],
                [
                    1.8467830419540405,
                    0.6722744703292847,
                    0.4725838005542755,
                    1.0
                ]
            ],
            "location": [
                -0.6722744703292847,
                0.4725838005542755,
                -1.8467830419540405
            ],
            "location_world": [
                1.8467830419540405,
                0.6722744703292847,
                0.4725838005542755
            ],
            "name": "hope_Colored_cube_1",
            "projected_cuboid": [
                [
                    -33.20174217224121,
                    22.06975221633911
                ],
                [
                    51.953256130218506,
                    24.08583164215088
                ],
                [
                    49.94086027145386,
                    109.68003273010254
                ],
                [
                    -35.082077980041504,
                    107.5563907623291
                ],
                [
                    2.383279800415039,
                    48.19256067276001
                ],
                [
                    74.76907968521118,
                    49.934184551239014
                ],
                [
                    73.02945852279663,
                    122.63712882995605
                ],
                [
                    0.7391095161437988,
                    120.81791162490845
                ],
                [
                    24.233341217041016,
                    76.44261121749878
                ]
            ],
            "provenance": "nvisii",
            "quaternion_xyzw": [
                0.5025251507759094,
                0.4931146502494812,
                0.5104982256889343,
                -0.4936577379703522
            ],
            "quaternion_xyzw_world": [
                -0.004258092027157545,
                -0.013125494122505188,
                0.9998978972434998,
                0.003714999184012413
            ],
            "segmentation_id": 2,
            "visibility": 1
        },
        {
            "bounding_box_minx_maxx_miny_maxy": [
                208,
                344,
                238,
                362
            ],
            "class": "Colored",
            "local_cuboid": null,