{
    "camera_data": {
        "camera_look_at": {
            "at": [
                1.0,
                0.0,
                0.0
            ],
            "eye": [
                0.0,
                0.0,
                0.0
            ],
            "up": [
                0.0,
                0.0,
                1.0
            ]
        },
        "camera_view_matrix": [
            [
                0.0,
                0.0,
                -1.0,
                0.0
            ],
            [
                -1.0,
                0.0,
                0.0,
                0.0
            ],
            [
                0.0,
                1.0,
                0.0,
                0.0
            ],
            [
                0.0,
                0.0,
                0.0,
                1.0
            ]
        ],
        "height": 400,
        "intrinsics": {
            "cx": 200.0,
            "cy": 200.0,
            "fx": 482.84283447265625,
            "fy": 482.84283447265625
        },
        "location_world": [
            0.0,
            0.0,
            0.0
        ],
        "quaternion_world_xyzw": [
            0.5,
            -0.5,
            -0.5,
            0.5
        ],
        "width": 400
    },
    "objects": [
        {
            "bounding_box_minx_maxx_miny_maxy": [
                0,
                79,
                83,
                185
            ],
            "class": "Colored",
            "local_cuboid": null,
            "local_to_world_matrix": [
                [
                    0.003231865121051669,
                    -0.00011079866817453876,
                    0.014647278003394604,
                    0.0
                ],
                [
                    -0.00016064442752394825,
                    -0.014998936094343662,
                    -7.801321044098586e-05,
                    0.0
                ],
                [
                    0.014646816067397594,
                    -0.0001400583569193259,
                    -0.003232821822166443,
                    0.0
                ],
                [
                    1.8154618740081787,
                    0.6494221091270447,
                    0.23767441511154175,
                    1.0
                ]
            ],
            "location": [
                -0.6494221091270447,
                0.23767441511154175,
                -1.8154618740081787
            ],
            "location_world": [
                1.8154618740081787,
                0.6494221091270447,
                0.23767441511154175
            ],
            "name": "hope_Colored_cube_0",
            "projected_cuboid": [
                [
                    7.210981845855713,
                    114.6982192993164
                ],
                [
                    79.58884239196777,
                    114.93878364562988
                ],
                [
                    58.04082155227661,
                    81.91163539886475
                ],
                [
                    -26.746821403503418,
                    81.69203996658325
                ],
                [
                    0.2043604850769043,
                    185.08542776107788
                ],
                [
                    74.9970555305481,
                    185.45132875442505
                ],
                [
                    51.77452564239502,
                    163.75147104263306
                ],
                [
                    -36.34607791900635,
                    163.362717628479
                ],
                [
                    27.278757095336914,
                    136.78776025772095
                ]
            ],
            "provenance": "nvisii",
            "quaternion_xyzw": [
                0.7051669359207153,
                0.7006901502609253,
                -0.07307502627372742,
                0.08020481467247009
            ],
            "quaternion_xyzw_world": [
                0.7795684933662415,
                -0.005803276784718037,
                0.626288652420044,
                0.0013264849549159408
            ],
            "segmentation_id": 1,
            "visibility": 1
        },
        {
            "bounding_box_minx_maxx_miny_maxy": [
                0,
                79,
                1,
                88
            ],
            "class": "Colored",
            "local_cuboid": null,
            "local_to_world_matrix": [
                [
                    -0.01459573395550251,
                    0.0034054990392178297,
                    0.0006059142760932446,
                    0.0
                ],
                [
                    -0.0034084627404809,
                    -0.014607612043619156,
                    -4.627327143680304e-06,
                    0.0
                ],
                [
                    0.0005890135653316975,
                    -0.00014218504657037556,
                    0.014987756498157978,
                    0.0
                ],
                [
                    1.7646982669830322,
                    0.6450313925743103,
                    0.5931264162063599,
                    1.0
                ]
            ],
            "location": [
                -0.6450313925743103,
                0.5931264162063599,
                -1.7646982669830322
            ],
            "location_world": [
                1.7646982669830322,
                0.6450313925743103,
                0.5931264162063599
            ],
            "name": "hope_Colored_cube_1",
            "projected_cuboid": [
                [
                    -39.78629112243652,
                    -18.061518669128418
                ],
                [
                    38.62549066543579,
                    -27.379393577575684
                ],
                [
                    36.551642417907715,
                    62.599778175354004
                ],
                [
                    -42.3351526260376,
                    68.25984716415405
                ],
                [
                    12.957465648651123,
                    17.57136583328247
                ],
                [
                    81.11988306045532,
                    10.988831520080566
                ],
                [
                    79.63725328445435,
                    87.16857433319092
                ],
                [
                    11.1128568649292,
                    91.11264944076538
                ],
                [
                    23.51158857345581,
                    37.71343231201172
                ]
            ],
            "provenance": "nvisii",
            "quaternion_xyzw": [
                0.45070576667785645,
                0.5625815987586975,
                0.544994056224823,
                -0.4281911551952362
            ],
            "quaternion_xyzw_world": [
                0.020051084458827972,
                -0.0024635354056954384,
                0.9932363033294678,
                0.11433938890695572
            ],
            "segmentation_id": 2,
            "visibility": 1
        },
        {
            "bounding_box_minx_maxx_miny_maxy": [
                313,
                399,
                233,
                374
            ],
            "class": "Colored",
            "local_cuboid": null,