{
    "camera_data": {
        "camera_look_at": {
            "at": [
                1.0,
                0.0,
                0.0
            ],
            "eye": [
                0.0,
                0.0,
                0.0
            ],
            "up": [
                0.0,
                0.0,
                1.0
            ]
        },
        "camera_view_matrix": [
            [
                0.0,
                0.0,
                -1.0,
                0.0
            ],
            [
                -1.0,
                0.0,
                0.0,
                0.0
            ],
            [
                0.0,
                1.0,
                0.0,
                0.0
            ],
            [
                0.0,
                0.0,
                0.0,
                1.0
            ]
        ],
        "height": 400,
        "intrinsics": {
            "cx": 200.0,
            "cy": 200.0,
            "fx": 482.84283447265625,
            "fy": 482.84283447265625
        },
        "location_world": [
            0.0,
            0.0,
            0.0
        ],
        "quaternion_world_xyzw": [
            0.5,
            -0.5,
            -0.5,
            0.5
        ],
        "width": 400
    },
    "objects": [
        {
            "bounding_box_minx_maxx_miny_maxy": [
                0,
                72,
                55,
                152
            ],
            "class": "Colored",
            "local_cuboid": null,
            "local_to_world_matrix": [
                [
                    -0.002395699033513665,
                    -0.0012445107568055391,
                    0.014755059964954853,
                    0.0
                ],
                [
                    0.003857180941849947,
                    -0.014483361504971981,
                    -0.0005953246727585793,
                    0.0
                ],
                [
                    0.01429625041782856,
                    0.003699114779010415,
                    0.0026332042180001736,
                    0.0
                ],
                [
                    1.7354453802108765,
                    0.6180675029754639,
                    0.3451334238052368,
                    1.0
                ]
            ],
            "location": [
                -0.6180675029754639,
                0.3451334238052368,
                -1.7354453802108765
            ],
            "location_world": [
                1.7354453802108765,
                0.6180675029754639,
                0.3451334238052368
            ],
            "name": "hope_Colored_cube_0",
            "projected_cuboid": [
                [
                    -9.382438659667969,
                    60.41048765182495
                ],
                [
                    73.03403615951538,
                    69.13590431213379
                ],
                [
                    72.67255783081055,
                    61.675989627838135
                ],
                [
                    -25.16453266143799,
                    50.943779945373535
                ],
                [
                    -10.447859764099121,
                    140.4492974281311
                ],
                [
                    69.97642517089844,
                    145.77813148498535
                ],
                [
                    69.0971851348877,
                    151.77513360977173
                ],
                [
                    -25.943756103515625,
                    145.7738757133484
                ],
                [
                    28.038716316223145,
                    103.97555828094482
                ]
            ],
            "provenance": "nvisii",
            "quaternion_xyzw": [
                0.7203713059425354,
                0.6764664649963379,
                -0.030156105756759644,
                -0.1501629799604416
            ],
            "quaternion_xyzw_world": [
                0.6384154558181763,
                0.06820716708898544,
                0.758422315120697,
                -0.11211194097995758
            ],
            "segmentation_id": 1,
            "visibility": 1
        },
        {
            "bounding_box_minx_maxx_miny_maxy": [
                0,
                87,
                1,
                61
            ],
            "class": "Colored",
            "local_cuboid": null,
            "local_to_world_matrix": [
                [
                    -0.014212260022759438,
                    0.0045548174530267715,
                    -0.0015051012160256505,
                    0.0
                ],
                [
                    -0.0045259613543748856,
                    -0.01429169811308384,
                    -0.0005128816119395196,
                    0.0
                ],
                [
                    -0.001589768915437162,
                    -3.1811752705834806e-05,
                    0.014915482141077518,
                    0.0
                ],
                [
                    1.6842970848083496,
                    0.6063517332077026,
                    0.6633089184761047,
                    1.0
                ]
            ],
            "location": [
                -0.6063517332077026,
                0.6633089184761047,
                -1.6842970848083496
            ],
            "location_world": [
                1.6842970848083496,
                0.6063517332077026,
                0.6633089184761047
            ],
            "name": "hope_Colored_cube_1",
            "projected_cuboid": [
                [
                    -44.10378932952881,
                    -46.57487869262695
                ],
                [
                    34.164488315582275,
                    -58.30128192901611
                ],
                [
                    37.44691610336304,
                    42.33872890472412
                ],
                [
                    -39.45462703704834,
                    48.15070629119873
                ],
                [
                    16.986656188964844,
                    -16.63968563079834
                ],
                [
                    85.78469753265381,
                    -24.942851066589355
                ],
                [
                    87.63457536697388,
                    59.18846130371094
                ],
                [
                    19.90668773651123,
                    63.317179679870605
                ],
                [
                    26.175236701965332,
                    9.84712839126587
                ]
            ],
            "provenance": "nvisii",
            "quaternion_xyzw": [
                0.3951433300971985,
                0.5393231511116028,
                0.6007976531982422,
                -0.438217431306839
            ],
            "quaternion_xyzw_world": [
                -0.05227428674697876,
                -0.009200209751725197,
                0.98674076795578,
                0.15338000655174255
            ],
            "segmentation_id": 2,
            "visibility": 1
        },
        {
            "bounding_box_minx_maxx_miny_maxy": [
                280,
                399,
                261,
                400
            ],
            "class": "Colored",
            "local_cuboid": null,