{
    "camera_data": {
        "camera_look_at": {
            "at": [
                1.0,
                0.0,
                0.0
            ],
            "eye": [
                0.0,
                0.0,
                0.0
            ],
            "up": [
                0.0,
                0.0,
                1.0
            ]
        },
        "camera_view_matrix": [
            [
                0.0,
                0.0,
                -1.0,
                0.0
            ],
            [
                -1.0,
                0.0,
                0.0,
                0.0
            ],
            [
                0.0,
                1.0,
                0.0,
                0.0
            ],
            [
                0.0,
                0.0,
                0.0,
                1.0
            ]
        ],
        "height": 400,
        "intrinsics": {
            "cx": 200.0,
            "cy": 200.0,
            "fx": 482.84283447265625,
            "fy": 482.84283447265625
        },
        "location_world": [
            0.0,
            0.0,
            0.0
        ],
        "quaternion_world_xyzw": [
            0.5,
            -0.5,
            -0.5,
            0.5
        ],
        "width": 400
    },
    "objects": [
        {
            "bounding_box_minx_maxx_miny_maxy": [
                0,
                57,
                168,
                286
            ],
            "class": "Colored",
            "local_cuboid": null,
            "local_to_world_matrix": [
                [
                    -0.00044325290946289897,
                    0.008194374851882458,
                    0.0125561049208045,
                    0.0
                ],
                [
                    0.0010896342573687434,
                    -0.012510770000517368,
                    0.008203253149986267,
                    0.0
                ],
                [
                    0.014953803271055222,
                    0.001154511235654354,
                    -0.00022556482872460037,
                    0.0
                ],
                [
                    1.8307301998138428,
                    0.6332204341888428,
                    -0.09357768297195435,
                    1.0
                ]
            ],
            "location": [
                -0.6332204341888428,
                -0.09357768297195435,
                -1.8307301998138428
            ],
            "location_world": [
                1.8307301998138428,
                0.6332204341888428,
                -0.09357768297195435
            ],
            "name": "hope_Colored_cube_0",
            "projected_cuboid": [
                [
                    -9.316277503967285,
                    212.8528356552124
                ],
                [
                    53.79054546356201,
                    172.83849716186523
                ],
                [
                    34.48636531829834,
                    166.7344093322754
                ],
                [
                    -40.2026891708374,
                    213.85273933410645
                ],
                [
                    31.714916229248047,
                    274.2259740829468
                ],
                [
                    94.09328699111938,
                    233.71918201446533
                ],
                [
                    81.9948673248291,
                    238.37950229644775
                ],
                [
                    8.319401741027832,
                    286.1807346343994
                ],
                [
                    32.992351055145264,
                    224.680495262146
                ]
            ],
            "provenance": "nvisii",
            "quaternion_xyzw": [
                0.4753275513648987,
                0.8789334297180176,
                -0.024939268827438354,
                -0.03029736876487732
            ],
            "quaternion_xyzw_world": [
                0.6744514107704163,
                0.2294212430715561,
                0.6798095107078552,
                0.17418459057807922
            ],
            "segmentation_id": 1,
            "visibility": 1
        },
        {
            "bounding_box_minx_maxx_miny_maxy": [
                0,
                120,
                1,
                90
            ],
            "class": "Colored",
            "local_cuboid": null,
            "local_to_world_matrix": [
                [
                    -0.008397595956921577,
                    -0.004997184034436941,
                    0.011380182579159737,
                    0.0
                ],
                [
                    0.01116806548088789,
                    -0.00906139425933361,
                    0.004262096248567104,
                    0.0
                ],
                [
                    0.0054547893814742565,
                    0.01085906382650137,
                    0.008793518878519535,
                    0.0
                ],
                [
                    1.4602118730545044,
                    0.4736034870147705,
                    0.5591757297515869,
                    1.0
                ]
            ],
            "location": [
                -0.4736034870147705,
                0.5591757297515869,
                -1.4602118730545044
            ],
            "location_world": [
                1.4602118730545044,
                0.4736034870147705,
                0.5591757297515869
            ],
            "name": "hope_Colored_cube_1",
            "projected_cuboid": [
                [
                    -27.982234954833984,
                    -62.92264461517334
                ],
                [
                    61.76176071166992,
                    -51.532936096191406
                ],
                [
                    124.39970970153809,
                    -11.433959007263184
                ],
                [
                    38.12689781188965,
                    -16.448545455932617
                ],
                [
                    -34.68475341796875,
                    40.674805641174316
                ],
                [
                    47.122228145599365,
                    37.41745948791504
                ],
                [
                    102.19312906265259,
                    79.37079668045044
                ],
                [
                    22.836053371429443,
                    89.68647718429565
                ],
                [
                    43.39529275894165,
                    15.099406242370605
                ]
            ],
            "provenance": "nvisii",
            "quaternion_xyzw": [
                0.5942765474319458,
                0.573290228843689,
                -0.06903266906738281,
                -0.5598286986351013
            ],
            "quaternion_xyzw_world": [
                0.33838537335395813,
                0.30393752455711365,
                0.829181432723999,
                -0.3249238431453705
            ],
            "segmentation_id": 2,
            "visibility": 1
        },
        {
            "bounding_box_minx_maxx_miny_maxy": [
                132,
                262,
                243,
                371
            ],
            "class": "Colored",
            "local_cuboid": null,