{
    "camera_data": {
        "camera_look_at": {
            "at": [
                1.0,
                0.0,
                0.0
            ],
            "eye": [
                0.0,
                0.0,
                0.0
            ],
            "up": [
                0.0,
                0.0,
                1.0
            ]
        },
        "camera_view_matrix": [
            [
                0.0,
                0.0,
                -1.0,
                0.0
            ],
            [
                -1.0,
                0.0,
                0.0,
                0.0
            ],
            [
                0.0,
                1.0,
                0.0,
                0.0
            ],
            [
                0.0,
                0.0,
                0.0,
                1.0
            ]
        ],
        "height": 400,
        "intrinsics": {
            "cx": 200.0,
            "cy": 200.0,
            "fx": 482.84283447265625,
            "fy": 482.84283447265625
        },
        "location_world": [
            0.0,
            0.0,
            0.0
        ],
        "quaternion_world_xyzw": [
            0.5,
            -0.5,
            -0.5,
            0.5
        ],
        "width": 400
    },
    "objects": [
        {
            "bounding_box_minx_maxx_miny_maxy": [
                0,
                81,
                103,
                189
            ],
            "class": "Colored",
            "local_cuboid": null,
            "local_to_world_matrix": [
                [
                    -1.7210841178894043e-05,
                    1.1842029380204622e-05,
                    0.014999985694885254,
                    0.0
                ],
                [
                    -0.00016474151925649494,
                    -0.014999091625213623,
                    1.1652305147435982e-05,
                    0.0
                ],
                [
                    0.014999086037278175,
                    -0.0001647280005272478,
                    1.7339587429887615e-05,
                    0.0
                ],
                [
                    1.8441035747528076,
                    0.6397470235824585,
                    0.19457650184631348,
                    1.0
                ]
            ],
            "location": [
                -0.6397470235824585,
                0.19457650184631348,
                -1.8441035747528076
            ],
            "location_world": [
                1.8441035747528076,
                0.6397470235824585,
                0.19457650184631348
            ],
            "name": "hope_Colored_cube_0",
            "projected_cuboid": [
                [
                    9.287023544311523,
                    116.61345958709717
                ],
                [
                    81.67445659637451,
                    116.41905307769775
                ],
                [
                    59.75966453552246,
                    101.7021656036377
                ],
                [
                    -25.39188861846924,
                    101.95955038070679
                ],
                [
                    9.37720537185669,
                    189.20243978500366
                ],
                [
                    81.75225257873535,
                    189.12811279296875
                ],
                [
                    59.85572338104248,
                    187.3002529144287
                ],
                [
                    -25.278687477111816,
                    187.3912811279297
                ],
                [
                    32.49461650848389,
                    149.05390739440918
                ]
            ],
            "provenance": "nvisii",
            "quaternion_xyzw": [
                0.7068189978599548,
                0.7073728442192078,
                0.004290103912353516,
                0.0034757256507873535
            ],
            "quaternion_xyzw_world": [
                0.7066887617111206,
                -0.003606007667258382,
                0.7075031399726868,
                0.004159783013164997
            ],
            "segmentation_id": 1,
            "visibility": 1
        },
        {
            "bounding_box_minx_maxx_miny_maxy": [
                0,
                90,
                1,
                107
            ],
            "class": "Colored",
            "local_cuboid": null,
            "local_to_world_matrix": [
                [
                    -0.014394029974937439,
                    0.0042165969498455524,
                    0.00017998339899349958,
                    0.0
                ],
                [
                    -0.004156593233346939,
                    -0.014274234883487225,
                    0.0019922612700611353,
                    0.0
                ],
                [
                    0.0007313124369829893,
                    0.0018619026523083448,
                    0.014866017736494541,
                    0.0
                ],
                [
                    1.8021260499954224,
                    0.6333891153335571,
                    0.5170458555221558,
                    1.0
                ]
            ],
            "location": [
                -0.6333891153335571,
                0.5170458555221558,
                -1.8021260499954224
            ],
            "location_world": [
                1.8021260499954224,
                0.6333891153335571,
                0.5170458555221558
            ],
            "name": "hope_Colored_cube_1",
            "projected_cuboid": [
                [
                    -36.72165870666504,
                    16.83124303817749
                ],
                [
                    36.0431432723999,
                    -4.3926239013671875
                ],
                [
                    45.72564363479614,
                    82.9552412033081
                ],
                [
                    -28.143596649169922,
                    100.07205009460449
                ],
                [
                    17.849624156951904,
                    44.13466453552246
                ],
                [
                    82.03043937683105,
                    27.293920516967773
                ],
                [
                    90.59821367263794,
                    101.63183212280273
                ],
                [
                    25.58373212814331,
                    115.47633409500122
                ],
                [
                    30.296361446380615,
                    61.46817207336426
                ]
            ],
            "provenance": "nvisii",
            "quaternion_xyzw": [
                0.39838123321533203,
                0.6047061681747437,
                0.5242935419082642,
                -0.44803935289382935
            ],
            "quaternion_xyzw_world": [
                0.015377247706055641,
                0.06503534317016602,
                0.987710177898407,
                0.1412895917892456
            ],
            "segmentation_id": 2,
            "visibility": 1
        },
        {
            "bounding_box_minx_maxx_miny_maxy": [
                275,
                399,
                225,
                365
            ],
            "class": "Colored",
            "local_cuboid": null,