{
    "camera_data": {
        "camera_look_at": {
            "at": [
                1.0,
                0.0,
                0.0
            ],
            "eye": [
                0.0,
                0.0,
                0.0
            ],
            "up": [
                0.0,
                0.0,
                1.0
            ]
        },
        "camera_view_matrix": [
            [
                0.0,
                0.0,
                -1.0,
                0.0
            ],
            [
                -1.0,
                0.0,
                0.0,
                0.0
            ],
            [
                0.0,
                1.0,
                0.0,
                0.0
            ],
            [
                0.0,
                0.0,
                0.0,
                1.0
            ]
        ],
        "height": 400,
        "intrinsics": {
            "cx": 200.0,
            "cy": 200.0,
            "fx": 482.84283447265625,
            "fy": 482.84283447265625
        },
        "location_world": [
            0.0,
            0.0,
            0.0
        ],
        "quaternion_world_xyzw": [
            0.5,
            -0.5,
            -0.5,
            0.5
        ],
        "width": 400
    },
    "objects": [
        {
            "bounding_box_minx_maxx_miny_maxy": [
                0,
                72,
                53,
                158
            ],
            "class": "Colored",
            "local_cuboid": null,
            "local_to_world_matrix": [
                [
                    0.0006499698502011597,
                    -0.0008997845579870045,
                    0.014958874322474003,
                    0.0
                ],
                [
                    0.0031901192851364613,
                    -0.01462144311517477,
                    -0.0010181003017351031,
                    0.0
                ],
                [
                    0.014642427675426006,
                    0.0032254885882139206,
                    -0.00044220685958862305,
                    0.0
                ],
                [
                    1.749741554260254,
                    0.631585955619812,
                    0.3313996195793152,
                    1.0
                ]
            ],
            "location": [
                -0.631585955619812,
                0.3313996195793152,
                -1.749741554260254
            ],
            "location_world": [
                1.749741554260254,
                0.631585955619812,
                0.3313996195793152
            ],
            "name": "hope_Colored_cube_0",
            "projected_cuboid": [
                [
                    -6.752276420593262,
                    74.37090873718262
                ],
                [
                    73.0528712272644,
                    83.59625339508057
                ],
                [
                    69.3810224533081,
                    60.2311372756958
                ],
                [
                    -25.383830070495605,
                    48.348844051361084
                ],
                [
                    -12.876176834106445,
                    151.2495994567871
                ],
                [
                    67.67221689224243,
                    157.98475742340088
                ],
                [
                    63.003599643707275,
                    147.80842065811157
                ],
                [
                    -32.808470726013184,
                    139.39799070358276
                ],
                [
                    25.7132887840271,
                    108.54997634887695
                ]
            ],
            "provenance": "nvisii",
            "quaternion_xyzw": [
                0.7252621650695801,
                0.679761528968811,
                -0.08905881643295288,
                -0.06314760446548462
            ],
            "quaternion_xyzw_world": [
                0.7154674530029297,
                0.053352873772382736,
                0.6895562410354614,
                -0.09885352849960327
            ],
            "segmentation_id": 1,
            "visibility": 1
        },
        {
            "bounding_box_minx_maxx_miny_maxy": [
                0,
                85,
                1,
                57
            ],
            "class": "Colored",
            "local_cuboid": null,
            "local_to_world_matrix": [
                [
                    -0.014172300696372986,
                    0.004157945513725281,
                    -0.0026186667382717133,
                    0.0
                ],
                [
                    -0.004156488925218582,
                    -0.014407571405172348,
                    -0.0003814460651483387,
                    0.0
                ],
                [
                    -0.0026209771167486906,
                    0.00036523284506984055,
                    0.014764724299311638,
                    0.0
                ],
                [
                    1.6955020427703857,
                    0.6177676916122437,
                    0.6769291758537292,
                    1.0
                ]
            ],
            "location": [
                -0.6177676916122437,
                0.6769291758537292,
                -1.6955020427703857
            ],
            "location_world": [
                1.6955020427703857,
                0.6177676916122437,
                0.6769291758537292
            ],
            "name": "hope_Colored_cube_1",
            "projected_cuboid": [
                [
                    -48.34742546081543,
                    -46.84863090515137
                ],
                [
                    31.387710571289062,
                    -58.1789493560791
                ],
                [
                    39.425504207611084,
                    43.29793453216553
                ],
                [
                    -38.14413547515869,
                    49.0597128868103
                ],
                [
                    11.323857307434082,
                    -22.73077964782715
                ],
                [
                    81.08969926834106,
                    -31.113052368164062
                ],
                [
                    86.44694089889526,
                    53.79730463027954
                ],
                [
                    18.36705207824707,
                    58.2436203956604
                ],
                [
                    24.07296895980835,
                    7.22501277923584
                ]
            ],
            "provenance": "nvisii",
            "quaternion_xyzw": [
                0.37864941358566284,
                0.5189014673233032,
                0.6077330708503723,
                -0.466933012008667
            ],
            "quaternion_xyzw_world": [
                -0.08855760097503662,
                -0.0002740270283538848,
                0.9861084818840027,
                0.14052604138851166
            ],
            "segmentation_id": 2,
            "visibility": 1
        },
        {
            "bounding_box_minx_maxx_miny_maxy": [
                280,
                399,
                263,
                396
            ],
            "class": "Colored",
            "local_cuboid": null,