{
    "camera_data": {
        "camera_look_at": {
            "at": [
                1.0,
                0.0,
                0.0
            ],
            "eye": [
                0.0,
                0.0,
                0.0
            ],
            "up": [
                0.0,
                0.0,
                1.0
            ]
        },
        "camera_view_matrix": [
            [
                0.0,
                0.0,
                -1.0,
                0.0
            ],
            [
                -1.0,
                0.0,
                0.0,
                0.0
            ],
            [
                0.0,
                1.0,
                0.0,
                0.0
            ],
            [
                0.0,
                0.0,
                0.0,
                1.0
            ]
        ],
        "height": 400,
        "intrinsics": {
            "cx": 200.0,
            "cy": 200.0,
            "fx": 482.84283447265625,
            "fy": 482.84283447265625
        },
        "location_world": [
            0.0,
            0.0,
            0.0
        ],
        "quaternion_world_xyzw": [
            0.5,
            -0.5,
            -0.5,
            0.5
        ],
        "width": 400
    },
    "objects": [
        {
            "bounding_box_minx_maxx_miny_maxy": [
                0,
                92,
                70,
                167
            ],
            "class": "Colored",
            "local_cuboid": null,
            "local_to_world_matrix": [
                [
                    -0.0033406626898795366,
                    -0.0009424506570212543,
                    0.014592867344617844,
                    0.0
                ],
                [
                    -0.0056898342445492744,
                    -0.013705468736588955,
                    -0.0021876811515539885,
                    0.0
                ],
                [
                    0.013470922596752644,
                    -0.006022619549185038,
                    0.002694862661883235,
                    0.0
                ],
                [
                    1.7169524431228638,
                    0.5958822965621948,
                    0.30260559916496277,
                    1.0
                ]
            ],
            "location": [
                -0.5958822965621948,
                0.30260559916496277,
                -1.7169524431228638
            ],
            "location_world": [
                1.7169524431228638,
                0.5958822965621948,
                0.30260559916496277
            ],
            "name": "hope_Colored_cube_0",
            "projected_cuboid": [
                [
                    29.207050800323486,
                    71.9322919845581
                ],
                [
                    93.31448078155518,
                    75.65239667892456
                ],
                [
                    35.0663423538208,
                    70.64040899276733
                ],
                [
                    -35.66939830780029,
                    66.65129661560059
                ],
                [
                    30.396640300750732,
                    148.90470504760742
                ],
                [
                    92.23518371582031,
                    157.28009939193726
                ],
                [
                    36.29720211029053,
                    166.59165620803833
                ],
                [
                    -31.696581840515137,
                    156.2335729598999
                ],
                [
                    32.425498962402344,
                    114.90099430084229
                ]
            ],
            "provenance": "nvisii",
            "quaternion_xyzw": [
                0.7257301807403564,
                0.6498819589614868,
                0.21503129601478577,
                0.06878063082695007
            ],
            "quaternion_xyzw_world": [
                0.6146807074546814,
                -0.17983007431030273,
                0.7609313726425171,
                0.1039818525314331
            ],
            "segmentation_id": 1,
            "visibility": 1
        },
        {
            "bounding_box_minx_maxx_miny_maxy": [
                0,
                87,
                1,
                70
            ],
            "class": "Colored",
            "local_cuboid": null,
            "local_to_world_matrix": [
                [
                    -0.014655551873147488,
                    0.003179055405780673,
                    -0.0003292409237474203,
                    0.0
                ],
                [
                    -0.0031758281402289867,
                    -0.014658892527222633,
                    -0.00017591394134797156,
                    0.0
                ],
                [
                    -0.0003590365231502801,
                    -0.00010216688679065555,
                    0.014995354227721691,
                    0.0
                ],
                [
                    1.65924870967865,
                    0.591515839099884,
                    0.6395787596702576,
                    1.0
                ]
            ],
            "location": [
                -0.591515839099884,
                0.6395787596702576,
                -1.65924870967865
            ],
            "location_world": [
                1.65924870967865,
                0.591515839099884,
                0.6395787596702576
            ],
            "name": "hope_Colored_cube_1",
            "projected_cuboid": [
                [
                    -40.93351364135742,
                    -46.9266414642334
                ],
                [
                    44.52759027481079,
                    -56.39307498931885
                ],
                [
                    44.6150541305542,
                    42.39211082458496
                ],
                [
                    -40.453314781188965,
                    47.76139259338379
                ],
                [
                    14.31264877319336,
                    -9.195685386657715
                ],
                [
                    87.60710954666138,
                    -15.741252899169922
                ],
                [
                    87.50612735748291,
                    66.59119129180908
                ],
                [
                    14.501035213470459,
                    70.27089595794678
                ],
                [
                    27.868378162384033,
                    13.882040977478027
                ]
            ],
            "provenance": "nvisii",
            "quaternion_xyzw": [
                0.44041308760643005,
                0.5422807335853577,
                0.5584801435470581,
                -0.447289377450943
            ],
            "quaternion_xyzw_world": [
                -0.011537845246493816,
                -0.0046615698374807835,
                0.9942317008972168,
                0.10652922093868256
            ],
            "segmentation_id": 2,
            "visibility": 1
        },
        {
            "bounding_box_minx_maxx_miny_maxy": [
                279,
                399,
                291,
                400
            ],
            "class": "Colored",
            "local_cuboid": null,