{
    "camera_data": {
        "camera_look_at": {
            "at": [
                1.0,
                0.0,
                0.0
            ],
            "eye": [
                0.0,
                0.0,
                0.0
            ],
            "up": [
                0.0,
                0.0,
                1.0
            ]
        },
        "camera_view_matrix": [
            [
                0.0,
                0.0,
                -1.0,
                0.0
            ],
            [
                -1.0,
                0.0,
                0.0,
                0.0
            ],
            [
                0.0,
                1.0,
                0.0,
                0.0
            ],
            [
                0.0,
                0.0,
                0.0,
                1.0
            ]
        ],
        "height": 500,
        "intrinsics": {
            "cx": 250.0,
            "cy": 250.0,
            "fx": 603.5535278320312,
            "fy": 603.5535278320312
        },
        "location_world": [
            0.0,
            0.0,
            0.0
        ],
        "quaternion_world_xyzw": [
            0.5,
            -0.5,
            -0.5,
            0.5
        ],
        "width": 500
    },
    "objects": [
        {
            "bounding_box_minx_maxx_miny_maxy": [
                263,
                292,
                133,
                164
            ],
            "class": "Cube",
            "local_cuboid": null,
            "local_to_world_matrix": [
                [
                    -0.0008142879232764244,
                    0.0003495959681458771,
                    0.0004633768694475293,
                    0.0
                ],
                [
                    3.489851962967805e-08,
                    0.0007983200484886765,
                    -0.0006022335146553814,
                    0.0
                ],
                [
                    -0.0005804614047519863,
                    -0.0004903752123937011,
                    -0.0006500745075754821,
                    0.0
                ],
                [
                    1.635013222694397,
                    -0.0952882245182991,
                    0.2905484437942505,
                    1.0
                ]
            ],
            "location": [
                0.0952882245182991,
                0.2905484437942505,
                -1.635013222694397
            ],
            "location_world": [
                1.635013222694397,
                -0.0952882245182991,
                0.2905484437942505
            ],
            "name": "hope_Cube_0",
            "projected_cuboid": [
                [
                    287.2689664363861,
                    142.16944575309753
                ],
                [
                    272.2131609916687,
                    153.52728962898254
                ],
                [
                    262.734055519104,
                    143.20433139801025
                ],
                [
                    277.52164006233215,
                    132.0488452911377
                ],
                [
                    292.7737832069397,
                    153.36716175079346
                ],
                [
                    278.09154987335205,
                    164.44319486618042
                ],
                [
                    268.7413692474365,
                    154.18216586112976
                ],
                [
                    283.1684350967407,
                    143.2987004518509
                ],
                [
                    277.8076231479645,
                    148.30391108989716
                ]
            ],
            "provenance": "nvisii",
            "quaternion_xyzw": [
                -0.4099317491054535,
                0.20426765084266663,
                -0.7956586480140686,
                -0.3964315950870514
            ],
            "quaternion_xyzw_world": [
                0.09678150713443756,
                0.9031448364257812,
                -0.30244559049606323,
                -0.28894540667533875
            ],
            "segmentation_id": 1,
            "visibility": 1
        }
    ]
}