{
    "camera_data": {
        "camera_look_at": {
            "at": [
                1.0,
                0.0,
                0.0
            ],
            "eye": [
                0.0,
                0.0,
                0.0
            ],
            "up": [
                0.0,
                0.0,
                1.0
            ]
        },
        "camera_view_matrix": [
            [
                0.0,
                0.0,
                -1.0,
                0.0
            ],
            [
                -1.0,
                0.0,
                0.0,
                0.0
            ],
            [
                0.0,
                1.0,
                0.0,
                0.0
            ],
            [
                0.0,
                0.0,
                0.0,
                1.0
            ]
        ],
        "height": 500,
        "intrinsics": {
            "cx": 250.0,
            "cy": 250.0,
            "fx": 603.5535278320312,
            "fy": 603.5535278320312
        },
        "location_world": [
            0.0,
            0.0,
            0.0
        ],
        "quaternion_world_xyzw": [
            0.5,
            -0.5,
            -0.5,
            0.5
        ],
        "width": 500
    },
    "objects": [
        {
            "bounding_box_minx_maxx_miny_maxy": [
                176,
                458,
                237,
                500
            ],
            "class": "Cube",
            "local_cuboid": null,
            "local_to_world_matrix": [
                [
                    -0.0010784291662275791,
                    0.009121456183493137,
                    -0.00395424198359251,
                    0.0
                ],
                [
                    -0.005563742946833372,
                    0.0027425140142440796,
                    0.00784368347376585,
                    0.0
                ],
                [
                    0.008239038288593292,
                    0.003045924473553896,
                    0.0047791823744773865,
                    0.0
                ],
                [
                    1.7449628114700317,
                    -0.23839734494686127,
                    -0.570268988609314,
                    1.0
                ]
            ],
            "location": [
                0.23839734494686127,
                -0.570268988609314,
                -1.7449628114700317
            ],
            "location_world": [
                1.7449628114700317,
                -0.23839734494686127,
                -0.570268988609314
            ],
            "name": "hope_Cube_0",
            "projected_cuboid": [
                [
                    229.36250269412994,
                    422.42419719696045
                ],
                [
                    175.58667063713074,
                    307.7450394630432
                ],
                [
                    225.24002194404602,
                    443.91584396362305
                ],
                [
                    284.53171253204346,
                    564.7863149642944
                ],
                [
                    369.0951466560364,
                    357.39201307296753
                ],
                [
                    339.89495038986206,
                    235.70726811885834
                ],
                [
                    440.0310814380646,
                    343.13148260116577
                ],
                [
                    459.12399888038635,
                    477.74407267570496
                ],
                [
                    313.8309717178345,
                    390.6314969062805
                ]
            ],
            "provenance": "nvisii",
            "quaternion_xyzw": [
                -0.178458571434021,
                0.9381388425827026,
                0.2756235599517822,
                -0.10990786552429199
            ],
            "quaternion_xyzw_world": [
                0.1870744228363037,
                0.4754408597946167,
                0.5726058483123779,
                0.6411565542221069
            ],
            "segmentation_id": 1,
            "visibility": 1
        }
    ]
}