{
    "camera_data": {
        "camera_look_at": {
            "at": [
                1.0,
                0.0,
                0.0
            ],
            "eye": [
                0.0,
                0.0,
                0.0
            ],
            "up": [
                0.0,
                0.0,
                1.0
            ]
        },
        "camera_view_matrix": [
            [
                0.0,
                0.0,
                -1.0,
                0.0
            ],
            [
                -1.0,
                0.0,
                0.0,
                0.0
            ],
            [
                0.0,
                1.0,
                0.0,
                0.0
            ],
            [
                0.0,
                0.0,
                0.0,
                1.0
            ]
        ],
        "height": 500,
        "intrinsics": {
            "cx": 250.0,
            "cy": 250.0,
            "fx": 603.5535278320312,
            "fy": 603.5535278320312
        },
        "location_world": [
            0.0,
            0.0,
            0.0
        ],
        "quaternion_world_xyzw": [
            0.5,
            -0.5,
            -0.5,
            0.5
        ],
        "width": 500
    },
    "objects": [
        {
            "bounding_box_minx_maxx_miny_maxy": [
                221,
                499,
                314,
                500
            ],
            "class": "Cube",
            "local_cuboid": null,
            "local_to_world_matrix": [
                [
                    -0.006960171274840832,
                    0.0007267803885042667,
                    0.0001667933538556099,
                    0.0
                ],
                [
                    0.0005242099286988378,
                    0.0036554750986397266,
                    0.0059466552920639515,
                    0.0
                ],
                [
                    0.0005303148063831031,
                    0.005925309844315052,
                    -0.0036891023628413677,
                    0.0
                ],
                [
                    0.7433593273162842,
                    -0.31094449758529663,
                    -0.48273321986198425,
                    1.0
                ]
            ],
            "location": [
                0.31094449758529663,
                -0.48273321986198425,
                -0.7433593273162842
            ],
            "location_world": [
                0.7433593273162842,
                -0.31094449758529663,
                -0.48273321986198425
            ],
            "name": "hope_Cube_0",
            "projected_cuboid": [
                [
                    399.8410105705261,
                    841.3066267967224
                ],
                [
                    212.19849586486816,
                    521.0911631584167
                ],
                [
                    517.5521373748779,
                    342.25040674209595
                ],
                [
                    728.5339832305908,
                    669.3050861358643
                ],
                [
                    367.3751950263977,
                    625.5944967269897
                ],
                [
                    248.86929988861084,
                    427.7533292770386
                ],
                [
                    441.04278087615967,
                    313.1522536277771
                ],
                [
                    568.5954093933105,
                    513.473391532898
                ],
                [
                    425.1764416694641,
                    516.5389180183411
                ]
            ],
            "provenance": "nvisii",
            "quaternion_xyzw": [
                -0.17493665218353271,
                0.7122336626052856,
                -0.21127255260944366,
                -0.6461302042007446
            ],
            "quaternion_xyzw_world": [
                0.05121966078877449,
                0.8722865581512451,
                0.48607736825942993,
                0.014883764088153839
            ],
            "segmentation_id": 1,
            "visibility": 1
        }
    ]
}