{
    "camera_data": {
        "camera_look_at": {
            "at": [
                1.0,
                0.0,
                0.0
            ],
            "eye": [
                0.0,
                0.0,
                0.0
            ],
            "up": [
                0.0,
                0.0,
                1.0
            ]
        },
        "camera_view_matrix": [
            [
                0.0,
                0.0,
                -1.0,
                0.0
            ],
            [
                -1.0,
                0.0,
                0.0,
                0.0
            ],
            [
                0.0,
                1.0,
                0.0,
                0.0
            ],
            [
                0.0,
                0.0,
                0.0,
                1.0
            ]
        ],
        "height": 500,
        "intrinsics": {
            "cx": 250.0,
            "cy": 250.0,
            "fx": 603.5535278320312,
            "fy": 603.5535278320312
        },
        "location_world": [
            0.0,
            0.0,
            0.0
        ],
        "quaternion_world_xyzw": [
            0.5,
            -0.5,
            -0.5,
            0.5
        ],
        "width": 500
    },
    "objects": [
        {
            "bounding_box_minx_maxx_miny_maxy": [
                409,
                499,
                398,
                500
            ],
            "class": "Cube",
            "local_cuboid": null,
            "local_to_world_matrix": [
                [
                    -0.004421570338308811,
                    0.00031913898419588804,
                    0.0023125449661165476,
                    0.0
                ],
                [
                    0.002246053656563163,
                    0.0019317474216222763,
                    0.004027852322906256,
                    0.0
                ],
                [
                    -0.0006363616557791829,
                    0.0046007065102458,
                    -0.0018516319105401635,
                    0.0
                ],
                [
                    1.409883737564087,
                    -0.6297951936721802,
                    -0.630997896194458,
                    1.0
                ]
            ],
            "location": [
                0.6297951936721802,
                -0.630997896194458,
                -1.409883737564087
            ],
            "location_world": [
                1.409883737564087,
                -0.6297951936721802,
                -0.630997896194458
            ],
            "name": "hope_Cube_0",
            "projected_cuboid": [
                [
                    488.32935094833374,
                    541.3168668746948
                ],
                [
                    427.38622426986694,
                    430.7897388935089
                ],
                [
                    520.6887722015381,
                    387.617826461792
                ],
                [
                    588.12415599823,
                    491.784930229187
                ],
                [
                    459.7097635269165,
                    544.8950529098511
                ],
                [
                    409.0876579284668,
                    449.2325186729431
                ],
                [
                    490.2316927909851,
                    411.4938974380493
                ],
                [
                    545.7367897033691,
                    502.41661071777344
                ],
                [
                    489.3989861011505,
                    468.3203995227814
                ]
            ],
            "provenance": "nvisii",
            "quaternion_xyzw": [
                0.028850585222244263,
                0.6599481105804443,
                -0.31045517325401306,
                -0.6835596561431885
            ],
            "quaternion_xyzw_world": [
                0.1578471064567566,
                0.8125561475753784,
                0.5309515595436096,
                -0.18145863711833954
            ],
            "segmentation_id": 1,
            "visibility": 1
        }
    ]
}