{
    "camera_data": {
        "camera_look_at": {
            "at": [
                1.0,
                0.0,
                0.0
            ],
            "eye": [
                0.0,
                0.0,
                0.0
            ],
            "up": [
                0.0,
                0.0,
                1.0
            ]
        },
        "camera_view_matrix": [
            [
                0.0,
                0.0,
                -1.0,
                0.0
            ],
            [
                -1.0,
                0.0,
                0.0,
                0.0
            ],
            [
                0.0,
                1.0,
                0.0,
                0.0
            ],
            [
                0.0,
                0.0,
                0.0,
                1.0
            ]
        ],
        "height": 500,
        "intrinsics": {
            "cx": 250.0,
            "cy": 250.0,
            "fx": 603.5535278320312,
            "fy": 603.5535278320312
        },
        "location_world": [
            0.0,
            0.0,
            0.0
        ],
        "quaternion_world_xyzw": [
            0.5,
            -0.5,
            -0.5,
            0.5
        ],
        "width": 500
    },
    "objects": [
        {
            "bounding_box_minx_maxx_miny_maxy": [
                292,
                499,
                163,
                470
            ],
            "class": "Cube",
            "local_cuboid": null,
            "local_to_world_matrix": [
                [
                    -0.008339634165167809,
                    0.0023584316950291395,
                    -0.00498881796374917,
                    0.0
                ],
                [
                    0.0006951725226826966,
                    0.009417661465704441,
                    0.00329004367813468,
                    0.0
                ],
                [
                    0.005474233999848366,
                    0.002396967029199004,
                    -0.00801793672144413,
                    0.0
                ],
                [
                    1.6174895763397217,
                    -0.6993388533592224,
                    -0.23790161311626434,
                    1.0
                ]
            ],
            "location": [
                0.6993388533592224,
                -0.23790161311626434,
                -1.6174895763397217
            ],
            "location_world": [
                1.6174895763397217,
                -0.6993388533592224,
                -0.23790161311626434
            ],
            "name": "hope_Cube_50mm_0",
            "projected_cuboid": [
                [
                    476.62872076034546,
                    469.8415994644165
                ],
                [
                    291.8393909931183,
                    402.1923840045929
                ],
                [
                    355.95041513442993,
                    248.92468750476837
                ],
                [
                    582.2503566741943,
                    326.94143056869507
                ],
                [
                    464.74385261535645,
                    346.43810987472534
                ],
                [
                    318.7345862388611,
                    295.05735635757446
                ],
                [
                    371.6084659099579,
                    161.85234487056732
                ],
                [
                    542.3656105995178,
                    218.81791949272156
                ],
                [
                    421.2595224380493,
                    307.4623942375183
                ]
            ],
            "provenance": "nvisii",
            "quaternion_xyzw": [
                -0.495624840259552,
                0.726682722568512,
                -0.29975631833076477,
                -0.36937034130096436
            ],
            "quaternion_xyzw_world": [
                0.08072192966938019,
                0.9457170963287354,
                0.15033593773841858,
                0.2765904366970062
            ],
            "segmentation_id": 1,
            "visibility": 1
        },
        {
            "bounding_box_minx_maxx_miny_maxy": [
                0,
                268,
                312,
                500
            ],
            "class": "Cube",
            "local_cuboid": null,
            "local_to_world_matrix": [
                [
                    -0.004722197074443102,
                    0.008601750247180462,
                    0.0019263321300968528,
                    0.0
                ],
                [
                    0.0006875416729599237,
                    -0.0018192577408626676,
                    0.009809056296944618,
                    0.0
                ],
                [
                    0.008787954226136208,
                    0.00476447306573391,
                    0.000267682655248791,
                    0.0
                ],
                [
                    1.402698278427124,
                    0.3825967013835907,
                    -0.7011107802391052,
                    1.0
                ]
            ],
            "location": [
                -0.3825967013835907,
                -0.7011107802391052,
                -1.402698278427124
            ],
            "location_world": [
                1.402698278427124,
                0.3825967013835907,
                -0.7011107802391052
            ],
            "name": "hope_Cube_50mm_1",
            "projected_cuboid": [
                [
                    -37.566423416137695,
                    509.2846155166626
                ],
                [
                    4.537791013717651,
                    311.1146092414856
                ],
                [
                    37.21724450588226,
                    342.89026260375977
                ],
                [
                    -21.20441198348999,
                    623.8512992858887
                ],
                [
                    150.59047937393188,
                    507.5106620788574
                ],
                [
                    183.44905972480774,
                    335.73809266090393
                ],
                [
                    269.2178785800934,
                    369.9975609779358
                ],
                [
                    227.52836346626282,
                    600.6871461868286
                ],
                [
                    106.70189559459686,
                    443.7834918498993
                ]
            ],
            "provenance": "nvisii",
            "quaternion_xyzw": [
                0.09710150957107544,
                0.9643490314483643,
                -0.010884508490562439,
                -0.24593457579612732
            ],
            "quaternion_xyzw_world": [
                0.4132002294063568,
                0.5620332956314087,
                0.6482502818107605,
                0.3052142262458801
            ],
            "segmentation_id": 2,
            "visibility": 1
        }
    ]
}