{
    "camera_data": {
        "camera_look_at": {
            "at": [
                1.0,
                0.0,
                0.0
            ],
            "eye": [
                0.0,
                0.0,
                0.0
            ],
            "up": [
                0.0,
                0.0,
                1.0
            ]
        },
        "camera_view_matrix": [
            [
                0.0,
                0.0,
                -1.0,
                0.0
            ],
            [
                -1.0,
                0.0,
                0.0,
                0.0
            ],
            [
                0.0,
                1.0,
                0.0,
                0.0
            ],
            [
                0.0,
                0.0,
                0.0,
                1.0
            ]
        ],
        "height": 500,
        "intrinsics": {
            "cx": 250.0,
            "cy": 250.0,
            "fx": 603.5535278320312,
            "fy": 603.5535278320312
        },
        "location_world": [
            0.0,
            0.0,
            0.0
        ],
        "quaternion_world_xyzw": [
            0.5,
            -0.5,
            -0.5,
            0.5
        ],
        "width": 500
    },
    "objects": [
        {
            "bounding_box_minx_maxx_miny_maxy": [
                185,
                212,
                445,
                476
            ],
            "class": "Cube",
            "local_cuboid": null,
            "local_to_world_matrix": [
                [
                    -0.00026510193129070103,
                    0.0008443722617812455,
                    0.0004655711236409843,
                    0.0
                ],
                [
                    -0.0009611654095351696,
                    -0.00019300950225442648,
                    -0.0001972521422430873,
                    0.0
                ],
                [
                    -7.669459591852501e-05,
                    -0.0004997827927581966,
                    0.0008627486531622708,
                    0.0
                ],
                [
                    1.6287343502044678,
                    0.14122973382472992,
                    -0.55354243516922,
                    1.0
                ]
            ],
            "location": [
                -0.14122973382472992,
                -0.55354243516922,
                -1.6287343502044678
            ],
            "location_world": [
                1.6287343502044678,
                0.14122973382472992,
                -0.55354243516922
            ],
            "name": "hope_Cube_50mm_0",
            "projected_cuboid": [
                [
                    194.17986273765564,
                    443.83516907691956
                ],
                [
                    196.1783915758133,
                    453.54679226875305
                ],
                [
                    186.7392063140869,
                    469.571977853775
                ],
                [
                    185.0247085094452,
                    459.40908789634705
                ],
                [
                    210.23252606391907,
                    450.8635997772217
                ],
                [
                    212.7009481191635,
                    460.7071280479431
                ],
                [
                    203.3006101846695,
                    476.5813648700714
                ],
                [
                    201.11387968063354,
                    466.2950038909912
                ],
                [
                    198.69624078273773,
                    460.0502848625183
                ]
            ],
            "provenance": "nvisii",
            "quaternion_xyzw": [
                0.26276665925979614,
                0.6265830993652344,
                0.7277222871780396,
                0.09363517165184021
            ],
            "quaternion_xyzw_world": [
                0.1276313215494156,
                -0.22877052426338196,
                0.7617184519767761,
                0.5925869345664978
            ],
            "segmentation_id": 1,
            "visibility": 1
        }
    ]
}