{
    "camera_data": {
        "camera_look_at": {
            "at": [
                1.0,
                0.0,
                0.0
            ],
            "eye": [
                0.0,
                0.0,
                0.0
            ],
            "up": [
                0.0,
                0.0,
                1.0
            ]
        },
        "camera_view_matrix": [
            [
                0.0,
                0.0,
                -1.0,
                0.0
            ],
            [
                -1.0,
                0.0,
                0.0,
                0.0
            ],
            [
                0.0,
                1.0,
                0.0,
                0.0
            ],
            [
                0.0,
                0.0,
                0.0,
                1.0
            ]
        ],
        "height": 500,
        "intrinsics": {
            "cx": 250.0,
            "cy": 250.0,
            "fx": 603.5535278320312,
            "fy": 603.5535278320312
        },
        "location_world": [
            0.0,
            0.0,
            0.0
        ],
        "quaternion_world_xyzw": [
            0.5,
            -0.5,
            -0.5,
            0.5
        ],
        "width": 500
    },
    "objects": [
        {
            "bounding_box_minx_maxx_miny_maxy": [
                130,
                344,
                203,
                399
            ],
            "class": "Cube",
            "local_cuboid": null,
            "local_to_world_matrix": [
                [
                    -0.003432497614994645,
                    0.004060403909534216,
                    0.004553139675408602,
                    0.0
                ],
                [
                    -0.005764944013208151,
                    -0.0038680066354572773,
                    -0.0008966312161646783,
                    0.0
                ],
                [
                    0.0019958417396992445,
                    -0.004189468454569578,
                    0.00524070393294096,
                    0.0
                ],
                [
                    1.8420897722244263,
                    0.1330394297838211,
                    -0.1017601266503334,
                    1.0
                ]
            ],
            "location": [
                -0.1330394297838211,
                -0.1017601266503334,
                -1.8420897722244263
            ],
            "location_world": [
                1.8420897722244263,
                0.1330394297838211,
                -0.1017601266503334
            ],
            "name": "hope_Cube_0",
            "projected_cuboid": [
                [
                    206.62158727645874,
                    202.1861970424652
                ],
                [
                    275.283545255661,
                    210.93237400054932
                ],
                [
                    187.91143596172333,
                    319.7046220302582
                ],
                [
                    129.99317049980164,
                    292.0728027820587
                ],
                [
                    272.3402976989746,
                    275.80806612968445
                ],
                [
                    345.2395796775818,
                    296.2261438369751
                ],
                [
                    271.69111371040344,
                    398.6097574234009
                ],
                [
                    206.20685815811157,
                    361.3922894001007
                ],
                [
                    237.08295822143555,
                    294.13914680480957
                ]
            ],
            "provenance": "nvisii",
            "quaternion_xyzw": [
                0.4563860297203064,
                0.658993124961853,
                0.5964536070823669,
                0.041024208068847656
            ],
            "quaternion_xyzw_world": [
                0.2799748480319977,
                -0.2174353301525116,
                0.8354042768478394,
                0.4200424551963806
            ],
            "segmentation_id": 1,
            "visibility": 1
        },
        {
            "bounding_box_minx_maxx_miny_maxy": [
                15,
                198,
                416,
                500
            ],
            "class": "Cube",
            "local_cuboid": null,
            "local_to_world_matrix": [
                [
                    0.0028358614072203636,
                    0.006371088791638613,
                    -0.0006059017614461482,
                    0.0
                ],
                [
                    0.0017032163450494409,
                    -0.0001125092530855909,
                    0.006788696628063917,
                    0.0
                ],
                [
                    0.006169031374156475,
                    -0.0028976837638765574,
                    -0.001595771755091846,
                    0.0
                ],
                [
                    1.6467251777648926,
                    0.39146408438682556,
                    -0.8188921213150024,
                    1.0
                ]
            ],
            "location": [
                -0.39146408438682556,
                -0.8188921213150024,
                -1.6467251777648926
            ],
            "location_world": [
                1.6467251777648926,
                0.39146408438682556,
                -0.8188921213150024
            ],
            "name": "hope_Cube_1",
            "projected_cuboid": [
                [
                    95.77842056751251,
                    531.7889451980591
                ],
                [
                    104.22441363334656,
                    414.8428440093994
                ],
                [
                    23.905664682388306,
                    416.47419333457947
                ],
                [
                    9.418278932571411,
                    556.5820932388306
                ],
                [
                    194.2707747220993,
                    544.3152189254761
                ],
                [
                    198.75572621822357,
                    417.64628887176514
                ],
                [
                    130.23027777671814,
                    420.00505328178406
                ],
                [
                    120.66718935966492,
                    574.2990970611572
                ],
                [
                    111.14297807216644,
                    481.936514377594
                ]
            ],
            "provenance": "nvisii",
            "quaternion_xyzw": [
                -0.01817181706428528,
                0.9696983098983765,
                -0.12150272727012634,
                0.21116816997528076
            ],
            "quaternion_xyzw_world": [
                0.6420987248420715,
                0.44910234212875366,
                0.30942779779434204,
                0.5387678146362305
            ],
            "segmentation_id": 2,
            "visibility": 1
        }
    ]
}