{
    "camera_data": {
        "camera_look_at": {
            "at": [
                1.0,
                0.0,
                0.0
            ],
            "eye": [
                0.0,
                0.0,
                0.0
            ],
            "up": [
                0.0,
                0.0,
                1.0
            ]
        },
        "camera_view_matrix": [
            [
                0.0,
                0.0,
                -1.0,
                0.0
            ],
            [
                -1.0,
                0.0,
                0.0,
                0.0
            ],
            [
                0.0,
                1.0,
                0.0,
                0.0
            ],
            [
                0.0,
                0.0,
                0.0,
                1.0
            ]
        ],
        "height": 500,
        "intrinsics": {
            "cx": 250.0,
            "cy": 250.0,
            "fx": 603.5535278320312,
            "fy": 603.5535278320312
        },
        "location_world": [
            0.0,
            0.0,
            0.0
        ],
        "quaternion_world_xyzw": [
            0.5,
            -0.5,
            -0.5,
            0.5
        ],
        "width": 500
    },
    "objects": [
        {
            "bounding_box_minx_maxx_miny_maxy": [
                88,
                262,
                42,
                234
            ],
            "class": "Cube",
            "local_cuboid": null,
            "local_to_world_matrix": [
                [
                    -0.004126306157559156,
                    0.00043588841799646616,
                    -0.002789910417050123,
                    0.0
                ],
                [
                    0.0014654318802058697,
                    -0.003892189124599099,
                    -0.002775494707748294,
                    0.0
                ],
                [
                    -0.0024137331638485193,
                    -0.0031081929337233305,
                    0.0030843201093375683,
                    0.0
                ],
                [
                    1.3134385347366333,
                    0.25190651416778564,
                    0.32217803597450256,
                    1.0
                ]
            ],
            "location": [
                -0.25190651416778564,
                0.32217803597450256,
                -1.3134385347366333
            ],
            "location_world": [
                1.3134385347366333,
                0.25190651416778564,
                0.32217803597450256
            ],
            "name": "hope_Cube_0",
            "projected_cuboid": [
                [
                    152.8494656085968,
                    77.03927159309387
                ],
                [
                    254.6927034854889,
                    155.87376058101654
                ],
                [
                    184.47567522525787,
                    233.5861474275589
                ],
                [
                    88.2565975189209,
                    166.7208969593048
                ],
                [
                    177.3269772529602,
                    41.27265512943268
                ],
                [
                    263.21715116500854,
                    110.56266725063324
                ],
                [
                    201.68155431747437,
                    181.45999312400818
                ],
                [
                    119.75699663162231,
                    121.34920060634613
                ],
                [
                    180.8849573135376,
                    136.98938488960266
                ]
            ],
            "provenance": "nvisii",
            "quaternion_xyzw": [
                0.49627983570098877,
                0.11105421185493469,
                0.7288730144500732,
                -0.45838576555252075
            ],
            "quaternion_xyzw_world": [
                -0.2899623513221741,
                -0.3278564214706421,
                0.8972963690757751,
                -0.05736920237541199
            ],
            "segmentation_id": 1,
            "visibility": 1
        },
        {
            "bounding_box_minx_maxx_miny_maxy": [
                104,
                245,
                285,
                429
            ],
            "class": "Cube",
            "local_cuboid": null,
            "local_to_world_matrix": [
                [
                    0.0016795977717265487,
                    0.0033238797914236784,
                    0.0033362817484885454,
                    0.0
                ],
                [
                    -0.002962589729577303,
                    -0.002007717965170741,
                    0.003491723444312811,
                    0.0
                ],
                [
                    0.0036608760710805655,
                    -0.0031497448217123747,
                    0.00129502615891397,
                    0.0
                ],
                [
                    1.8494880199432373,
                    0.27337226271629333,
                    -0.39363184571266174,
                    1.0
                ]
            ],
            "location": [
                -0.27337226271629333,
                -0.39363184571266174,
                -1.8494880199432373
            ],
            "location_world": [
                1.8494880199432373,
                0.27337226271629333,
                -0.39363184571266174
            ],
            "name": "hope_Cube_1",
            "projected_cuboid": [
                [
                    165.47034680843353,
                    334.56724882125854
                ],
                [
                    191.66666269302368,
                    283.96686911582947
                ],
                [
                    127.65908241271973,
                    311.3900423049927
                ],
                [
                    104.06628251075745,
                    364.879310131073
                ],
                [
                    214.5526111125946,
                    391.324520111084
                ],
                [
                    246.1578994989395,
                    343.098908662796
                ],
                [
                    185.0835680961609,
                    378.89453768730164
                ],
                [
                    155.379056930542,
                    429.17442321777344
                ],
                [
                    174.130380153656,
                    354.1395664215088
                ]
            ],
            "provenance": "nvisii",
            "quaternion_xyzw": [
                0.30374932289123535,
                0.879672646522522,
                0.24199998378753662,
                0.2744966149330139
            ],
            "quaternion_xyzw_world": [
                0.6079592704772949,
                0.0297133419662714,
                0.5754626989364624,
                0.546209990978241
            ],
            "segmentation_id": 2,
            "visibility": 1
        },
        {
            "bounding_box_minx_maxx_miny_maxy": [
                389,
                499,
                66,
                250
            ],
            "class": "Cube",
            "local_cuboid": null,