{
    "camera_data": {
        "camera_look_at": {
            "at": [
                1.0,
                0.0,
                0.0
            ],
            "eye": [
                0.0,
                0.0,
                0.0
            ],
            "up": [
                0.0,
                0.0,
                1.0
            ]
        },
        "camera_view_matrix": [
            [
                0.0,
                0.0,
                -1.0,
                0.0
            ],
            [
                -1.0,
                0.0,
                0.0,
                0.0
            ],
            [
                0.0,
                1.0,
                0.0,
                0.0
            ],
            [
                0.0,
                0.0,
                0.0,
                1.0
            ]
        ],
        "height": 500,
        "intrinsics": {
            "cx": 250.0,
            "cy": 250.0,
            "fx": 603.5535278320312,
            "fy": 603.5535278320312
        },
        "location_world": [
            0.0,
            0.0,
            0.0
        ],
        "quaternion_world_xyzw": [
            0.5,
            -0.5,
            -0.5,
            0.5
        ],
        "width": 500
    },
    "objects": [
        {
            "bounding_box_minx_maxx_miny_maxy": [
                204,
                235,
                241,
                278
            ],
            "class": "Cube",
            "local_cuboid": null,
            "local_to_world_matrix": [
                [
                    -0.00010827279766090214,
                    0.000960121804382652,
                    -0.00025776601978577673,
                    0.0
                ],
                [
                    0.0008511578198522329,
                    0.00022349650680553168,
                    0.0004749525396618992,
                    0.0
                ],
                [
                    0.0005136220715939999,
                    -0.00016797507123555988,
                    -0.0008414136827923357,
                    0.0
                ],
                [
                    1.212875485420227,
                    0.056372109800577164,
                    -0.02983279339969158,
                    1.0
                ]
            ],
            "location": [
                -0.056372109800577164,
                -0.02983279339969158,
                -1.212875485420227
            ],
            "location_world": [
                1.212875485420227,
                0.056372109800577164,
                -0.02983279339969158
            ],
            "name": "hope_Cube_0",
            "projected_cuboid": [
                [
                    212.40733563899994,
                    278.2835364341736
                ],
                [
                    208.34217965602875,
                    266.00712537765503
                ],
                [
                    203.39098572731018,
                    245.85942924022675
                ],
                [
                    207.36736059188843,
                    257.68306851387024
                ],
                [
                    236.159548163414,
                    271.8265652656555
                ],
                [
                    231.31637275218964,
                    259.8186433315277
                ],
                [
                    226.86049342155457,
                    239.63092267513275
                ],
                [
                    231.64941370487213,
                    251.18094682693481
                ],
                [
                    219.6991741657257,
                    258.7827146053314
                ]
            ],
            "provenance": "nvisii",
            "quaternion_xyzw": [
                -0.14013192057609558,
                0.858588457107544,
                -0.49283549189567566,
                0.017383836209774017
            ],
            "quaternion_xyzw_world": [
                0.6143379211425781,
                0.7370859980583191,
                0.10411860048770905,
                0.26163434982299805
            ],
            "segmentation_id": 1,
            "visibility": 1
        }
    ]
}