{
    "camera_data": {
        "camera_look_at": {
            "at": [
                1.0,
                0.0,
                0.0
            ],
            "eye": [
                0.0,
                0.0,
                0.0
            ],
            "up": [
                0.0,
                0.0,
                1.0
            ]
        },
        "camera_view_matrix": [
            [
                0.0,
                0.0,
                -1.0,
                0.0
            ],
            [
                -1.0,
                0.0,
                0.0,
                0.0
            ],
            [
                0.0,
                1.0,
                0.0,
                0.0
            ],
            [
                0.0,
                0.0,
                0.0,
                1.0
            ]
        ],
        "height": 400,
        "intrinsics": {
            "cx": 200.0,
            "cy": 200.0,
            "fx": 482.84283447265625,
            "fy": 482.84283447265625
        },
        "location_world": [
            0.0,
            0.0,
            0.0
        ],
        "quaternion_world_xyzw": [
            0.5,
            -0.5,
            -0.5,
            0.5
        ],
        "width": 400
    },
    "objects": [
        {
            "bounding_box_minx_maxx_miny_maxy": [
                123,
                226,
                3,
                103
            ],
            "class": "Cube",
            "local_cuboid": null,
            "local_to_world_matrix": [
                [
                    -0.0014723407803103328,
                    0.004776549991220236,
                    0.00012955597776453942,
                    0.0
                ],
                [
                    0.004415738396346569,
                    0.0013083225348964334,
                    0.0019466750090941787,
                    0.0
                ],
                [
                    0.0018257778137922287,
                    0.0006876508705317974,
                    -0.004603658802807331,
                    0.0
                ],
                [
                    1.4042690992355347,
                    0.05914554372429848,
                    0.4170466363430023,
                    1.0
                ]
            ],
            "location": [
                -0.05914554372429848,
                0.4170466363430023,
                -1.4042690992355347
            ],
            "location_world": [
                1.4042690992355347,
                0.05914554372429848,
                0.4170466363430023
            ],
            "name": "distract_Cube_0",
            "projected_cuboid": [
                [
                    133.1141471862793,
                    95.71844339370728
                ],
                [
                    122.8208065032959,
                    81.04616403579712
                ],
                [
                    129.01537418365479,
                    1.9582271575927734
                ],
                [
                    141.05429649353027,
                    4.433488845825195
                ],
                [
                    213.99009227752686,
                    102.98588275909424
                ],
                [
                    193.68300437927246,
                    88.00649642944336
                ],
                [
                    203.59792709350586,
                    12.914037704467773
                ],
                [
                    226.80225372314453,
                    16.9921875
                ],
                [
                    170.71897983551025,
                    51.540231704711914
                ]
            ],
            "provenance": "nvisii",
            "quaternion_xyzw": [
                -0.07160758972167969,
                0.8230735659599304,
                -0.5479094982147217,
                -0.1312149465084076
            ],
            "quaternion_xyzw_world": [
                0.5840802788734436,
                0.7869028449058533,
                0.16738571226596832,
                0.10777834802865982
            ],
            "segmentation_id": 1,
            "visibility": 1
        },
        {
            "bounding_box_minx_maxx_miny_maxy": [
                190,
                240,
                353,
                400
            ],
            "class": "Cube",
            "local_cuboid": null,
            "local_to_world_matrix": [
                [
                    0.00467296876013279,
                    0.0011273858835920691,
                    0.0013756310800090432,
                    0.0
                ],
                [
                    -0.0016795705305412412,
                    0.0015248393174260855,
                    0.004455772694200277,
                    0.0
                ],
                [
                    0.0005851517198607326,
                    -0.004626431502401829,
                    0.001803810242563486,
                    0.0
                ],
                [
                    1.1304211616516113,
                    -0.0034087030217051506,
                    -0.5974522829055786,
                    1.0
                ]
            ],
            "location": [
                0.0034087030217051506,
                -0.5974522829055786,
                -1.1304211616516113
            ],
            "location_world": [
                1.1304211616516113,
                -0.0034087030217051506,
                -0.5974522829055786
            ],
            "name": "distract_Cube_1",
            "projected_cuboid": [
                [
                    234.77611541748047,
                    398.1943130493164
                ],
                [
                    206.00242614746094,
                    320.9991931915283
                ],
                [
                    108.91671180725098,
                    361.9938373565674
                ],
                [
                    144.98789310455322,
                    438.2282257080078
                ],
                [
                    269.1488265991211,
                    475.52995681762695
                ],
                [
                    236.31224632263184,
                    386.11135482788086
                ],
                [
                    115.40426015853882,
                    439.6561622619629
                ],
                [
                    159.36672687530518,
                    527.1924018859863
                ],
                [
                    184.60118770599365,
                    415.6217575073242
                ]
            ],
            "provenance": "nvisii",
            "quaternion_xyzw": [
                -0.009983524680137634,
                0.7472720146179199,
                0.23307311534881592,
                0.6222232580184937
            ],
            "quaternion_xyzw_world": [
                0.5632193088531494,
                -0.049020394682884216,
                0.17406921088695526,
                0.8062759637832642
            ],
            "segmentation_id": 2,
            "visibility": 1
        },
        {
            "bounding_box_minx_maxx_miny_maxy": [
                0,
                127,
                1,
                136
            ],
            "class": "Green",
            "local_cuboid": null,