{
    "camera_data": {
        "camera_look_at": {
            "at": [
                1.0,
                0.0,
                0.0
            ],
            "eye": [
                0.0,
                0.0,
                0.0
            ],
            "up": [
                0.0,
                0.0,
                1.0
            ]
        },
        "camera_view_matrix": [
            [
                0.0,
                0.0,
                -1.0,
                0.0
            ],
            [
                -1.0,
                0.0,
                0.0,
                0.0
            ],
            [
                0.0,
                1.0,
                0.0,
                0.0
            ],
            [
                0.0,
                0.0,
                0.0,
                1.0
            ]
        ],
        "height": 400,
        "intrinsics": {
            "cx": 200.0,
            "cy": 200.0,
            "fx": 482.84283447265625,
            "fy": 482.84283447265625
        },
        "location_world": [
            0.0,
            0.0,
            0.0
        ],
        "quaternion_world_xyzw": [
            0.5,
            -0.5,
            -0.5,
            0.5
        ],
        "width": 400
    },
    "objects": [
        {
            "bounding_box_minx_maxx_miny_maxy": [
                296,
                399,
                372,
                400
            ],
            "class": "Green",
            "local_cuboid": null,
            "local_to_world_matrix": [
                [
                    -0.0004114597977604717,
                    0.0049823010340332985,
                    8.59183055581525e-05,
                    0.0
                ],
                [
                    0.004912815522402525,
                    0.00042002261034213006,
                    -0.0008293518330901861,
                    0.0
                ],
                [
                    -0.0008336335886269808,
                    1.6171297829714604e-05,
                    -0.004929989576339722,
                    0.0
                ],
                [
                    1.2412683963775635,
                    -0.443746954202652,
                    -0.6185852885246277,
                    1.0
                ]
            ],
            "location": [
                0.443746954202652,
                -0.6185852885246277,
                -1.2412683963775635
            ],
            "location_world": [
                1.2412683963775635,
                -0.443746954202652,
                -0.6185852885246277
            ],
            "name": "hope_Green_cube_0",
            "projected_cuboid": [
                [
                    327.19438076019287,
                    495.13306617736816
                ],
                [
                    298.7668037414551,
                    459.08756256103516
                ],
                [
                    296.27835750579834,
                    372.3944664001465
                ],
                [
                    323.2710838317871,
                    390.228271484375
                ],
                [
                    422.802734375,
                    491.8848991394043
                ],
                [
                    378.86366844177246,
                    456.8821907043457
                ],
                [
                    374.20969009399414,
                    371.4245319366455
                ],
                [
                    415.8108711242676,
                    388.7827396392822
                ],
                [
                    353.3550500869751,
                    426.29804611206055
                ]
            ],
            "provenance": "nvisii",
            "quaternion_xyzw": [
                -0.02590140700340271,
                0.6449541449546814,
                -0.7630624771118164,
                -0.03315199911594391
            ],
            "quaternion_xyzw_world": [
                0.6744815707206726,
                0.7335349917411804,
                -0.0554288886487484,
                -0.0626794844865799
            ],
            "segmentation_id": 1,
            "visibility": 1
        },
        {
            "bounding_box_minx_maxx_miny_maxy": [
                0,
                62,
                362,
                400
            ],
            "class": "Green",
            "local_cuboid": null,
            "local_to_world_matrix": [
                [
                    -0.0048126159235835075,
                    0.0012861954746767879,
                    -0.0004294593818485737,
                    0.0
                ],
                [
                    -3.125481089227833e-05,
                    0.0014779153279960155,
                    0.004776483401656151,
                    0.0
                ],
                [
                    0.0013556390767917037,
                    0.004600159823894501,
                    -0.001414488535374403,
                    0.0
                ],
                [
                    0.927392840385437,
                    0.3860280513763428,
                    -0.622139036655426,
                    1.0
                ]
            ],
            "location": [
                -0.3860280513763428,
                -0.622139036655426,
                -0.927392840385437
            ],
            "location_world": [
                0.927392840385437,
                0.3860280513763428,
                -0.622139036655426
            ],
            "name": "hope_Green_cube_1",
            "projected_cuboid": [
                [
                    -106.12983703613281,
                    583.669376373291
                ],
                [
                    -149.2060422897339,
                    447.0072269439697
                ],
                [
                    -35.95423698425293,
                    424.4494438171387
                ],
                [
                    10.669434070587158,
                    573.1377601623535
                ],
                [
                    -9.31406021118164,
                    488.7259006500244
                ],
                [
                    -42.65289306640625,
                    382.37454891204834
                ],
                [
                    50.81191062927246,
                    360.85124015808105
                ],
                [
                    86.2356424331665,
                    474.3461608886719
                ],
                [
                    -20.406150817871094,
                    461.9631767272949
                ]
            ],
            "provenance": "nvisii",
            "quaternion_xyzw": [
                -0.1210290789604187,
                0.787982165813446,
                -0.08777058869600296,
                -0.5972708463668823
            ],
            "quaternion_xyzw_world": [
                0.07872642576694489,
                0.7970263361930847,
                0.5882266759872437,
                0.11198490858078003
            ],
            "segmentation_id": 2,
            "visibility": 1
        },
        {
            "bounding_box_minx_maxx_miny_maxy": [
                329,
                399,
                87,
                236
            ],
            "class": "Green",
            "local_cuboid": null,