{
    "camera_data": {
        "camera_look_at": {
            "at": [
                1.0,
                0.0,
                0.0
            ],
            "eye": [
                0.0,
                0.0,
                0.0
            ],
            "up": [
                0.0,
                0.0,
                1.0
            ]
        },
        "camera_view_matrix": [
            [
                0.0,
                0.0,
                -1.0,
                0.0
            ],
            [
                -1.0,
                0.0,
                0.0,
                0.0
            ],
            [
                0.0,
                1.0,
                0.0,
                0.0
            ],
            [
                0.0,
                0.0,
                0.0,
                1.0
            ]
        ],
        "height": 500,
        "intrinsics": {
            "cx": 250.0,
            "cy": 250.0,
            "fx": 603.5535278320312,
            "fy": 603.5535278320312
        },
        "location_world": [
            0.0,
            0.0,
            0.0
        ],
        "quaternion_world_xyzw": [
            0.5,
            -0.5,
            -0.5,
            0.5
        ],
        "width": 500
    },
    "objects": [
        {
            "bounding_box_minx_maxx_miny_maxy": [
                -1,
                -1,
                -1,
                -1
            ],
            "class": "Cube",
            "local_cuboid": null,
            "local_to_world_matrix": [
                [
                    0.00015780914691276848,
                    3.280446253484115e-05,
                    -0.0009869247442111373,
                    0.0
                ],
                [
                    9.010890789795667e-05,
                    0.0009947997750714421,
                    4.747463026433252e-05,
                    0.0
                ],
                [
                    0.0009833498625084758,
                    -9.642263466957957e-05,
                    0.00015403253200929612,
                    0.0
                ],
                [
                    1.0236241817474365,
                    0.16150684654712677,
                    -0.660788893699646,
                    1.0
                ]
            ],
            "location": [
                -0.16150684654712677,
                -0.660788893699646,
                -1.0236241817474365
            ],
            "location_world": [
                1.0236241817474365,
                0.16150684654712677,
                -0.660788893699646
            ],
            "name": "hope_Cube_0",
            "projected_cuboid": [
                [
                    158.2661122083664,
                    640.997052192688
                ],
                [
                    130.24625182151794,
                    637.9740238189697
                ],
                [
                    121.51387333869934,
                    661.5217328071594
                ],
                [
                    150.86805820465088,
                    664.7987365722656
                ],
                [
                    158.52098166942596,
                    615.4308319091797
                ],
                [
                    130.2891969680786,
                    612.494945526123
                ],
                [
                    121.4899867773056,
                    634.9751949310303
                ],
                [
                    151.07685327529907,
                    638.1579637527466
                ],
                [
                    140.34903049468994,
                    638.0633115768433
                ]
            ],
            "provenance": "nvisii",
            "quaternion_xyzw": [
                -0.6897591352462769,
                0.7182668447494507,
                0.0222492553293705,
                0.08848793804645538
            ],
            "quaternion_xyzw_world": [
                0.04737316817045212,
                0.6486443877220154,
                -0.018865497782826424,
                0.7593815922737122
            ],
            "segmentation_id": 1,
            "visibility": 0
        }
    ]
}