{
    "camera_data": {
        "camera_look_at": {
            "at": [
                1.0,
                0.0,
                0.0
            ],
            "eye": [
                0.0,
                0.0,
                0.0
            ],
            "up": [
                0.0,
                0.0,
                1.0
            ]
        },
        "camera_view_matrix": [
            [
                0.0,
                0.0,
                -1.0,
                0.0
            ],
            [
                -1.0,
                0.0,
                0.0,
                0.0
            ],
            [
                0.0,
                1.0,
                0.0,
                0.0
            ],
            [
                0.0,
                0.0,
                0.0,
                1.0
            ]
        ],
        "height": 500,
        "intrinsics": {
            "cx": 250.0,
            "cy": 250.0,
            "fx": 603.5535278320312,
            "fy": 603.5535278320312
        },
        "location_world": [
            0.0,
            0.0,
            0.0
        ],
        "quaternion_world_xyzw": [
            0.5,
            -0.5,
            -0.5,
            0.5
        ],
        "width": 500
    },
    "objects": [
        {
            "bounding_box_minx_maxx_miny_maxy": [
                249,
                385,
                1,
                137
            ],
            "class": "Cube",
            "local_cuboid": null,
            "local_to_world_matrix": [
                [
                    -0.001282104174606502,
                    0.0037098941393196583,
                    0.003097240347415209,
                    0.0
                ],
                [
                    -0.003219704143702984,
                    -0.003045383607968688,
                    0.0023149820044636726,
                    0.0
                ],
                [
                    0.003604124765843153,
                    -0.001400829991325736,
                    0.003169852076098323,
                    0.0
                ],
                [
                    1.8290926218032837,
                    -0.12387917935848236,
                    0.48702242970466614,
                    1.0
                ]
            ],
            "location": [
                0.12387917935848236,
                0.48702242970466614,
                -1.8290926218032837
            ],
            "location_world": [
                1.8290926218032837,
                -0.12387917935848236,
                0.48702242970466614
            ],
            "name": "hope_Cube_0",
            "projected_cuboid": [
                [
                    271.1571753025055,
                    44.129401445388794
                ],
                [
                    326.3714611530304,
                    -15.542358160018921
                ],
                [
                    307.92897939682007,
                    15.381291508674622
                ],
                [
                    248.62490594387054,
                    78.43625545501709
                ],
                [
                    327.8386890888214,
                    98.7943708896637
                ],
                [
                    386.1728310585022,
                    46.17491364479065
                ],
                [
                    375.1579523086548,
                    82.7750414609909
                ],
                [
                    311.8894398212433,
                    137.4216377735138
                ],
                [
                    319.037526845932,
                    61.921268701553345
                ]
            ],
            "provenance": "nvisii",
            "quaternion_xyzw": [
                0.3591133952140808,
                0.8552485704421997,
                0.3735496997833252,
                0.006940990686416626
            ],
            "quaternion_xyzw_world": [
                0.4238766133785248,
                0.057822197675704956,
                0.7904853224754333,
                0.43831291794776917
            ],
            "segmentation_id": 1,
            "visibility": 1
        }
    ]
}