{
    "camera_data": {
        "camera_look_at": {
            "at": [
                1.0,
                0.0,
                0.0
            ],
            "eye": [
                0.0,
                0.0,
                0.0
            ],
            "up": [
                0.0,
                0.0,
                1.0
            ]
        },
        "camera_view_matrix": [
            [
                0.0,
                0.0,
                -1.0,
                0.0
            ],
            [
                -1.0,
                0.0,
                0.0,
                0.0
            ],
            [
                0.0,
                1.0,
                0.0,
                0.0
            ],
            [
                0.0,
                0.0,
                0.0,
                1.0
            ]
        ],
        "height": 500,
        "intrinsics": {
            "cx": 250.0,
            "cy": 250.0,
            "fx": 603.5535278320312,
            "fy": 603.5535278320312
        },
        "location_world": [
            0.0,
            0.0,
            0.0
        ],
        "quaternion_world_xyzw": [
            0.5,
            -0.5,
            -0.5,
            0.5
        ],
        "width": 500
    },
    "objects": [
        {
            "bounding_box_minx_maxx_miny_maxy": [
                188,
                393,
                97,
                309
            ],
            "class": "Cube",
            "local_cuboid": null,
            "local_to_world_matrix": [
                [
                    -0.00301999575458467,
                    0.00557332206517458,
                    0.00296946638263762,
                    0.0
                ],
                [
                    0.003230075119063258,
                    -0.0014651279198005795,
                    0.006034901365637779,
                    0.0
                ],
                [
                    0.005426441319286823,
                    0.003973852843046188,
                    -0.0019396538846194744,
                    0.0
                ],
                [
                    1.5210754871368408,
                    -0.07552254945039749,
                    -0.04811333119869232,
                    1.0
                ]
            ],
            "location": [
                0.07552254945039749,
                -0.04811333119869232,
                -1.5210754871368408
            ],
            "location_world": [
                1.5210754871368408,
                -0.07552254945039749,
                -0.04811333119869232
            ],
            "name": "hope_Cube_0",
            "projected_cuboid": [
                [
                    187.72350251674652,
                    258.53782892227173
                ],
                [
                    218.8652753829956,
                    153.24491262435913
                ],
                [
                    294.6248948574066,
                    95.62292695045471
                ],
                [
                    266.3733661174774,
                    215.6207263469696
                ],
                [
                    290.24627804756165,
                    309.5253109931946
                ],
                [
                    310.1615309715271,
                    208.27969908714294
                ],
                [
                    394.1378593444824,
                    165.22428393363953
                ],
                [
                    379.8075318336487,
                    280.5135250091553
                ],
                [
                    292.2573387622833,
                    211.28129959106445
                ]
            ],
            "provenance": "nvisii",
            "quaternion_xyzw": [
                0.17094475030899048,
                0.92648845911026,
                -0.199282705783844,
                -0.26959890127182007
            ],
            "quaternion_xyzw_world": [
                0.5135585069656372,
                0.6122126579284668,
                0.5838747024536133,
                0.14333106577396393
            ],
            "segmentation_id": 1,
            "visibility": 1
        },
        {
            "bounding_box_minx_maxx_miny_maxy": [
                363,
                499,
                301,
                500
            ],
            "class": "Cube",
            "local_cuboid": null,
            "local_to_world_matrix": [
                [
                    0.0018626694800332189,
                    0.005578959360718727,
                    0.003795481286942959,
                    0.0
                ],
                [
                    -0.0029396088793873787,
                    -0.002873221645131707,
                    0.005665977019816637,
                    0.0
                ],
                [
                    0.006073645316064358,
                    -0.003101581474766135,
                    0.0015782993286848068,
                    0.0
                ],
                [
                    0.6333857774734497,
                    -0.24976511299610138,
                    -0.41068512201309204,
                    1.0
                ]
            ],
            "location": [
                0.24976511299610138,
                -0.41068512201309204,
                -0.6333857774734497
            ],
            "location_world": [
                0.6333857774734497,
                -0.24976511299610138,
                -0.41068512201309204
            ],
            "name": "hope_Cube_1",
            "projected_cuboid": [
                [
                    386.29084825515747,
                    450.5140781402588
                ],
                [
                    542.1570539474487,
                    243.8674122095108
                ],
                [
                    529.3647050857544,
                    363.9496862888336
                ],
                [
                    287.43019700050354,
                    656.0049057006836
                ],
                [
                    631.4012408256531,
                    630.8587789535522
                ],
                [
                    872.6900815963745,
                    436.48451566696167
                ],
                [
                    1204.2951583862305,
                    798.5067367553711
                ],
                [
                    682.498574256897,
                    1006.2558650970459
                ],
                [
                    596.6721773147583,
                    540.01384973526
                ]
            ],
            "provenance": "nvisii",
            "quaternion_xyzw": [
                0.2555602192878723,
                0.9319445490837097,
                0.17313674092292786,
                0.19024163484573364
            ],
            "quaternion_xyzw_world": [
                0.6023048758506775,
                0.15650299191474915,
                0.5851999521255493,
                0.5198813676834106
            ],
            "segmentation_id": 2,
            "visibility": 1
        }
    ]
}