{
    "camera_data": {
        "camera_look_at": {
            "at": [
                1.0,
                0.0,
                0.0
            ],
            "eye": [
                0.0,
                0.0,
                0.0
            ],
            "up": [
                0.0,
                0.0,
                1.0
            ]
        },
        "camera_view_matrix": [
            [
                0.0,
                0.0,
                -1.0,
                0.0
            ],
            [
                -1.0,
                0.0,
                0.0,
                0.0
            ],
            [
                0.0,
                1.0,
                0.0,
                0.0
            ],
            [
                0.0,
                0.0,
                0.0,
                1.0
            ]
        ],
        "height": 500,
        "intrinsics": {
            "cx": 250.0,
            "cy": 250.0,
            "fx": 603.5535278320312,
            "fy": 603.5535278320312
        },
        "location_world": [
            0.0,
            0.0,
            0.0
        ],
        "quaternion_world_xyzw": [
            0.5,
            -0.5,
            -0.5,
            0.5
        ],
        "width": 500
    },
    "objects": [
        {
            "bounding_box_minx_maxx_miny_maxy": [
                378,
                419,
                53,
                89
            ],
            "class": "Cube",
            "local_cuboid": null,
            "local_to_world_matrix": [
                [
                    0.0005333410808816552,
                    -0.0004880215274170041,
                    -0.0006909286021254957,
                    0.0
                ],
                [
                    0.00020335408044047654,
                    -0.0007188730523921549,
                    0.0006647322443313897,
                    0.0
                ],
                [
                    -0.0008210935047827661,
                    -0.0004950322327204049,
                    -0.00028416336863301694,
                    0.0
                ],
                [
                    1.2209652662277222,
                    -0.28512561321258545,
                    0.3484037518501282,
                    1.0
                ]
            ],
            "location": [
                0.28512561321258545,
                0.3484037518501282,
                -1.2209652662277222
            ],
            "location_world": [
                1.2209652662277222,
                -0.28512561321258545,
                0.3484037518501282
            ],
            "name": "hope_Cube_50mm_0",
            "projected_cuboid": [
                [
                    404.0007293224335,
                    88.87635171413422
                ],
                [
                    420.44609785079956,
                    73.82506132125854
                ],
                [
                    403.10487151145935,
                    72.76372611522675
                ],
                [
                    387.05703616142273,
                    87.31396496295929
                ],
                [
                    395.0541019439697,
                    67.69260764122009
                ],
                [
                    411.9417071342468,
                    52.48598754405975
                ],
                [
                    394.5090174674988,
                    52.10922658443451
                ],
                [
                    378.0416250228882,
                    66.80440902709961
                ],
                [
                    399.20732378959656,
                    70.30868530273438
                ]
            ],
            "provenance": "nvisii",
            "quaternion_xyzw": [
                0.023429960012435913,
                0.2981683015823364,
                -0.4087602496147156,
                0.8622423410415649
            ],
            "quaternion_xyzw_world": [
                0.7963004112243652,
                -0.08937186002731323,
                -0.4747021496295929,
                0.36411020159721375
            ],
            "segmentation_id": 1,
            "visibility": 1
        }
    ]
}