{
    "camera_data": {
        "camera_look_at": {
            "at": [
                1.0,
                0.0,
                0.0
            ],
            "eye": [
                0.0,
                0.0,
                0.0
            ],
            "up": [
                0.0,
                0.0,
                1.0
            ]
        },
        "camera_view_matrix": [
            [
                0.0,
                0.0,
                -1.0,
                0.0
            ],
            [
                -1.0,
                0.0,
                0.0,
                0.0
            ],
            [
                0.0,
                1.0,
                0.0,
                0.0
            ],
            [
                0.0,
                0.0,
                0.0,
                1.0
            ]
        ],
        "height": 500,
        "intrinsics": {
            "cx": 250.0,
            "cy": 250.0,
            "fx": 603.5535278320312,
            "fy": 603.5535278320312
        },
        "location_world": [
            0.0,
            0.0,
            0.0
        ],
        "quaternion_world_xyzw": [
            0.5,
            -0.5,
            -0.5,
            0.5
        ],
        "width": 500
    },
    "objects": [
        {
            "bounding_box_minx_maxx_miny_maxy": [
                0,
                209,
                91,
                422
            ],
            "class": "Cube",
            "local_cuboid": null,
            "local_to_world_matrix": [
                [
                    -0.0030561613384634256,
                    0.009418271481990814,
                    -0.0013985872501507401,
                    0.0
                ],
                [
                    0.007630595006048679,
                    0.003301214426755905,
                    0.005556619260460138,
                    0.0
                ],
                [
                    0.005695078056305647,
                    0.0006309871096163988,
                    -0.008195605129003525,
                    0.0
                ],
                [
                    1.1673089265823364,
                    0.3240946829319,
                    -0.1251850724220276,
                    1.0
                ]
            ],
            "location": [
                -0.3240946829319,
                -0.1251850724220276,
                -1.1673089265823364
            ],
            "location_world": [
                1.1673089265823364,
                0.3240946829319,
                -0.1251850724220276
            ],
            "name": "hope_Cube_50mm_0",
            "projected_cuboid": [
                [
                    -31.557798385620117,
                    428.6462068557739
                ],
                [
                    -26.72770619392395,
                    282.59533643722534
                ],
                [
                    -71.65628671646118,
                    103.6236435174942
                ],
                [
                    -96.00818157196045,
                    221.5314656496048
                ],
                [
                    204.53497767448425,
                    378.501832485199
                ],
                [
                    157.98833966255188,
                    255.90017437934875
                ],
                [
                    153.16055715084076,
                    90.2450680732727
                ],
                [
                    210.06952226161957,
                    187.15879321098328
                ],
                [
                    69.28817927837372,
                    243.89797449111938
                ]
            ],
            "provenance": "nvisii",
            "quaternion_xyzw": [
                -0.13418158888816833,
                0.8756421804428101,
                -0.45184552669525146,
                -0.10526981204748154
            ],
            "quaternion_xyzw_world": [
                0.5440181493759155,
                0.783469557762146,
                0.1974424570798874,
                0.2263542264699936
            ],
            "segmentation_id": 1,
            "visibility": 1
        },
        {
            "bounding_box_minx_maxx_miny_maxy": [
                202,
                472,
                1,
                299
            ],
            "class": "Cube",
            "local_cuboid": null,
            "local_to_world_matrix": [
                [
                    0.00889911875128746,
                    0.003535577328875661,
                    -0.0028819041326642036,
                    0.0
                ],
                [
                    -0.003949224483221769,
                    0.0028107815887778997,
                    -0.008746606297791004,
                    0.0
                ],
                [
                    -0.0022823899053037167,
                    0.008921838365495205,
                    0.0038976268842816353,
                    0.0
                ],
                [
                    1.706528902053833,
                    -0.2579255700111389,
                    0.46101877093315125,
                    1.0
                ]
            ],
            "location": [
                0.2579255700111389,
                0.46101877093315125,
                -1.706528902053833
            ],
            "location_world": [
                1.706528902053833,
                -0.2579255700111389,
                0.46101877093315125
            ],
            "name": "hope_Cube_50mm_1",
            "projected_cuboid": [
                [
                    232.7473759651184,
                    93.17100048065186
                ],
                [
                    180.05679547786713,
                    232.3089838027954
                ],
                [
                    335.0503444671631,
                    299.1992235183716
                ],
                [
                    369.30331587791443,
                    161.40565276145935
                ],
                [
                    302.1373152732849,
                    -16.676366329193115
                ],
                [
                    241.52244627475739,
                    155.17309308052063
                ],
                [
                    442.6223635673523,
                    250.76571106910706
                ],
                [
                    472.98192977905273,
                    79.39353585243225
                ],
                [
                    320.4444348812103,
                    159.0225100517273
                ]
            ],
            "provenance": "nvisii",
            "quaternion_xyzw": [
                -0.5685209035873413,
                0.25032880902290344,
                0.7836544513702393,
                -0.0022689402103424072
            ],
            "quaternion_xyzw_world": [
                -0.5520577430725098,
                0.01873207464814186,
                0.2338656783103943,
                0.8001176118850708
            ],
            "segmentation_id": 2,
            "visibility": 1
        }
    ]
}