{
    "camera_data": {
        "camera_look_at": {
            "at": [
                1.0,
                0.0,
                0.0
            ],
            "eye": [
                0.0,
                0.0,
                0.0
            ],
            "up": [
                0.0,
                0.0,
                1.0
            ]
        },
        "camera_view_matrix": [
            [
                0.0,
                0.0,
                -1.0,
                0.0
            ],
            [
                -1.0,
                0.0,
                0.0,
                0.0
            ],
            [
                0.0,
                1.0,
                0.0,
                0.0
            ],
            [
                0.0,
                0.0,
                0.0,
                1.0
            ]
        ],
        "height": 400,
        "intrinsics": {
            "cx": 200.0,
            "cy": 200.0,
            "fx": 482.84283447265625,
            "fy": 482.84283447265625
        },
        "location_world": [
            0.0,
            0.0,
            0.0
        ],
        "quaternion_world_xyzw": [
            0.5,
            -0.5,
            -0.5,
            0.5
        ],
        "width": 400
    },
    "objects": [
        {
            "bounding_box_minx_maxx_miny_maxy": [
                80,
                171,
                1,
                38
            ],
            "class": "Cube",
            "local_cuboid": null,
            "local_to_world_matrix": [
                [
                    0.00016383796173613518,
                    -0.004457884468138218,
                    -0.002258410444483161,
                    0.0
                ],
                [
                    -0.0049780006520450115,
                    5.2884817705489695e-05,
                    -0.0004655212687794119,
                    0.0
                ],
                [
                    0.00043893506517633796,
                    0.0022637280635535717,
                    -0.004436538089066744,
                    0.0
                ],
                [
                    0.9601448178291321,
                    0.14821551740169525,
                    0.49348631501197815,
                    1.0
                ]
            ],
            "location": [
                -0.14821551740169525,
                0.49348631501197815,
                -0.9601448178291321
            ],
            "location_world": [
                0.9601448178291321,
                0.14821551740169525,
                0.49348631501197815
            ],
            "name": "hope_Cube_0",
            "projected_cuboid": [
                [
                    153.7752866744995,
                    38.53687047958374
                ],
                [
                    136.17675304412842,
                    -1.3211965560913086
                ],
                [
                    211.77725791931152,
                    -159.65607166290283
                ],
                [
                    210.04152297973633,
                    -77.53877639770508
                ],
                [
                    42.09061861038208,
                    -19.213151931762695
                ],
                [
                    -14.418411254882812,
                    -79.54199314117432
                ],
                [
                    57.32421875,
                    -242.205810546875
                ],
                [
                    96.25099897384644,
                    -137.63599395751953
                ],
                [
                    113.60102891921997,
                    -78.3994197845459
                ]
            ],
            "provenance": "nvisii",
            "quaternion_xyzw": [
                0.7198034524917603,
                -0.16055044531822205,
                -0.16862697899341583,
                0.6539658904075623
            ],
            "quaternion_xyzw_world": [
                0.6909229755401611,
                -0.6828464269638062,
                -0.13166992366313934,
                -0.19750748574733734
            ],
            "segmentation_id": 1,
            "visibility": 1
        },
        {
            "bounding_box_minx_maxx_miny_maxy": [
                -1,
                -1,
                -1,
                -1
            ],
            "class": "Cube",
            "local_cuboid": null,
            "local_to_world_matrix": [
                [
                    0.0010222875280305743,
                    -0.0005532458308152854,
                    -0.004863007925450802,
                    0.0
                ],
                [
                    0.0048705944791436195,
                    -0.0003741609980352223,
                    0.001066448981873691,
                    0.0
                ],
                [
                    -0.0004819110035896301,
                    -0.0049551911652088165,
                    0.0004624271241482347,
                    0.0
                ],
                [
                    0.13859514892101288,
                    -0.17820464074611664,
                    0.3437110483646393,
                    1.0
                ]
            ],
            "location": [
                0.17820464074611664,
                0.3437110483646393,
                -0.13859514892101288
            ],
            "location_world": [
                0.13859514892101288,
                -0.17820464074611664,
                0.3437110483646393
            ],
            "name": "hope_Cube_1",
            "projected_cuboid": [
                [
                    1202.8468132019043,
                    -541.8497085571289
                ],
                [
                    608.3837509155273,
                    -150.28576850891113
                ],
                [
                    299.92542266845703,
                    -103.57880592346191
                ],
                [
                    386.7685317993164,
                    -377.0411491394043
                ],
                [
                    1578.1641960144043,
                    -2079.84676361084
                ],
                [
                    630.2046775817871,
                    -543.0296421051025
                ],
                [
                    277.5473356246948,
                    -464.17322158813477
                ],
                [
                    356.3096284866333,
                    -1551.4236450195312
                ],
                [
                    547.8313446044922,
                    -486.86280250549316
                ]
            ],
            "provenance": "nvisii",
            "quaternion_xyzw": [
                -0.44748663902282715,
                0.5015621781349182,
                -0.43944376707077026,
                0.5958861708641052
            ],
            "quaternion_xyzw_world": [
                0.5447027087211609,
                0.3963032066822052,
                -0.4906271696090698,
                0.5527455806732178
            ],
            "segmentation_id": 2,
            "visibility": 0
        },
        {
            "bounding_box_minx_maxx_miny_maxy": [
                -1,
                -1,
                -1,
                -1
            ],
            "class": "Cube",
            "local_cuboid": null,