{
    "camera_data": {
        "camera_look_at": {
            "at": [
                1.0,
                0.0,
                0.0
            ],
            "eye": [
                0.0,
                0.0,
                0.0
            ],
            "up": [
                0.0,
                0.0,
                1.0
            ]
        },
        "camera_view_matrix": [
            [
                0.0,
                0.0,
                -1.0,
                0.0
            ],
            [
                -1.0,
                0.0,
                0.0,
                0.0
            ],
            [
                0.0,
                1.0,
                0.0,
                0.0
            ],
            [
                0.0,
                0.0,
                0.0,
                1.0
            ]
        ],
        "height": 400,
        "intrinsics": {
            "cx": 200.0,
            "cy": 200.0,
            "fx": 482.84283447265625,
            "fy": 482.84283447265625
        },
        "location_world": [
            0.0,
            0.0,
            0.0
        ],
        "quaternion_world_xyzw": [
            0.5,
            -0.5,
            -0.5,
            0.5
        ],
        "width": 400
    },
    "objects": [
        {
            "bounding_box_minx_maxx_miny_maxy": [
                41,
                223,
                9,
                82
            ],
            "class": "Cube",
            "local_cuboid": null,
            "local_to_world_matrix": [
                [
                    -0.0009573507122695446,
                    -0.002452524146065116,
                    -0.00425071781501174,
                    0.0
                ],
                [
                    -0.00365288183093071,
                    -0.0025359797291457653,
                    0.0022858825977891684,
                    0.0
                ],
                [
                    -0.003277183510363102,
                    0.0035431524738669395,
                    -0.0013061916688457131,
                    0.0
                ],
                [
                    1.0017493963241577,
                    0.1915387362241745,
                    0.35767993330955505,
                    1.0
                ]
            ],
            "location": [
                -0.1915387362241745,
                0.35767993330955505,
                -1.0017493963241577
            ],
            "location_world": [
                1.0017493963241577,
                0.1915387362241745,
                0.35767993330955505
            ],
            "name": "hope_Cube_0",
            "projected_cuboid": [
                [
                    82.0741057395935,
                    82.09961652755737
                ],
                [
                    137.7151370048523,
                    -25.46544075012207
                ],
                [
                    246.8761682510376,
                    -19.297051429748535
                ],
                [
                    181.02481365203857,
                    70.57303190231323
                ],
                [
                    25.317394733428955,
                    -20.657992362976074
                ],
                [
                    63.83906602859497,
                    -146.11694812774658
                ],
                [
                    180.43818473815918,
                    -118.89417171478271
                ],
                [
                    128.3882975578308,
                    -16.484546661376953
                ],
                [
                    132.04166889190674,
                    -20.002460479736328
                ]
            ],
            "provenance": "nvisii",
            "quaternion_xyzw": [
                0.30736443400382996,
                -0.27894213795661926,
                -0.4206410050392151,
                0.8067090511322021
            ],
            "quaternion_xyzw_world": [
                0.627886176109314,
                -0.4861873388290405,
                -0.5994638800621033,
                -0.10011926293373108
            ],
            "segmentation_id": 1,
            "visibility": 1
        },
        {
            "bounding_box_minx_maxx_miny_maxy": [
                0,
                298,
                1,
                13
            ],
            "class": "Cube",
            "local_cuboid": null,
            "local_to_world_matrix": [
                [
                    0.0029955441132187843,
                    0.003679261077195406,
                    0.0015778952511027455,
                    0.0
                ],
                [
                    0.0034271967597305775,
                    -0.0033753840252757072,
                    0.001364222844131291,
                    0.0
                ],
                [
                    0.0020690669771283865,
                    0.0002642336767166853,
                    -0.0045441328547894955,
                    0.0
                ],
                [
                    0.32363274693489075,
                    0.15870413184165955,
                    0.2691819667816162,
                    1.0
                ]
            ],
            "location": [
                -0.15870413184165955,
                0.2691819667816162,
                -0.32363274693489075
            ],
            "location_world": [
                0.32363274693489075,
                0.15870413184165955,
                0.2691819667816162
            ],
            "name": "hope_Cube_1",
            "projected_cuboid": [
                [
                    -75.91760158538818,
                    -9.14459228515625
                ],
                [
                    131.23902082443237,
                    -4.473257064819336
                ],
                [
                    129.82170581817627,
                    -257.02061653137207
                ],
                [
                    -139.8327112197876,
                    -387.87527084350586
                ],
                [
                    82.1645736694336,
                    13.382351398468018
                ],
                [
                    297.6682662963867,
                    11.355149745941162
                ],
                [
                    342.413854598999,
                    -339.429235458374
                ],
                [
                    52.66820192337036,
                    -641.4392471313477
                ],
                [
                    112.32953071594238,
                    -157.77099132537842
                ]
            ],
            "provenance": "nvisii",
            "quaternion_xyzw": [
                0.3182438611984253,
                0.7782207727432251,
                -0.5121509432792664,
                0.1754843145608902
            ],
            "quaternion_xyzw_world": [
                0.8920499086380005,
                0.3983217775821686,
                0.20441469550132751,
                0.061655137687921524
            ],
            "segmentation_id": 2,
            "visibility": 1
        },
        {
            "bounding_box_minx_maxx_miny_maxy": [
                -1,
                -1,
                -1,
                -1
            ],
            "class": "Cube",
            "local_cuboid": null,