{
    "camera_data": {
        "camera_look_at": {
            "at": [
                1.0,
                0.0,
                0.0
            ],
            "eye": [
                0.0,
                0.0,
                0.0
            ],
            "up": [
                0.0,
                0.0,
                1.0
            ]
        },
        "camera_view_matrix": [
            [
                0.0,
                0.0,
                -1.0,
                0.0
            ],
            [
                -1.0,
                0.0,
                0.0,
                0.0
            ],
            [
                0.0,
                1.0,
                0.0,
                0.0
            ],
            [
                0.0,
                0.0,
                0.0,
                1.0
            ]
        ],
        "height": 400,
        "intrinsics": {
            "cx": 200.0,
            "cy": 200.0,
            "fx": 482.84283447265625,
            "fy": 482.84283447265625
        },
        "location_world": [
            0.0,
            0.0,
            0.0
        ],
        "quaternion_world_xyzw": [
            0.5,
            -0.5,
            -0.5,
            0.5
        ],
        "width": 400
    },
    "objects": [
        {
            "bounding_box_minx_maxx_miny_maxy": [
                41,
                217,
                1,
                179
            ],
            "class": "Cube",
            "local_cuboid": null,
            "local_to_world_matrix": [
                [
                    0.00441268365830183,
                    -0.00026696547865867615,
                    -0.002336011501029134,
                    0.0
                ],
                [
                    -0.00229315715841949,
                    0.000608475471381098,
                    -0.004401271231472492,
                    0.0
                ],
                [
                    0.0005192786920815706,
                    0.004955652169883251,
                    0.0004145634011365473,
                    0.0
                ],
                [
                    0.978269100189209,
                    0.0913875550031662,
                    0.32980072498321533,
                    1.0
                ]
            ],
            "location": [
                -0.0913875550031662,
                0.32980072498321533,
                -0.978269100189209
            ],
            "location_world": [
                0.978269100189209,
                0.0913875550031662,
                0.32980072498321533
            ],
            "name": "hope_Cube_0",
            "projected_cuboid": [
                [
                    108.56372117996216,
                    76.49608850479126
                ],
                [
                    83.05603265762329,
                    169.81297731399536
                ],
                [
                    204.39863204956055,
                    179.41254377365112
                ],
                [
                    217.58708953857422,
                    82.8197717666626
                ],
                [
                    78.34681272506714,
                    -18.454837799072266
                ],
                [
                    40.97336530685425,
                    87.52330541610718
                ],
                [
                    197.00360298156738,
                    97.09779024124146
                ],
                [
                    214.58721160888672,
                    -13.382744789123535
                ],
                [
                    144.1106081008911,
                    84.7765564918518
                ]
            ],
            "provenance": "nvisii",
            "quaternion_xyzw": [
                -0.7137056589126587,
                0.2062816023826599,
                0.6563165187835693,
                -0.13160842657089233
            ],
            "quaternion_xyzw_world": [
                -0.6476745009422302,
                0.197639599442482,
                0.14025044441223145,
                0.7223476767539978
            ],
            "segmentation_id": 1,
            "visibility": 1
        },
        {
            "bounding_box_minx_maxx_miny_maxy": [
                286,
                399,
                1,
                104
            ],
            "class": "Cube",
            "local_cuboid": null,
            "local_to_world_matrix": [
                [
                    -0.002112911781296134,
                    -0.00027744247927330434,
                    0.004523121751844883,
                    0.0
                ],
                [
                    0.002808024873957038,
                    0.003836867166683078,
                    0.0015470770886167884,
                    0.0
                ],
                [
                    -0.003556768409907818,
                    0.0031939749605953693,
                    -0.0014655798440799117,
                    0.0
                ],
                [
                    1.2296864986419678,
                    -0.515736997127533,
                    0.3871985971927643,
                    1.0
                ]
            ],
            "location": [
                0.515736997127533,
                0.3871985971927643,
                -1.2296864986419678
            ],
            "location_world": [
                1.2296864986419678,
                -0.515736997127533,
                0.3871985971927643
            ],
            "name": "hope_Cube_1",
            "projected_cuboid": [
                [
                    396.53046131134033,
                    -5.7677507400512695
                ],
                [
                    298.6563205718994,
                    -12.654805183410645
                ],
                [
                    341.01529121398926,
                    -10.922527313232422
                ],
                [
                    429.83694076538086,
                    -4.810881614685059
                ],
                [
                    373.5236883163452,
                    103.93180847167969
                ],
                [
                    285.82215309143066,
                    86.04439496994019
                ],
                [
                    326.7307996749878,
                    76.04553699493408
                ],
                [
                    407.24782943725586,
                    90.5897855758667
                ],
                [
                    355.94029426574707,
                    41.8086051940918
                ]
            ],
            "provenance": "nvisii",
            "quaternion_xyzw": [
                -0.09316566586494446,
                -0.36829787492752075,
                0.5801831483840942,
                0.7204612493515015
            ],
            "quaternion_xyzw_world": [
                -0.1605927050113678,
                -0.7878882884979248,
                -0.3008708357810974,
                0.5127561092376709
            ],
            "segmentation_id": 2,
            "visibility": 1
        },
        {
            "bounding_box_minx_maxx_miny_maxy": [
                0,
                158,
                197,
                385
            ],
            "class": "Cube",
            "local_cuboid": null,