{
    "camera_data": {
        "camera_look_at": {
            "at": [
                1.0,
                0.0,
                0.0
            ],
            "eye": [
                0.0,
                0.0,
                0.0
            ],
            "up": [
                0.0,
                0.0,
                1.0
            ]
        },
        "camera_view_matrix": [
            [
                0.0,
                0.0,
                -1.0,
                0.0
            ],
            [
                -1.0,
                0.0,
                0.0,
                0.0
            ],
            [
                0.0,
                1.0,
                0.0,
                0.0
            ],
            [
                0.0,
                0.0,
                0.0,
                1.0
            ]
        ],
        "height": 400,
        "intrinsics": {
            "cx": 200.0,
            "cy": 200.0,
            "fx": 482.84283447265625,
            "fy": 482.84283447265625
        },
        "location_world": [
            0.0,
            0.0,
            0.0
        ],
        "quaternion_world_xyzw": [
            0.5,
            -0.5,
            -0.5,
            0.5
        ],
        "width": 400
    },
    "objects": [
        {
            "bounding_box_minx_maxx_miny_maxy": [
                -1,
                -1,
                -1,
                -1
            ],
            "class": "Colored",
            "local_cuboid": null,
            "local_to_world_matrix": [
                [
                    0.010557321831583977,
                    0.010652663186192513,
                    -0.0002524133014958352,
                    0.0
                ],
                [
                    -0.003769214265048504,
                    0.004065734334290028,
                    0.013937819749116898,
                    0.0
                ],
                [
                    0.009966743178665638,
                    -0.00974631030112505,
                    0.005538362544029951,
                    0.0
                ],
                [
                    1.5685319900512695,
                    -0.36985015869140625,
                    0.5797187089920044,
                    1.0
                ]
            ],
            "location": [
                0.36985015869140625,
                0.5797187089920044,
                -1.5685319900512695
            ],
            "location_world": [
                1.5685319900512695,
                -0.36985015869140625,
                0.5797187089920044
            ],
            "name": "hope_Colored_cube_0",
            "projected_cuboid": [
                [
                    307.00416564941406,
                    68.53839159011841
                ],
                [
                    289.03510570526123,
                    -14.698338508605957
                ],
                [
                    239.3385887145996,
                    -7.744479179382324
                ],
                [
                    261.8533134460449,
                    85.45905351638794
                ],
                [
                    385.4040861129761,
                    49.67015981674194
                ],
                [
                    368.8225746154785,
                    -46.024489402770996
                ],
                [
                    323.2081413269043,
                    -42.673611640930176
                ],
                [
                    344.6032524108887,
                    66.45636558532715
                ],
                [
                    313.85138034820557,
                    21.544575691223145
                ]
            ],
            "provenance": "nvisii",
            "quaternion_xyzw": [
                -0.07918964326381683,
                0.9088200330734253,
                0.17068976163864136,
                0.3723441958427429
            ],
            "quaternion_xyzw_world": [
                0.5156424045562744,
                0.22248780727386475,
                0.31398794054985046,
                0.7655218243598938
            ],
            "segmentation_id": 1,
            "visibility": 0
        },
        {
            "bounding_box_minx_maxx_miny_maxy": [
                111,
                241,
                306,
                400
            ],
            "class": "Colored",
            "local_cuboid": null,
            "local_to_world_matrix": [
                [
                    0.014184514060616493,
                    -0.004876464139670134,
                    -0.0001401335175614804,
                    0.0
                ],
                [
                    -0.00444876728579402,
                    -0.01275294553488493,
                    -0.006524634547531605,
                    0.0
                ],
                [
                    0.0020020022056996822,
                    0.006211479660123587,
                    -0.013505905866622925,
                    0.0
                ],
                [
                    1.7763994932174683,
                    0.07612969726324081,
                    -0.6193509697914124,
                    1.0
                ]
            ],
            "location": [
                -0.07612969726324081,
                -0.6193509697914124,
                -1.7763994932174683
            ],
            "location_world": [
                1.7763994932174683,
                0.07612969726324081,
                -0.6193509697914124
            ],
            "name": "hope_Colored_cube_1",
            "projected_cuboid": [
                [
                    147.15359210968018,
                    368.16742420196533
                ],
                [
                    209.70125198364258,
                    409.33923721313477
                ],
                [
                    242.26887226104736,
                    343.5032367706299
                ],
                [
                    176.94048881530762,
                    304.4981002807617
                ],
                [
                    110.61379909515381,
                    395.44968605041504
                ],
                [
                    182.16285705566406,
                    445.3834533691406
                ],
                [
                    219.91279125213623,
                    368.57080459594727
                ],
                [
                    144.61233615875244,
                    321.5514659881592
                ],
                [
                    179.30721044540405,
                    368.34564208984375
                ]
            ],
            "provenance": "nvisii",
            "quaternion_xyzw": [
                0.6880298256874084,
                0.3055296838283539,
                -0.49406760931015015,
                0.43492963910102844
            ],
            "quaternion_xyzw_world": [
                0.9612783789634705,
                -0.16168108582496643,
                0.03228112310171127,
                -0.22081904113292694
            ],
            "segmentation_id": 2,
            "visibility": 1
        },
        {
            "bounding_box_minx_maxx_miny_maxy": [
                209,
                399,
                1,
                92
            ],
            "class": "Colored",
            "local_cuboid": null,