{
    "camera_data": {
        "camera_look_at": {
            "at": [
                1.0,
                0.0,
                0.0
            ],
            "eye": [
                0.0,
                0.0,
                0.0
            ],
            "up": [
                0.0,
                0.0,
                1.0
            ]
        },
        "camera_view_matrix": [
            [
                0.0,
                0.0,
                -1.0,
                0.0
            ],
            [
                -1.0,
                0.0,
                0.0,
                0.0
            ],
            [
                0.0,
                1.0,
                0.0,
                0.0
            ],
            [
                0.0,
                0.0,
                0.0,
                1.0
            ]
        ],
        "height": 400,
        "intrinsics": {
            "cx": 200.0,
            "cy": 200.0,
            "fx": 482.84283447265625,
            "fy": 482.84283447265625
        },
        "location_world": [
            0.0,
            0.0,
            0.0
        ],
        "quaternion_world_xyzw": [
            0.5,
            -0.5,
            -0.5,
            0.5
        ],
        "width": 400
    },
    "objects": [
        {
            "bounding_box_minx_maxx_miny_maxy": [
                261,
                375,
                1,
                120
            ],
            "class": "Colored",
            "local_cuboid": null,
            "local_to_world_matrix": [
                [
                    0.011410224251449108,
                    5.430713281384669e-05,
                    -0.009736726060509682,
                    0.0
                ],
                [
                    0.009214777499437332,
                    -0.004906024783849716,
                    0.01077120192348957,
                    0.0
                ],
                [
                    -0.0031455783173441887,
                    -0.014174905605614185,
                    -0.003765285015106201,
                    0.0
                ],
                [
                    1.4965498447418213,
                    -0.3479796350002289,
                    0.4874750077724457,
                    1.0
                ]
            ],
            "location": [
                0.3479796350002289,
                0.4874750077724457,
                -1.4965498447418213
            ],
            "location_world": [
                1.4965498447418213,
                -0.3479796350002289,
                0.4874750077724457
            ],
            "name": "hope_Colored_cube_0",
            "projected_cuboid": [
                [
                    342.9081916809082,
                    120.53226232528687
                ],
                [
                    355.4965019226074,
                    67.06007719039917
                ],
                [
                    270.9256172180176,
                    50.916361808776855
                ],
                [
                    248.7924575805664,
                    100.2985954284668
                ],
                [
                    369.2312955856323,
                    31.43380880355835
                ],
                [
                    380.44867515563965,
                    -19.115662574768066
                ],
                [
                    282.0208549499512,
                    -34.105801582336426
                ],
                [
                    257.6133728027344,
                    11.947596073150635
                ],
                [
                    312.27121353149414,
                    42.72230863571167
                ]
            ],
            "provenance": "nvisii",
            "quaternion_xyzw": [
                -0.13095244765281677,
                0.6148161292076111,
                -0.3518684208393097,
                0.6935713887214661
            ],
            "quaternion_xyzw_world": [
                0.7646517157554626,
                0.20203281939029694,
                -0.2807880640029907,
                0.5437357425689697
            ],
            "segmentation_id": 1,
            "visibility": 1
        },
        {
            "bounding_box_minx_maxx_miny_maxy": [
                66,
                205,
                274,
                400
            ],
            "class": "Colored",
            "local_cuboid": null,
            "local_to_world_matrix": [
                [
                    0.005079810507595539,
                    0.011175456456840038,
                    0.008620020933449268,
                    0.0
                ],
                [
                    0.002795897889882326,
                    -0.009776610881090164,
                    0.011027283035218716,
                    0.0
                ],
                [
                    0.013833963312208652,
                    -0.002127722604200244,
                    -0.005393920466303825,
                    0.0
                ],
                [
                    1.689699649810791,
                    0.20599409937858582,
                    -0.4971820116043091,
                    1.0
                ]
            ],
            "location": [
                -0.20599409937858582,
                -0.4971820116043091,
                -1.689699649810791
            ],
            "location_world": [
                1.689699649810791,
                0.20599409937858582,
                -0.4971820116043091
            ],
            "name": "hope_Colored_cube_1",
            "projected_cuboid": [
                [
                    97.15436697006226,
                    350.0521183013916
                ],
                [
                    149.68342781066895,
                    289.804744720459
                ],
                [
                    128.5385012626648,
                    273.0935335159302
                ],
                [
                    66.02588891983032,
                    343.3363437652588
                ],
                [
                    152.87495851516724,
                    406.3534736633301
                ],
                [
                    206.63435459136963,
                    340.97142219543457
                ],
                [
                    194.392728805542,
                    332.41119384765625
                ],
                [
                    130.06794452667236,
                    409.75255966186523
                ],
                [
                    141.1358118057251,
                    342.07303524017334
                ]
            ],
            "provenance": "nvisii",
            "quaternion_xyzw": [
                0.3324460983276367,
                0.9222861528396606,
                -0.14799846708774567,
                0.13024765253067017
            ],
            "quaternion_xyzw_world": [
                0.7664892077445984,
                0.3037954270839691,
                0.48824310302734375,
                0.2860446274280548
            ],
            "segmentation_id": 2,
            "visibility": 1
        },
        {
            "bounding_box_minx_maxx_miny_maxy": [
                128,
                298,
                1,
                160
            ],
            "class": "Colored",
            "local_cuboid": null,