{
    "camera_data": {
        "camera_look_at": {
            "at": [
                1.0,
                0.0,
                0.0
            ],
            "eye": [
                0.0,
                0.0,
                0.0
            ],
            "up": [
                0.0,
                0.0,
                1.0
            ]
        },
        "camera_view_matrix": [
            [
                0.0,
                0.0,
                -1.0,
                0.0
            ],
            [
                -1.0,
                0.0,
                0.0,
                0.0
            ],
            [
                0.0,
                1.0,
                0.0,
                0.0
            ],
            [
                0.0,
                0.0,
                0.0,
                1.0
            ]
        ],
        "height": 400,
        "intrinsics": {
            "cx": 200.0,
            "cy": 200.0,
            "fx": 482.84283447265625,
            "fy": 482.84283447265625
        },
        "location_world": [
            0.0,
            0.0,
            0.0
        ],
        "quaternion_world_xyzw": [
            0.5,
            -0.5,
            -0.5,
            0.5
        ],
        "width": 400
    },
    "objects": [
        {
            "bounding_box_minx_maxx_miny_maxy": [
                321,
                399,
                1,
                102
            ],
            "class": "Colored",
            "local_cuboid": null,
            "local_to_world_matrix": [
                [
                    0.014123708009719849,
                    0.002243857830762863,
                    -0.00452614389359951,
                    0.0
                ],
                [
                    0.004598549567162991,
                    -0.00014659881708212197,
                    0.014276968315243721,
                    0.0
                ],
                [
                    0.002091463655233383,
                    -0.014830495230853558,
                    -0.0008259344031102955,
                    0.0
                ],
                [
                    1.5299094915390015,
                    -0.3976748585700989,
                    0.5291678309440613,
                    1.0
                ]
            ],
            "location": [
                0.3976748585700989,
                0.5291678309440613,
                -1.5299094915390015
            ],
            "location_world": [
                1.5299094915390015,
                -0.3976748585700989,
                0.5291678309440613
            ],
            "name": "hope_Colored_cube_0",
            "projected_cuboid": [
                [
                    353.14009189605713,
                    102.35722064971924
                ],
                [
                    345.8509922027588,
                    28.199076652526855
                ],
                [
                    265.01524448394775,
                    19.260215759277344
                ],
                [
                    267.8600788116455,
                    94.83951330184937
                ],
                [
                    400.7542610168457,
                    50.07666349411011
                ],
                [
                    389.0420436859131,
                    -35.16955375671387
                ],
                [
                    293.33276748657227,
                    -47.76935577392578
                ],
                [
                    298.75595569610596,
                    39.29785490036011
                ],
                [
                    325.5069971084595,
                    32.993507385253906
                ]
            ],
            "provenance": "nvisii",
            "quaternion_xyzw": [
                -0.09752237051725388,
                0.7484683394432068,
                -0.12079077959060669,
                0.6447435021400452
            ],
            "quaternion_xyzw_world": [
                0.7082400918006897,
                0.16101901233196259,
                -0.05729413405060768,
                0.6849716901779175
            ],
            "segmentation_id": 1,
            "visibility": 1
        },
        {
            "bounding_box_minx_maxx_miny_maxy": [
                94,
                217,
                305,
                400
            ],
            "class": "Colored",
            "local_cuboid": null,
            "local_to_world_matrix": [
                [
                    0.009921690449118614,
                    0.011123455129563808,
                    0.0016819066368043423,
                    0.0
                ],
                [
                    -0.010774198919534683,
                    0.010040586814284325,
                    -0.0028466193471103907,
                    0.0
                ],
                [
                    -0.003236771561205387,
                    0.0006748053128831089,
                    0.014631060883402824,
                    0.0
                ],
                [
                    1.7184454202651978,
                    0.1507909893989563,
                    -0.5988181233406067,
                    1.0
                ]
            ],
            "location": [
                -0.1507909893989563,
                -0.5988181233406067,
                -1.7184454202651978
            ],
            "location_world": [
                1.7184454202651978,
                0.1507909893989563,
                -0.5988181233406067
            ],
            "name": "hope_Colored_cube_1",
            "projected_cuboid": [
                [
                    157.05561637878418,
                    303.86717319488525
                ],
                [
                    93.7406063079834,
                    333.5956811904907
                ],
                [
                    101.42894983291626,
                    409.7263813018799
                ],
                [
                    161.8041753768921,
                    372.6015090942383
                ],
                [
                    215.41504859924316,
                    325.6143093109131
                ],
                [
                    152.1079182624817,
                    362.4992370605469
                ],
                [
                    158.33700895309448,
                    447.2031593322754
                ],
                [
                    218.55180263519287,
                    401.30090713500977
                ],
                [
                    157.63124227523804,
                    368.2538032531738
                ]
            ],
            "provenance": "nvisii",
            "quaternion_xyzw": [
                -0.2410530149936676,
                0.5779283046722412,
                0.7326532006263733,
                0.2666676342487335
            ],
            "quaternion_xyzw_world": [
                -0.06455518305301666,
                -0.09016980230808258,
                0.4014304280281067,
                0.9091510772705078
            ],
            "segmentation_id": 2,
            "visibility": 1
        },
        {
            "bounding_box_minx_maxx_miny_maxy": [
                138,
                359,
                1,
                135
            ],
            "class": "Colored",
            "local_cuboid": null,