{
    "camera_data": {
        "camera_look_at": {
            "at": [
                1.0,
                0.0,
                0.0
            ],
            "eye": [
                0.0,
                0.0,
                0.0
            ],
            "up": [
                0.0,
                0.0,
                1.0
            ]
        },
        "camera_view_matrix": [
            [
                0.0,
                0.0,
                -1.0,
                0.0
            ],
            [
                -1.0,
                0.0,
                0.0,
                0.0
            ],
            [
                0.0,
                1.0,
                0.0,
                0.0
            ],
            [
                0.0,
                0.0,
                0.0,
                1.0
            ]
        ],
        "height": 400,
        "intrinsics": {
            "cx": 200.0,
            "cy": 200.0,
            "fx": 482.84283447265625,
            "fy": 482.84283447265625
        },
        "location_world": [
            0.0,
            0.0,
            0.0
        ],
        "quaternion_world_xyzw": [
            0.5,
            -0.5,
            -0.5,
            0.5
        ],
        "width": 400
    },
    "objects": [
        {
            "bounding_box_minx_maxx_miny_maxy": [
                240,
                378,
                1,
                135
            ],
            "class": "Colored",
            "local_cuboid": null,
            "local_to_world_matrix": [
                [
                    0.010929525829851627,
                    -0.0002149499923689291,
                    -0.010271282866597176,
                    0.0
                ],
                [
                    0.00901133380830288,
                    -0.007001343183219433,
                    0.00973535142838955,
                    0.0
                ],
                [
                    -0.004933692514896393,
                    -0.013264048844575882,
                    -0.004972291644662619,
                    0.0
                ],
                [
                    1.4941432476043701,
                    -0.32901525497436523,
                    0.4471486210823059,
                    1.0
                ]
            ],
            "location": [
                0.32901525497436523,
                0.4471486210823059,
                -1.4941432476043701
            ],
            "location_world": [
                1.4941432476043701,
                -0.32901525497436523,
                0.4471486210823059
            ],
            "name": "hope_Colored_cube_0",
            "projected_cuboid": [
                [
                    329.87775802612305,
                    134.9082589149475
                ],
                [
                    356.7620515823364,
                    84.86511707305908
                ],
                [
                    274.3946313858032,
                    63.83340358734131
                ],
                [
                    239.70825672149658,
                    108.2909107208252
                ],
                [
                    351.0070323944092,
                    43.83957386016846
                ],
                [
                    379.34231758117676,
                    -2.3638248443603516
                ],
                [
                    283.7013244628906,
                    -20.764851570129395
                ],
                [
                    244.62172985076904,
                    19.579148292541504
                ],
                [
                    306.32357597351074,
                    55.500757694244385
                ]
            ],
            "provenance": "nvisii",
            "quaternion_xyzw": [
                -0.09538575261831284,
                0.5713537931442261,
                -0.4079091250896454,
                0.7057383060455322
            ],
            "quaternion_xyzw_world": [
                0.7948077321052551,
                0.18445517122745514,
                -0.3188396990299225,
                0.4822843670845032
            ],
            "segmentation_id": 1,
            "visibility": 1
        },
        {
            "bounding_box_minx_maxx_miny_maxy": [
                72,
                191,
                240,
                377
            ],
            "class": "Colored",
            "local_cuboid": null,
            "local_to_world_matrix": [
                [
                    0.007891104556620121,
                    0.005907735787332058,
                    0.011306153610348701,
                    0.0
                ],
                [
                    0.011106560006737709,
                    0.0033577510621398687,
                    -0.009506303817033768,
                    0.0
                ],
                [
                    -0.006274932064116001,
                    0.013372514396905899,
                    -0.0026078850496560335,
                    0.0
                ],
                [
                    1.6762712001800537,
                    0.25247320532798767,
                    -0.37089526653289795,
                    1.0
                ]
            ],
            "location": [
                -0.25247320532798767,
                -0.37089526653289795,
                -1.6762712001800537
            ],
            "location_world": [
                1.6762712001800537,
                0.25247320532798767,
                -0.37089526653289795
            ],
            "name": "hope_Colored_cube_1",
            "projected_cuboid": [
                [
                    74.29516315460205,
                    257.66186714172363
                ],
                [
                    71.7987060546875,
                    301.4615058898926
                ],
                [
                    147.08421230316162,
                    281.80506229400635
                ],
                [
                    159.19471979141235,
                    238.66772651672363
                ],
                [
                    100.43494701385498,
                    340.7517910003662
                ],
                [
                    94.17076110839844,
                    377.5364398956299
                ],
                [
                    174.5794415473938,
                    350.7380962371826
                ],
                [
                    191.86662435531616,
                    313.09075355529785
                ],
                [
                    127.27614641189575,
                    306.8347692489624
                ]
            ],
            "provenance": "nvisii",
            "quaternion_xyzw": [
                -0.45320406556129456,
                -0.29230406880378723,
                0.7819737195968628,
                0.3125404417514801
            ],
            "quaternion_xyzw_world": [
                -0.607470691204071,
                -0.4668070673942566,
                -0.13803742825984955,
                0.6277070641517639
            ],
            "segmentation_id": 2,
            "visibility": 1
        },
        {
            "bounding_box_minx_maxx_miny_maxy": [
                82,
                237,
                7,
                174
            ],
            "class": "Colored",
            "local_cuboid": null,