{
    "camera_data": {
        "camera_look_at": {
            "at": [
                1.0,
                0.0,
                0.0
            ],
            "eye": [
                0.0,
                0.0,
                0.0
            ],
            "up": [
                0.0,
                0.0,
                1.0
            ]
        },
        "camera_view_matrix": [
            [
                0.0,
                0.0,
                -1.0,
                0.0
            ],
            [
                -1.0,
                0.0,
                0.0,
                0.0
            ],
            [
                0.0,
                1.0,
                0.0,
                0.0
            ],
            [
                0.0,
                0.0,
                0.0,
                1.0
            ]
        ],
        "height": 400,
        "intrinsics": {
            "cx": 200.0,
            "cy": 200.0,
            "fx": 482.84283447265625,
            "fy": 482.84283447265625
        },
        "location_world": [
            0.0,
            0.0,
            0.0
        ],
        "quaternion_world_xyzw": [
            0.5,
            -0.5,
            -0.5,
            0.5
        ],
        "width": 400
    },
    "objects": [
        {
            "bounding_box_minx_maxx_miny_maxy": [
                154,
                324,
                93,
                243
            ],
            "class": "Colored",
            "local_cuboid": null,
            "local_to_world_matrix": [
                [
                    -0.007780419196933508,
                    -0.0067337267100811005,
                    0.010914308950304985,
                    0.0
                ],
                [
                    0.010719514451920986,
                    -0.01042232010513544,
                    0.0012113675475120544,
                    0.0
                ],
                [
                    0.007039689924567938,
                    0.008428066968917847,
                    0.010218143463134766,
                    0.0
                ],
                [
                    1.455876350402832,
                    -0.11250422149896622,
                    0.10148574411869049,
                    1.0
                ]
            ],
            "location": [
                0.11250422149896622,
                0.10148574411869049,
                -1.455876350402832
            ],
            "location_world": [
                1.455876350402832,
                -0.11250422149896622,
                0.10148574411869049
            ],
            "name": "hope_Colored_cube_0",
            "projected_cuboid": [
                [
                    196.88165187835693,
                    91.75275564193726
                ],
                [
                    262.0084285736084,
                    99.15101528167725
                ],
                [
                    325.7025718688965,
                    158.856999874115
                ],
                [
                    264.31264877319336,
                    161.25378608703613
                ],
                [
                    153.76442670822144,
                    173.41723442077637
                ],
                [
                    218.37091445922852,
                    169.91171836853027
                ],
                [
                    271.8419313430786,
                    230.0455093383789
                ],
                [
                    208.9812994003296,
                    243.4218406677246
                ],
                [
                    237.31212615966797,
                    166.34215116500854
                ]
            ],
            "provenance": "nvisii",
            "quaternion_xyzw": [
                0.6777665615081787,
                0.5246798396110535,
                -0.01592615246772766,
                -0.5148690342903137
            ],
            "quaternion_xyzw_world": [
                0.35175174474716187,
                0.18885420262813568,
                0.8506946563720703,
                -0.3419409692287445
            ],
            "segmentation_id": 1,
            "visibility": 1
        },
        {
            "bounding_box_minx_maxx_miny_maxy": [
                0,
                127,
                130,
                273
            ],
            "class": "Colored",
            "local_cuboid": null,
            "local_to_world_matrix": [
                [
                    0.007998621091246605,
                    0.001140061765909195,
                    0.01263812929391861,
                    0.0
                ],
                [
                    0.005829720292240381,
                    0.012939300388097763,
                    -0.004856835585087538,
                    0.0
                ],
                [
                    -0.011271043680608273,
                    0.007501650135964155,
                    0.006456688512116671,
                    0.0
                ],
                [
                    1.6107313632965088,
                    0.4527040719985962,
                    -0.01629304140806198,
                    1.0
                ]
            ],
            "location": [
                -0.4527040719985962,
                -0.01629304140806198,
                -1.6107313632965088
            ],
            "location_world": [
                1.6107313632965088,
                0.4527040719985962,
                -0.01629304140806198
            ],
            "name": "hope_Colored_cube_1",
            "projected_cuboid": [
                [
                    69.82101202011108,
                    129.07733917236328
                ],
                [
                    2.733933925628662,
                    162.79414892196655
                ],
                [
                    65.53066968917847,
                    200.79021453857422
                ],
                [
                    128.14754247665405,
                    173.96724224090576
                ],
                [
                    62.602245807647705,
                    210.48932075500488
                ],
                [
                    -11.184144020080566,
                    241.43004417419434
                ],
                [
                    59.3593955039978,
                    272.58148193359375
                ],
                [
                    127.84156799316406,
                    248.3320713043213
                ],
                [
                    64.29463624954224,
                    204.88409996032715
                ]
            ],
            "provenance": "nvisii",
            "quaternion_xyzw": [
                -0.3522719144821167,
                0.014248978346586227,
                0.7333478331565857,
                0.5812937617301941
            ],
            "quaternion_xyzw_world": [
                -0.24503850936889648,
                -0.4740603268146515,
                -0.09298444539308548,
                0.8405812382698059
            ],
            "segmentation_id": 2,
            "visibility": 1
        },
        {
            "bounding_box_minx_maxx_miny_maxy": [
                15,
                136,
                27,
                153
            ],
            "class": "Colored",
            "local_cuboid": null,