{
    "camera_data": {
        "camera_look_at": {
            "at": [
                1.0,
                0.0,
                0.0
            ],
            "eye": [
                0.0,
                0.0,
                0.0
            ],
            "up": [
                0.0,
                0.0,
                1.0
            ]
        },
        "camera_view_matrix": [
            [
                0.0,
                0.0,
                -1.0,
                0.0
            ],
            [
                -1.0,
                0.0,
                0.0,
                0.0
            ],
            [
                0.0,
                1.0,
                0.0,
                0.0
            ],
            [
                0.0,
                0.0,
                0.0,
                1.0
            ]
        ],
        "height": 400,
        "intrinsics": {
            "cx": 200.0,
            "cy": 200.0,
            "fx": 482.84283447265625,
            "fy": 482.84283447265625
        },
        "location_world": [
            0.0,
            0.0,
            0.0
        ],
        "quaternion_world_xyzw": [
            0.5,
            -0.5,
            -0.5,
            0.5
        ],
        "width": 400
    },
    "objects": [
        {
            "bounding_box_minx_maxx_miny_maxy": [
                216,
                377,
                1,
                149
            ],
            "class": "Colored",
            "local_cuboid": null,
            "local_to_world_matrix": [
                [
                    0.014759114943444729,
                    0.002667649183422327,
                    -0.00022842038015369326,
                    0.0
                ],
                [
                    0.0014685274800285697,
                    -0.006995644420385361,
                    0.013187282718718052,
                    0.0
                ],
                [
                    0.002238739747554064,
                    -0.012997870333492756,
                    -0.007144469302147627,
                    0.0
                ],
                [
                    1.4823081493377686,
                    -0.27995389699935913,
                    0.37744539976119995,
                    1.0
                ]
            ],
            "location": [
                0.27995389699935913,
                0.37744539976119995,
                -1.4823081493377686
            ],
            "location_world": [
                1.4823081493377686,
                -0.27995389699935913,
                0.37744539976119995
            ],
            "name": "hope_Colored_cube_0",
            "projected_cuboid": [
                [
                    292.37568378448486,
                    149.33226108551025
                ],
                [
                    331.2742233276367,
                    73.83041381835938
                ],
                [
                    257.5219392776489,
                    27.817320823669434
                ],
                [
                    216.16997718811035,
                    104.59311008453369
                ],
                [
                    331.87808990478516,
                    136.5478515625
                ],
                [
                    378.3010721206665,
                    45.0731635093689
                ],
                [
                    289.73000049591064,
                    -12.145423889160156
                ],
                [
                    239.70046043395996,
                    81.1905026435852
                ],
                [
                    291.1914110183716,
                    77.05200910568237
                ]
            ],
            "provenance": "nvisii",
            "quaternion_xyzw": [
                0.15186667442321777,
                0.7426716685295105,
                -0.19328856468200684,
                0.6229084134101868
            ],
            "quaternion_xyzw_world": [
                0.8553676605224609,
                0.0805925726890564,
                0.03917066752910614,
                0.5102124214172363
            ],
            "segmentation_id": 1,
            "visibility": 1
        },
        {
            "bounding_box_minx_maxx_miny_maxy": [
                47,
                185,
                208,
                337
            ],
            "class": "Colored",
            "local_cuboid": null,
            "local_to_world_matrix": [
                [
                    0.01063353382050991,
                    0.007293186150491238,
                    0.0076640332117676735,
                    0.0
                ],
                [
                    -0.009434139356017113,
                    0.011454427614808083,
                    0.0021893137600272894,
                    0.0
                ],
                [
                    -0.00478800293058157,
                    -0.00637224642559886,
                    0.012707064859569073,
                    0.0
                ],
                [
                    1.667311191558838,
                    0.2970673143863678,
                    -0.24879592657089233,
                    1.0
                ]
            ],
            "location": [
                -0.2970673143863678,
                -0.24879592657089233,
                -1.667311191558838
            ],
            "location_world": [
                1.667311191558838,
                0.2970673143863678,
                -0.24879592657089233
            ],
            "name": "hope_Colored_cube_1",
            "projected_cuboid": [
                [
                    149.13671016693115,
                    217.76812076568604
                ],
                [
                    75.45218467712402,
                    206.86392784118652
                ],
                [
                    46.72966003417969,
                    277.52978801727295
                ],
                [
                    119.55995559692383,
                    280.92949390411377
                ],
                [
                    186.22190952301025,
                    266.1614179611206
                ],
                [
                    106.42416477203369,
                    260.0586414337158
                ],
                [
                    71.71003818511963,
                    337.28411197662354
                ],
                [
                    150.8669376373291,
                    334.4886541366577
                ],
                [
                    113.97117376327515,
                    272.04976081848145
                ]
            ],
            "provenance": "nvisii",
            "quaternion_xyzw": [
                -0.11026474088430405,
                0.5729237794876099,
                0.6440998315811157,
                0.49470755457878113
            ],
            "quaternion_xyzw_world": [
                0.15663336217403412,
                -0.22780944406986237,
                0.3060256838798523,
                0.9109979867935181
            ],
            "segmentation_id": 2,
            "visibility": 1
        },
        {
            "bounding_box_minx_maxx_miny_maxy": [
                59,
                209,
                39,
                183
            ],
            "class": "Colored",
            "local_cuboid": null,