{
    "camera_data": {
        "camera_look_at": {
            "at": [
                1.0,
                0.0,
                0.0
            ],
            "eye": [
                0.0,
                0.0,
                0.0
            ],
            "up": [
                0.0,
                0.0,
                1.0
            ]
        },
        "camera_view_matrix": [
            [
                0.0,
                0.0,
                -1.0,
                0.0
            ],
            [
                -1.0,
                0.0,
                0.0,
                0.0
            ],
            [
                0.0,
                1.0,
                0.0,
                0.0
            ],
            [
                0.0,
                0.0,
                0.0,
                1.0
            ]
        ],
        "height": 400,
        "intrinsics": {
            "cx": 200.0,
            "cy": 200.0,
            "fx": 482.84283447265625,
            "fy": 482.84283447265625
        },
        "location_world": [
            0.0,
            0.0,
            0.0
        ],
        "quaternion_world_xyzw": [
            0.5,
            -0.5,
            -0.5,
            0.5
        ],
        "width": 400
    },
    "objects": [
        {
            "bounding_box_minx_maxx_miny_maxy": [
                194,
                354,
                19,
                185
            ],
            "class": "Colored",
            "local_cuboid": null,
            "local_to_world_matrix": [
                [
                    0.007123887073248625,
                    0.0030836695805191994,
                    0.012835155241191387,
                    0.0
                ],
                [
                    -0.008219447918236256,
                    -0.010376323945820332,
                    0.007054965011775494,
                    0.0
                ],
                [
                    0.010329127311706543,
                    -0.01038377732038498,
                    -0.0032382451463490725,
                    0.0
                ],
                [
                    1.4750616550445557,
                    -0.21846947073936462,
                    0.28113260865211487,
                    1.0
                ]
            ],
            "location": [
                0.21846947073936462,
                0.28113260865211487,
                -1.4750616550445557
            ],
            "location_world": [
                1.4750616550445557,
                -0.21846947073936462,
                0.28113260865211487
            ],
            "name": "hope_Colored_cube_0",
            "projected_cuboid": [
                [
                    252.3350477218628,
                    114.52958583831787
                ],
                [
                    321.75328731536865,
                    62.099242210388184
                ],
                [
                    266.5491819381714,
                    18.184983730316162
                ],
                [
                    193.67849826812744,
                    82.44994878768921
                ],
                [
                    275.76351165771484,
                    184.85552072525024
                ],
                [
                    354.8258304595947,
                    135.29596328735352
                ],
                [
                    298.773717880249,
                    98.65751266479492
                ],
                [
                    214.5632266998291,
                    159.97724533081055
                ],
                [
                    271.5131998062134,
                    107.97476768493652
                ]
            ],
            "provenance": "nvisii",
            "quaternion_xyzw": [
                0.5031648874282837,
                0.7688493728637695,
                0.10797953605651855,
                0.3795209228992462
            ],
            "quaternion_xyzw_world": [
                0.7717778086662292,
                -0.11090797185897827,
                0.500236451625824,
                0.3765924870967865
            ],
            "segmentation_id": 1,
            "visibility": 1
        },
        {
            "bounding_box_minx_maxx_miny_maxy": [
                21,
                173,
                174,
                308
            ],
            "class": "Colored",
            "local_cuboid": null,
            "local_to_world_matrix": [
                [
                    0.0030347530264407396,
                    0.009696029126644135,
                    0.011035274714231491,
                    0.0
                ],
                [
                    -0.0026266900822520256,
                    -0.010728523135185242,
                    0.010148856788873672,
                    0.0
                ],
                [
                    0.014453054405748844,
                    -0.003985701594501734,
                    -0.00047266422188840806,
                    0.0
                ],
                [
                    1.654963731765747,
                    0.3374004065990448,
                    -0.13101939857006073,
                    1.0
                ]
            ],
            "location": [
                -0.3374004065990448,
                -0.13101939857006073,
                -1.654963731765747
            ],
            "location_world": [
                1.654963731765747,
                0.3374004065990448,
                -0.13101939857006073
            ],
            "name": "hope_Colored_cube_1",
            "projected_cuboid": [
                [
                    69.46609020233154,
                    233.00669193267822
                ],
                [
                    123.10749292373657,
                    179.6282172203064
                ],
                [
                    83.01806449890137,
                    172.7262258529663
                ],
                [
                    20.82580327987671,
                    236.18240356445312
                ],
                [
                    117.20458269119263,
                    293.47708225250244
                ],
                [
                    174.15300607681274,
                    240.06242752075195
                ],
                [
                    142.53921508789062,
                    244.88837718963623
                ],
                [
                    75.76519250869751,
                    308.38472843170166
                ],
                [
                    101.56196355819702,
                    238.22546005249023
                ]
            ],
            "provenance": "nvisii",
            "quaternion_xyzw": [
                0.40017011761665344,
                0.9064393639564514,
                0.0396060049533844,
                0.12908485531806946
            ],
            "quaternion_xyzw_world": [
                0.6980441808700562,
                0.16878919303417206,
                0.6085653305053711,
                0.3374800384044647
            ],
            "segmentation_id": 2,
            "visibility": 1
        },
        {
            "bounding_box_minx_maxx_miny_maxy": [
                43,
                179,
                59,
                182
            ],
            "class": "Colored",
            "local_cuboid": null,