{"camera_data": {}, "objects": [{"class": "Cube", "location": [3.3548438672095533, -2.6410238656094456, 17.927777737315324], "quaternion_xyzw": [-0.5090165325937721, -0.5188465648837342, 0.12690912724546433, 0.6749773959743816], "projected_cuboid": [[351.31658607499867, 117.11376046627592], [350.8539824343509, 115.99352779190342], [351.58287696234413, 116.46440089473548], [352.0453758018851, 117.58644248213801], [352.4866093317527, 116.33213419471811], [352.0259418796774, 115.21083358204068], [352.7574025532764, 115.67984142977379], [353.2179567086284, 116.80295608175415], [352.03565471856234, 116.39813413072055]]}, {"class": "Cube", "location": [-0.05796117952649665, -0.008886279795679655, 0.18983313904201504], "quaternion_xyzw": [-0.39383256777270026, 0.7014254362427903, 0.5855358790433774, 0.10022973763345869], "projected_cuboid": [[28.57581116656911, 201.11085277448524], [162.83839461322552, 261.96651405891805], [99.29757330240011, 250.43157607956084], [-18.44665018000262, 199.8562570520928], [99.317578335457, 59.056292350408825], [212.39125130787932, 137.3606551252492], [144.92970980754313, 146.6038609390687], [42.65667404602141, 84.16895495748258], [99.30619256938809, 167.97659284276253]]}, {"class": "Cube", "location": [-26764571.092610616, 20090553.90761054, 94584536.43678774], "quaternion_xyzw": [-0.596583919560394, 0.009824133295305248, 0.48621105182244634, 0.6384276986571494], "projected_cuboid": [[110.779878477409, 301.00801201405875], [110.77987837993516, 301.0080118146625], [110.7798781505872, 301.0080118079198], [110.77987824806107, 301.0080120073161], [110.77987860928312, 301.00801182140515], [110.77987851180924, 301.0080116220088], [110.77987828246134, 301.0080116152661], [110.77987837993518, 301.00801181466244], [110.77987837993516, 301.00801181466244]]}]}