{"camera_data": {}, "objects": [{"class": "Cube", "location": [22.46479571432399, 38.51056445226931, 189.52874004494322], "quaternion_xyzw": [-0.20147513495778907, -0.30119387812979265, -0.45312260935244675, 0.8144752412839241], "projected_cuboid": [[316.19887050541837, 295.72258761159117], [315.75357304158666, 296.7416467521861], [316.9259038750458, 297.4449124251905], [317.36918773942773, 296.4244582601184], [316.73303758838443, 295.11046621916955], [316.28782273006027, 296.1304221943132], [317.46251651866066, 296.8349693372337], [317.9057096504962, 295.81361321645386], [316.8294718672071, 296.2777030661315]]}, {"class": "Cube", "location": [-0.0025927642637821047, 0.21548571243631798, 0.6631225087470415], "quaternion_xyzw": [-0.4189893888389862, -0.8575303264301369, -0.2118803632092924, 0.21022926289946944], "projected_cuboid": [[-111.34852324137972, 538.2556017664353], [51.45593405479099, 290.8398959907439], [663.4320609040058, 653.6365994616933], [266.8021671818044, 712.0499456059315], [95.60162497324248, 244.6970251608921], [242.08389123248338, 30.28652101795717], [509.16665149221706, 233.40392388594051], [307.30116354708514, 376.64597384147527], [253.99342262912, 358.76747684416733]]}]}