{"camera_data": {}, "objects": [{"class": "Cube", "location": [-0.29626959918355295, -0.18392355410921168, 1.0809887039624355], "quaternion_xyzw": [-0.45578269466665206, -0.39277581977016307, 0.6637452607848479, 0.4443326675273111], "projected_cuboid": [[51.80321589976296, 230.21142521616258], [103.54964071404439, 58.573271988475824], [-28.884810207719056, -81.8129365694665], [-128.52813140719007, 161.8513443266241], [235.46081734220343, 259.9949304534723], [274.68985138002313, 67.32862177764028], [214.49915816087113, -91.19641405256868], [139.14948949624346, 197.72575961799166], [115.34583983748735, 104.68218842356424]]}, {"class": "Cube", "location": [-3986.318818009036, 3710.4580797411054, 16305.66974913077], "quaternion_xyzw": [-0.015463448759167163, 0.8079317256113034, 0.5134071698843551, -0.28882570248257206], "projected_cuboid": [[130.52191783466748, 308.78335214366643], [130.5332872518091, 308.79002672413804], [130.5407871551854, 308.79445742433404], [130.52941761542917, 308.7877827723866], [130.53068941637792, 308.769341823662], [130.54205856761078, 308.7760165975707], [130.54955860129138, 308.7804469368049], [130.53818932745355, 308.7737720914099], [130.53573825072135, 308.7818995367943]]}, {"class": "Cube", "location": [1.7311330783979386, 3.3888397724580694, 12.051073922638192], "quaternion_xyzw": [0.8551733525934534, -0.4878704118789756, 0.08020498141254737, 0.15565397259217129], "projected_cuboid": [[345.7141519073647, 331.5165260785707], [335.6106778667858, 350.9974488898256], [316.2738609162191, 339.3820810236376], [326.53192838155326, 320.1952009235219], [342.60032049578007, 333.377738273536], [332.84961201679073, 352.1292674503869], [314.27418605485747, 340.94986779069814], [324.16744074157356, 322.47065098053133], [329.7210228347294, 336.31515252416193]]}]}