{"camera_data": {}, "objects": [{"class": "Cube", "location": [0.027933503304723144, -0.16395598934848554, 0.6983473771155984], "quaternion_xyzw": [0.6877830874520674, -0.3253062719454078, -0.493695986193366, 0.42118229695043147], "projected_cuboid": [[266.60319595383686, 55.26754537387117], [254.5708760971314, 93.05820032104505], [252.57845945921872, 75.2610240469725], [263.06965740603357, 41.642614720996704], [304.2674893754813, 67.17042506946885], [291.234309607108, 104.15324919303279], [284.9035258100919, 85.22223730617127], [296.1706085220618, 52.23718310807311], [276.5277120896395, 71.51237952496153]]}, {"class": "Cube", "location": [0.07034468008881106, 0.08145844755994205, 0.47685728904002167], "quaternion_xyzw": [0.5698422629072317, -0.45715619120748135, -0.5160190737935008, 0.4472273781050661], "projected_cuboid": [[316.4094843985909, 271.1757265774424], [312.2046039007295, 328.08395757484504], [295.99986306538176, 285.157291293361], [299.13138068586045, 238.25535045274077], [376.1275981835048, 272.83572927945477], [370.72239056772906, 329.2675847977678], [343.8262013467029, 286.39455757668566], [347.7566500806041, 239.81605192022755], [331.7058571847645, 279.666637898983]]}, {"class": "Cube", "location": [0.001964374140858677, 0.07566120780008792, 0.9937002579215821], "quaternion_xyzw": [-0.5459421105141352, 0.21797262396230613, -0.5089608696216245, 0.6288036103302516], "projected_cuboid": [[261.97956349827587, 226.59184609870914], [252.51288879031364, 248.72910311610121], [273.92324007817655, 247.98458990578703], [283.96990063529296, 223.76995302573877], [241.5628025335851, 215.62346266109014], [231.67277220316385, 237.94370284783452], [251.4092467855072, 236.13728094440222], [261.95417420762317, 211.70404070905863], [257.0145079474944, 231.07549739819967]]}]}