{"camera_data": {}, "objects": [{"class": "Cube", "location": [-39463370.483567946, 51098495.90756375, 264386861.26070887], "quaternion_xyzw": [0.736177096138453, -0.413752077564655, 0.23927090602847093, 0.4791679611163524], "projected_cuboid": [[179.39785166498015, 291.18703161004555], [179.39785102938148, 291.18703211920496], [179.397850289107, 291.18703183143634], [179.39785092470566, 291.18703132227694], [179.39785176965597, 291.18703240697363], [179.3978511340573, 291.18703291613303], [179.39785039378282, 291.18703262836436], [179.39785102938148, 291.187032119205], [179.39785102938146, 291.187032119205]]}, {"class": "Cube", "location": [-0.2562752616644224, -0.435802599257717, 1.859744332059239], "quaternion_xyzw": [-0.10108381445040814, -0.514915159181759, 0.6539352847701827, 0.544989068361485], "projected_cuboid": [[171.6738463203272, 100.99238978682429], [210.90268558802174, -10.198810856909006], [106.72880203082158, -38.55755469139916], [71.20449155864176, 98.99495109438284], [249.21067113077027, 161.50625063907395], [302.2983761834169, 43.78097511569385], [206.71557967914816, 25.65533678280903], [153.44953202293735, 173.5319545358107], [185.28035213283704, 71.73944047921086]]}, {"class": "Cube", "location": [-0.06164133795187799, 0.33530393051913293, 1.7101719657387775], "quaternion_xyzw": [0.018878183021948988, -0.5718523367982564, -0.8042272008919985, 0.16077042156312357], "projected_cuboid": [[124.3391521326501, 373.56296182447613], [276.99236895161454, 429.7848852354807], [302.6743855015615, 336.50376864936186], [183.26715032201702, 296.3425896795519], [146.87614278902254, 231.59741966630025], [320.26927161365757, 286.93973573432413], [337.36495752419023, 221.1910223453459], [205.6665839823446, 182.0425781788759], [237.50224932307432, 292.6202771357458]]}, {"class": "Cube", "location": [-73978909.08010805, 65965205.57620229, 327837758.0410489], "quaternion_xyzw": [-0.5531634944963859, 0.791889134081942, 0.0425730252994093, 0.25516521157155214], "projected_cuboid": [[140.19279014482106, 295.2624906246066], [140.19279042630012, 295.26249122225585], [140.19278968562588, 295.26249155696365], [140.19278940414682, 295.26249095931433], [140.19279001835866, 295.2624902144662], [140.19279029983775, 295.26249081211546], [140.19278955916354, 295.2624911468232], [140.19278927768445, 295.262490549174], [140.1927898519923, 295.2624908857149]]}]}