{"camera_data": {}, "objects": [{"class": "Cube", "location": [-0.02733960301800307, -0.01311604733627958, 0.09023014495400217], "quaternion_xyzw": [-0.46522911761734026, -0.4898287691416132, 0.5309900608716986, 0.5115458926603487], "projected_cuboid": [[79.62100757903315, 230.17674139537473], [87.08790094477479, 49.79961899850346], [-415.3351358801516, -280.1822279187536], [-436.0340481416375, 322.93893839491807], [259.05122844924676, 239.60310503926638], [267.21581057572746, 53.53419563034183], [178.61377897243386, -304.497316973176], [150.09449726730992, 367.34244077332096], [100.50114453443706, 117.40014762904224]]}, {"class": "Cube", "location": [-7473442.232885266, 6956266.014545877, 30569041.741981976], "quaternion_xyzw": [-0.1375828094311137, 0.8482187898659354, 0.48750713636416343, -0.15470180044661153], "projected_cuboid": [[130.53415754614332, 308.7833701669652], [130.53415828726878, 308.7833705140049], [130.53415850556942, 308.7833709990695], [130.53415776444393, 308.7833706520298], [130.53415797689232, 308.78336941740537], [130.5341587180178, 308.78336976444507], [130.53415893631842, 308.7833702495097], [130.53415819519296, 308.78336990247], [130.53415824123087, 308.78337020823744]]}, {"class": "Cube", "location": [0.30240152130659526, 0.5916612832989715, 2.1104353350432525], "quaternion_xyzw": [0.9258860368797595, -0.36934205217572136, -0.03535127515041655, 0.07121644859833268], "projected_cuboid": [[342.83185363751613, 342.10277032489864], [333.8571752873647, 350.5633483851476], [316.63091008480495, 331.7937169628174], [325.5325640616146, 323.3912298803314], [342.24082756330614, 339.89468771952016], [333.4745778444871, 348.1596121302822], [316.64790779638463, 329.84002266405673], [325.3444723358399, 321.63054318691275], [329.5357573660811, 335.87579924727197]]}]}