{"camera_data": {}, "objects": [{"class": "Cube", "location": [-0.12726112973885412, -0.34773885726696147, 1.184032435371863], "quaternion_xyzw": [-0.49816845054981934, 0.5499038687021476, -0.15880467494656564, 0.6513178987854696], "projected_cuboid": [[366.09688179957254, -30.502718375815505], [286.8562278182247, 139.5307392338101], [218.38122820360886, 226.21261679447764], [314.2483643864236, -0.16961686064198034], [185.82062407919557, -117.08236176746459], [141.5139145813021, 62.96062534358802], [23.70274874693959, 118.21994968258284], [51.07439828105464, -129.79478479210314], [200.84069031312623, 41.278131056133816]]}, {"class": "Cube", "location": [0.40404707539035395, 0.03724934513804287, 2.547918376493312], "quaternion_xyzw": [-0.41432239964517115, 0.3039145768984874, 0.609492835113973, 0.6037312009873366], "projected_cuboid": [[387.29152028533844, 274.25214165931425], [361.30066051291635, 219.36068115659936], [274.808391760348, 212.2183911565471], [285.8850469693682, 267.2955973121222], [416.8829993719674, 183.34766090178857], [383.7904487842661, 138.4108355612437], [290.0528219412033, 128.615313539192], [305.37843839529467, 172.93075678483405], [337.382889264967, 199.50273796099913]]}, {"class": "Cube", "location": [-1.6472415798502205, 2.488112343991865, 9.912244706937152], "quaternion_xyzw": [0.044235853907994824, -0.4471630921901275, 0.8872089777834128, 0.10463550044084109], "projected_cuboid": [[164.41175661235326, 314.98982100617786], [188.1134904374838, 312.3553574280828], [179.51952836137764, 302.0549167124993], [154.95447148641216, 304.8830746455744], [162.06923958740765, 339.2480808224315], [186.46313865530132, 336.7448939782731], [177.53225769284353, 327.12615921341063], [152.22303269500998, 329.8175892762577], [170.7151423544357, 320.8203926243849]]}]}