{"camera_data": {}, "objects": [{"class": "Cube", "location": [-3.1424050809965323, 0.758335859802776, 13.561626811631857], "quaternion_xyzw": [-0.6397842983242407, -0.29001456329838005, 0.3100248132401464, 0.6406654508150267], "projected_cuboid": [[137.44687143913956, 221.94021404393695], [136.25222730220167, 220.48911946335147], [135.26707033725248, 220.65855209679907], [136.47046122842616, 222.12039792329895], [138.88962275246206, 220.7351648540962], [137.69478799038993, 219.28411133441134], [136.72025504546934, 219.44463768637377], [137.9238393839145, 220.9064418437221], [137.08489416740056, 220.69699695002558]]}]}