{"camera_data": {}, "objects": [{"class": "Cube", "location": [-4.1115897332903275, -2.414394628436346, 11.280270665028645], "quaternion_xyzw": [-0.10990539975750177, -0.7304387951527739, -0.6342512648110159, 0.22826585974589947], "projected_cuboid": [[67.01046725855085, 82.80589476517011], [68.60217279233305, 82.87066289284394], [70.35283329883964, 83.68367492534465], [68.76363442580777, 83.61745830830871], [67.52868367901928, 80.6266930722524], [69.12083294298534, 80.68685441208868], [70.86877363364522, 81.50801194795736], [69.27913742090547, 81.44636784491671], [68.94173572746999, 82.15624180411577]]}, {"class": "Cube", "location": [-1.1154184582772582, 0.5124724013282057, 6.586877549409183], "quaternion_xyzw": [0.28383477399723955, -0.6795877332909508, -0.3126856585324858, 0.5998549931262632], "projected_cuboid": [[166.87780179904908, 229.3874918057208], [166.91095521476973, 232.5506009958801], [167.3870803474905, 234.82077157461512], [167.35182494690193, 231.6650151000734], [170.8034275897243, 229.03428297738435], [170.8556610252092, 232.1936270823976], [171.30857608118345, 234.46441013229858], [171.2544639960266, 231.3123893320416], [169.09497580697644, 231.92799841637034]]}, {"class": "Cube", "location": [1.1706053835608041, 0.5729890939992122, 18.690196656002453], "quaternion_xyzw": [-0.3597608879828267, -0.9088468996491618, -0.16982175368181326, 0.12541925072471063], "projected_cuboid": [[287.13729799883566, 207.97425528431577], [288.1427901256691, 207.14827227545877], [289.0815945155489, 208.0790559755444], [288.07581040698966, 208.90368375916808], [287.2065593125571, 207.38845702496758], [288.2096672940541, 206.5639372961536], [289.14614740720816, 207.49279640005622], [288.14274893656375, 208.31596685217883], [288.1427694903611, 207.73327495973444]]}, {"class": "Cube", "location": [-0.08092766925302106, 0.059052684883953405, 0.3042075373164275], "quaternion_xyzw": [-0.09005468915719995, -0.288342385543063, 0.884985941656983, 0.35432852655359104], "projected_cuboid": [[114.23064093207279, 311.8519655486183], [168.93143397932403, 261.07592688106047], [113.10486146487739, 219.1343896693049], [53.76411563043564, 274.8940322084733], [126.05531142501721, 366.5128163720277], [188.37378865231318, 309.1622624034421], [126.12236167027567, 265.97635462344124], [57.707895709184385, 329.77147169682075], [119.4745206281658, 291.6222452270197]]}]}