{"camera_data": {}, "objects": [{"class": "Cube", "location": [-0.41416098177896876, -0.24404887804049766, 1.0814545438954102], "quaternion_xyzw": [0.8042012670090383, 0.007214518874582233, 0.5926543902085032, 0.04437394083302654], "projected_cuboid": [[217.87630894219308, 194.2122193386634], [91.89761849701, 173.65003541431713], [86.88294666475159, -148.96275516155606], [210.7720410266598, -7.694280711507531], [43.686069870988604, 205.71594668532808], [-154.19107871619718, 194.62993913375675], [-147.92112219215, -78.31990872506492], [42.246233499003466, 24.459808040343347], [59.46153516229279, 76.18756487050628]]}, {"class": "Cube", "location": [-0.7117717954560357, -0.12831688930135693, 2.088876998569218], "quaternion_xyzw": [0.06920762888312357, 0.7689563448472934, 0.6340339896944744, 0.04378748377760175], "projected_cuboid": [[-9.732840183313158, 222.73088781330293], [130.1459374241134, 199.69446823414503], [162.9401956168485, 219.01096507509885], [52.864749822186155, 237.02898372736263], [-17.25441336674885, 90.07914587618043], [115.45942944885346, 67.49813268261178], [149.95905989654784, 113.31589720750189], [44.36940143558172, 131.06073822224462], [81.13030414034048, 160.47481798374818]]}]}