{"camera_data": {}, "objects": [{"class": "Cube", "location": [-0.003431079180943545, -0.008937686507670626, 0.11773206556798083], "quaternion_xyzw": [0.6519390534019537, 0.05517230546422304, 0.3283066267083698, 0.6812827946003761], "projected_cuboid": [[545.7228262262904, 106.53099207710505], [321.5183062699745, -117.26004120665027], [161.98630497367742, 41.65219637921382], [284.6269572952034, 132.23902282897052], [404.5894082703852, 383.46779779181645], [110.9439265726142, 215.13350377531356], [72.30966740437728, 178.79738963666492], [209.51722933803217, 258.93235864453914], [241.04375314265178, 153.0401746235562]]}, {"class": "Cube", "location": [0.4320017669915586, -0.06933866715875638, 2.404227757818121], "quaternion_xyzw": [-0.5324139197895139, -0.154402771928764, 0.25492802184526464, 0.7922795628521156], "projected_cuboid": [[350.2453893049423, 181.32382552440887], [341.6185724994292, 175.40269328400998], [339.762544898831, 181.32392117063736], [348.7244675337955, 187.4791300966588], [356.41723899932174, 173.19546971099751], [347.7189449915893, 167.23206313424922], [346.0872168864903, 172.88105119800386], [355.12630315337765, 179.0819610903538], [348.2139369280336, 177.19915433545805]]}, {"class": "Cube", "location": [-2.720054377322184, 4.060968624993251, 16.31311820153109], "quaternion_xyzw": [0.10363582289752829, 0.7461201594235778, -0.6553873652814679, 0.05506110554196166], "projected_cuboid": [[169.47459869389402, 318.5477520354287], [171.05716565364696, 318.3341199201866], [171.26802922036342, 319.4616646324099], [169.6761936816676, 319.67732307930805], [169.59446201645818, 320.0474937132925], [171.17629724095758, 319.83295097692667], [171.387781019262, 320.96893086462603], [169.79668582398523, 321.1855101585568], [170.42887318068182, 319.75540964025697]]}]}