{"camera_data": {}, "objects": [{"class": "Cube", "location": [0.210755880944143, -1.2380627218947686, 5.2758776071971845], "quaternion_xyzw": [0.4270924856990674, -0.07284056484111784, -0.7316527082076139, 0.5262799400941321], "projected_cuboid": [[239.88150638563863, 50.3579379830264], [244.53445161382032, 96.84105759819205], [276.9150311049335, 81.90174538750468], [274.1338113830804, 37.04353036238956], [276.01272143888707, 59.39428886220668], [279.0141135867578, 108.22974522963885], [311.49188836568214, 91.8389209542617], [310.391884253188, 44.777461634119305], [276.5008391311023, 71.57002868875529]]}, {"class": "Cube", "location": [0.37695461515594486, 0.7055683189160121, 4.182736707668858], "quaternion_xyzw": [-0.36096946839019817, 0.3598830419568768, -0.7730836876580695, 0.37752728494635046], "projected_cuboid": [[299.66805506281344, 252.2276166064097], [327.3439244554379, 302.9375523348084], [355.34756559383277, 285.2922089854669], [323.9565983676017, 230.14465786792172], [253.03630330163614, 272.3385486480613], [280.7050152741151, 326.63554580113635], [305.37720115108755, 310.46611618115844], [273.8883998905095, 251.02765406626202], [302.25036716830476, 278.56955638728294]]}, {"class": "Cube", "location": [0.03797637873078333, 0.46265448329461817, 6.23465865599726], "quaternion_xyzw": [-0.45971433279056756, 0.14723799744815558, -0.5652431169793278, 0.6689423914223663], "projected_cuboid": [[266.9175406491578, 220.3719209239219], [254.61655166352736, 256.3690492463189], [280.67832691269155, 257.89996386137284], [293.0754775732288, 219.61405001835453], [238.53724065774634, 203.50964086063894], [224.9711797327023, 240.61519239360535], [250.23884345338757, 241.15950778467433], [264.00933228192036, 201.6173394191957], [259.12598951121254, 230.08296394837987]]}]}