{"camera_data": {}, "objects": [{"class": "Cube", "location": [-0.01272611297388574, -0.03477388572669405, 0.11840324353717398], "quaternion_xyzw": [-0.4981684505497725, 0.549903868702188, -0.15880467494652437, 0.6513178987854814], "projected_cuboid": [[366.0968817995852, -30.502718375845944], [286.8562278182353, 139.5307392337965], [218.3812282036088, 226.21261679449458], [314.2483643864165, -0.16961686063405068], [185.82062407918124, -117.08236176750279], [141.51391458130018, 62.96062534357188], [23.702748746924726, 118.21994968259591], [51.07439828100431, -129.79478479211144], [200.84069031311907, 41.27813105612722]]}, {"class": "Cube", "location": [0.04040470753935283, 0.0037249345137481855, 0.2547918376510431], "quaternion_xyzw": [-0.4143223996450947, 0.30391457689867635, 0.6094928351138315, 0.6037312009874369], "projected_cuboid": [[387.29152028512857, 274.2521416586076], [361.30066051287804, 219.36068115633262], [274.8083917608207, 212.218391156359], [285.8850469698603, 267.2955973114934], [416.88299937145007, 183.34766090168236], [383.7904487840309, 138.41083556145722], [290.052821941569, 128.6153135395231], [305.37843839562703, 172.9307567848626], [337.3828892650596, 199.5027379608357]]}, {"class": "Cube", "location": [-0.07484459030385048, 0.13220176267252792, 0.5082239032009148], "quaternion_xyzw": [-0.05638889985155615, -0.8366473521475587, 0.5447764163905761, 0.007756046844347472], "projected_cuboid": [[153.59947330075045, 292.733438544747], [202.90498787110843, 287.2131529391692], [202.44744360605077, 317.87605961276597], [148.3943878893122, 324.08435244439397], [160.98841165567848, 332.21996762932224], [208.4141722071717, 326.73005120608485], [208.48127863221038, 359.76806151222365], [156.67912469912886, 365.92654984974047], [180.4225950373069, 325.4961700467677]]}]}