{"camera_data": {}, "objects": [{"class": "Cube", "location": [-4.104399246949202, -2.4112713924919253, 11.266823924907795], "quaternion_xyzw": [-0.04444623129613224, -0.6907017096689235, -0.7137208369751343, 0.10750929100087354], "projected_cuboid": [[66.63804287552244, 82.83647111487271], [68.68540454602149, 82.9439716800505], [71.2771018693621, 83.78212619341933], [69.24497017765987, 83.67476813448249], [66.79719602014524, 80.5398638997423], [68.84509080319552, 80.64521367237312], [71.43588971847595, 81.50336964806213], [69.40323317302116, 81.39812513097255], [69.04600945456161, 82.16740770296688]]}, {"class": "Cube", "location": [-1.0018635151086925, 0.45880710665675384, 5.911701194928818], "quaternion_xyzw": [0.38266618499837346, -0.6435832929861145, -0.38271614524793324, 0.5411981966105417], "projected_cuboid": [[166.37602284420197, 228.46997685257082], [166.5988993563734, 232.5710917886336], [167.28673604609617, 235.52826156924843], [167.06492030813624, 231.47949383465465], [170.78702665209138, 228.09010335185874], [171.02486849134308, 232.18566572686146], [171.6445495875014, 235.1456961690704], [171.40822519199227, 231.10233382130497], [169.02734373739403, 231.8294499962597]]}, {"class": "Cube", "location": [1.3276168503645045, 0.6474224494911831, 21.180629519009646], "quaternion_xyzw": [-0.26942666467330373, -0.8562217017070726, -0.4166609822691515, 0.14383078857939213], "projected_cuboid": [[287.00935243447725, 207.78422632124835], [288.03213420964073, 207.38691876920902], [289.3439701745718, 208.57036327182107], [288.3227993910465, 208.96516581661433], [286.99098127273584, 206.8029259950756], [288.0122644166908, 206.40510053785545], [289.322269686424, 207.58978304561776], [288.30259275686507, 207.98510417812676], [288.1677392541882, 207.68684258325155]]}, {"class": "Cube", "location": [-0.06719736994042905, 0.05323406713894051, 0.22022637877194912], "quaternion_xyzw": [-0.4756417145389926, -0.320443073356425, 0.7611167061602495, 0.30295635945143806], "projected_cuboid": [[71.50079303294925, 389.64164901543256], [122.16347292745169, 301.0036595108466], [31.581457153402425, 188.3152737611796], [-54.90464225731574, 298.97864751446446], [157.51431149173828, 425.48446686869374], [202.8224696925891, 327.49543377716975], [137.54318012068265, 215.49391476055396], [59.374772470761286, 342.5287334527545], [99.40799478368058, 316.05291050076545]]}]}