{"camera_data": {}, "objects": [{"class": "Cube", "location": [-87824.9402817076, 113718.6787793665, 588387.6832343119], "quaternion_xyzw": [0.4398057087507683, -0.12267844614484756, 0.3294104914775465, -0.8264439881239634], "projected_cuboid": [[179.39787621418765, 291.18701357202406], [179.39784281447885, 291.18704275624987], [179.3978565953792, 291.18706683977655], [179.39788999508562, 291.1870376555517], [179.39785093943152, 291.1869903082908], [179.3978175397237, 291.18701949251437], [179.3978313206248, 291.18704357604116], [179.39786472033023, 291.1870143918186], [179.39785376740534, 291.1870285740332]]}, {"class": "Cube", "location": [-0.021569873135970998, -0.02947613944773159, 0.11499151770723064], "quaternion_xyzw": [-0.06489642030154252, -0.6682213476630409, 0.5711959528366827, 0.47223285423869954], "projected_cuboid": [[115.80578825371589, 57.45308311752464], [197.1211548606659, -102.15905228505949], [27.726502340073466, -143.51699850558344], [-41.269377447124384, 85.9117411701788], [234.15822255058114, 175.4414271934071], [346.4800362980309, 36.79417953914748], [245.35245157415696, 66.29042350934857], [115.88044347902337, 251.1925886360557], [159.7349961623799, 60.44982076773945]]}, {"class": "Cube", "location": [-0.00701335035872334, 0.025714849225978206, 0.1748935790916934], "quaternion_xyzw": [-0.1343573008360414, -0.9756326134892473, 0.1720081208822734, 0.02241262052380477], "projected_cuboid": [[128.57762439529154, 197.14697443543974], [283.0988538731066, 153.86188665527578], [332.0236589027795, 311.73944636984015], [159.05934878113868, 360.34036895613406], [168.68012637429402, 236.86283255857467], [288.0981433675382, 203.3803716096597], [325.36674903140363, 326.64718734941505], [195.2242149815891, 363.2242440680449], [235.42033422387794, 267.4565187087466]]}, {"class": "Cube", "location": [-60985.50251229348, 54379.29891660566, 270257.45831828826], "quaternion_xyzw": [-0.6108490637710936, 0.7694277166553659, 0.04146884890703872, 0.1820020458753516], "projected_cuboid": [[140.1928341810344, 295.262451358583], [140.19285906751594, 295.26253285732435], [140.19276498709874, 295.2625596500158], [140.19274010062492, 295.2624781512665], [140.19283233137338, 295.26240641500976], [140.19285721785826, 295.2624879137581], [140.19276313742762, 295.2625147064505], [140.19273825095047, 295.26243320769413], [140.19279865923647, 295.26248303251185]]}]}