{"camera_data": {}, "objects": [{"class": "Cube", "location": [3.7020827063454482, -2.914366915923202, 19.783355290409457], "quaternion_xyzw": [-0.5602054866615817, -0.48046018604591817, 0.17172566164846656, 0.6525627322107651], "projected_cuboid": [[351.15059447314263, 117.05601638176736], [350.63422561065397, 115.98648325176555], [351.88159260298113, 116.45641790434522], [352.39893201850657, 117.53028752762053], [352.1889553572971, 116.340742128705], [351.6738414841907, 115.27066574017256], [352.92564809235284, 115.73724267369339], [353.44172172002703, 116.81166073406038], [352.03572381968587, 116.39841071969992]]}, {"class": "Cube", "location": [-0.05166384597199324, -0.007836486048146511, 0.17407379710865162], "quaternion_xyzw": [-0.35237017235488727, 0.6731793188531273, 0.6498545814758601, 0.018811944021324495], "projected_cuboid": [[4.7949044225686634, 226.6479880101164], [186.8287817121402, 303.57631599782576], [99.67799652538574, 239.7508837970579], [-14.866318338125154, 188.10180571604022], [111.04326121365887, 38.830952209647876], [266.02318591472834, 142.59848693234377], [152.48951786343792, 140.39590001018644], [48.29275594779327, 79.1675268348242], [103.68594588490669, 168.8966685008969]]}, {"class": "Cube", "location": [-6138813.395363252, 4608038.029884867, 21694232.20106223], "quaternion_xyzw": [0.13671565868474272, -0.722414220649317, -0.5293680237841314, 0.4233155062939695], "projected_cuboid": [[110.77987724185073, 301.00801136873895], [110.77987780026947, 301.0080122497825], [110.77987898267057, 301.0080127586506], [110.77987842425188, 301.00801187760703], [110.77987816364003, 301.00801058059653], [110.77987872205875, 301.00801146164], [110.77987990445985, 301.0080119705081], [110.77987934604116, 301.0080110894646], [110.77987857315532, 301.00801166962356]]}]}