{"camera_data": {}, "objects": [{"class": "Cube", "location": [-6.16231413597469, 1.4840085261510758, 26.527559096484058], "quaternion_xyzw": [-0.6466633527372797, -0.675358533414963, -0.3463881524193273, 0.07571398439981503], "projected_cuboid": [[136.36609270653918, 221.4329045757077], [136.38926146438072, 220.66807195353547], [137.36915393686002, 220.5741790950035], [137.34498520059262, 221.33857585645865], [136.2006131723987, 220.8446005972189], [136.22357758080256, 220.0802370090335], [137.20220371171084, 219.98688622853626], [137.17824190261172, 220.7508143352105], [136.7843720909337, 220.70950820807607]]}]}