{"camera_data": {}, "objects": [{"class": "Cube", "location": [-0.05750489646284636, -0.0446854373226623, 0.17634668144574042], "quaternion_xyzw": [0.6582022062639643, 0.17366770214014166, 0.7131581132661254, 0.16737649292930354], "projected_cuboid": [[157.26426587088736, 226.4422776638238], [139.4968903771999, 147.53536831199125], [166.97322890440842, -93.42680857204442], [175.61046207397123, 16.416412128020852], [7.418398408752921, 223.11404042128865], [-61.96325629039302, 140.8342763247067], [19.68961820000706, -103.35987775712044], [57.9584492364435, 10.300455545374234], [88.65059130804758, 61.95748235247427]]}, {"class": "Cube", "location": [-0.09154622792729206, -0.019666501174597444, 0.2613835371461784], "quaternion_xyzw": [-0.22937581681290165, -0.8448387704856551, -0.4803155394204522, 0.054140272782288695], "projected_cuboid": [[-58.11108510333315, 163.47388247074002], [31.033621980523264, 118.40757641000855], [175.01545079132512, 218.65638547075437], [102.02439881251817, 246.4171578697458], [-37.3011756997019, 78.334278533365], [42.835026497840744, 32.709807462210534], [171.26174098997421, 146.25495132177474], [104.49362959478336, 175.22559172834235], [76.25828908263671, 153.38682446110218]]}]}