{"camera_data": {}, "objects": [{"class": "Cube", "location": [-61.62314179700183, 14.840085366828061, 265.27559284851833], "quaternion_xyzw": [-0.646663353009714, -0.6753585333552917, -0.34638815194019934, 0.07571398479723992], "projected_cuboid": [[136.36609270991812, 221.43290457042852], [136.38926146677716, 220.66807195361082], [137.3691539324896, 220.57417909577364], [137.34498519721785, 221.33857585188218], [136.20061317799616, 220.84460059622063], [136.22357758542262, 220.08023701338402], [137.20220370957958, 219.9868862335725], [137.178241901471, 220.75081433490584], [136.78437209155413, 220.70950820796065]]}]}