{"camera_data": {}, "objects": [{"class": "Cube", "location": [-41.115897334598344, -24.143946285360645, 112.80270665493377], "quaternion_xyzw": [-0.1099053997706545, -0.7304387951575949, -0.6342512648043729, 0.22826585974259772], "projected_cuboid": [[67.01046725863455, 82.805894765153], [68.60217279233436, 82.87066289275528], [70.35283329879127, 83.68367492524379], [68.76363442584136, 83.61745830827917], [67.52868367905756, 80.6266930723311], [69.12083294294104, 80.6868544120961], [70.86877363355146, 81.50801194795174], [69.27913742089379, 81.44636784498215], [68.94173572746476, 82.15624180410444]]}, {"class": "Cube", "location": [-11.15418458272646, 5.124724013260958, 65.8687754938179], "quaternion_xyzw": [0.28383477400068985, -0.6795877332894578, -0.3126856585366819, 0.5998549931241348], "projected_cuboid": [[166.87780179903035, 229.38749180572103], [166.910955214762, 232.55060099592046], [167.38708034748942, 234.82077157462646], [167.3518249468899, 231.6650151000453], [170.80342758972148, 229.03428297737594], [170.85566102521722, 232.19362708242932], [171.3085760811977, 234.46441013230134], [171.2544639960301, 231.31238933200498], [169.09497580697436, 231.927998416372]]}, {"class": "Cube", "location": [11.706053835960132, 5.729890940123843, 186.90196656602913], "quaternion_xyzw": [-0.3597608878232396, -0.9088468996304645, -0.16982175408249223, 0.12541925077543578], "projected_cuboid": [[287.13729799889455, 207.9742552843998], [288.1427901260044, 207.1482722761619], [289.0815945155351, 208.0790559761284], [288.075810406701, 208.90368375913107], [287.2065593124375, 207.3884570240974], [288.20966729421104, 206.5639372958989], [289.14614740701757, 207.49279639968518], [288.1427489360982, 208.31596685119038], [288.1427694902952, 207.73327495959066]]}, {"class": "Cube", "location": [-0.38932432467719946, 0.19769987125717417, 1.8236105889682943], "quaternion_xyzw": [0.6475287416163277, -0.5018798314152434, 0.3305182504194601, 0.4685945472783918], "projected_cuboid": [[231.4663372031119, 162.80486825772442], [174.50386708764773, 214.15452637976415], [25.94154811966723, 202.97268561704334], [111.89830422862491, 157.57258617835726], [238.75822506795896, 281.85764145276465], [189.85736509585973, 360.8640054478637], [54.594311615617585, 339.26480736191945], [128.027266236292, 269.5972922733663], [146.4364535756638, 247.63664443656387]]}]}