{"camera_data": {}, "objects": [{"class": "Cube", "location": [0.02107558809441349, -0.12380627218947181, 0.5275877607196962], "quaternion_xyzw": [0.4270924856990432, -0.07284056484110324, -0.7316527082076242, 0.5262799400941391], "projected_cuboid": [[239.8815063856366, 50.35793798302558], [244.53445161381984, 96.8410575981931], [276.915031104936, 81.90174538750523], [274.1338113830816, 37.04353036238825], [276.0127214388844, 59.39428886220557], [279.0141135867567, 108.22974522964006], [311.4918883656844, 91.83892095426229], [310.39188425318895, 44.77746163411763], [276.50083913110234, 71.57002868875513]]}, {"class": "Cube", "location": [0.14674759645379212, 0.18439743267959802, 1.2623330078424595], "quaternion_xyzw": [0.026827083668039396, -0.3573947670304678, -0.687809200370137, 0.6312430530051785], "projected_cuboid": [[299.4749628573228, 261.2000951460674], [304.3057352049803, 280.45179919699615], [320.29132311228693, 279.6887011482891], [315.3039946108078, 260.8369137231987], [310.86939136536205, 253.80651305755882], [316.0406843251883, 273.5188867418043], [332.2553897097799, 272.87918032245886], [326.92626561867155, 253.58598312486362], [315.66006278232805, 266.9665594286512]]}, {"class": "Cube", "location": [-0.04362708134379775, 0.2754967620033953, 3.527256904206756], "quaternion_xyzw": [0.24585802591099984, 0.3574695194862573, -0.5223544938925948, 0.7341084091901017], "projected_cuboid": [[247.91275384262855, 226.08437800755874], [246.57019439466882, 229.96819995452486], [253.3594603139512, 232.37654682555043], [254.77757876757076, 228.5187556336365], [245.871535833624, 231.78468791559828], [244.53971492177618, 235.63970956615086], [251.38856952954654, 238.07032372562162], [252.79728915203648, 234.2418196366107], [249.65245607176092, 232.08353859667005]]}]}