{"camera_data": {}, "objects": [{"class": "Cube", "location": [-158.69135301223037, -49.014326656981176, 409.1721933837389], "quaternion_xyzw": [-0.0600664104367926, -0.4376976754064651, -0.3548205153404583, 0.8239630896918546], "projected_cuboid": [[56.947322628371296, 130.50157573850515], [56.90584748865027, 130.52920683349603], [56.9509622292035, 130.57726517629754], [56.99243208546139, 130.54963030999556], [56.97505490738587, 130.47130790352864], [56.933579266716094, 130.498938231341], [56.978696651137454, 130.54700093730156], [57.0201670076907, 130.51936683747002], [56.963008526098946, 130.52428672548595]]}]}