{
    "camera_data": {
        "camera_look_at": {
            "at": [
                1.0,
                0.0,
                0.0
            ],
            "eye": [
                0.0,
                0.0,
                0.0
            ],
            "up": [
                0.0,
                0.0,
                1.0
            ]
        },
        "camera_view_matrix": [
            [
                0.0,
                0.0,
                -1.0,
                0.0
            ],
            [
                -1.0,
                0.0,
                0.0,
                0.0
            ],
            [
                0.0,
                1.0,
                0.0,
                0.0
            ],
            [
                0.0,
                0.0,
                0.0,
                1.0
            ]
        ],
        "height": 500,
        "intrinsics": {
            "cx": 250.0,
            "cy": 250.0,
            "fx": 603.5535278320312,
            "fy": 603.5535278320312
        },
        "location_world": [
            0.0,
            0.0,
            0.0
        ],
        "quaternion_world_xyzw": [
            0.5,
            -0.5,
            -0.5,
            0.5
        ],
        "width": 500
    },
    "objects": [
        {
            "bounding_box_minx_maxx_miny_maxy": [
                258,
                499,
                346,
                500
            ],
            "class": "Cube",
            "local_cuboid": null,
            "local_to_world_matrix": [
                [
                    0.004220257047563791,
                    0.005248399451375008,
                    0.001908856793306768,
                    0.0
                ],
                [
                    0.0007127205608412623,
                    -0.002879171399399638,
                    0.006340536754578352,
                    0.0
                ],
                [
                    0.005539085250347853,
                    -0.00362831586971879,
                    -0.0022702121641486883,
                    0.0
                ],
                [
                    0.7775076031684875,
                    -0.17449739575386047,
                    -0.5434109568595886,
                    1.0
                ]
            ],
            "location": [
                0.17449739575386047,
                -0.5434109568595886,
                -0.7775076031684875
            ],
            "location_world": [
                0.7775076031684875,
                -0.17449739575386047,
                -0.5434109568595886
            ],
            "name": "hope_Cube_0",
            "projected_cuboid": [
                [
                    329.1718363761902,
                    576.4150619506836
                ],
                [
                    408.6942672729492,
                    384.40898060798645
                ],
                [
                    324.6833086013794,
                    344.30941939353943
                ],
                [
                    211.55893802642822,
                    605.8189868927002
                ],
                [
                    545.20583152771,
                    732.4743270874023
                ],
                [
                    635.4615688323975,
                    486.01096868515015
                ],
                [
                    630.6493282318115,
                    480.4844260215759
                ],
                [
                    493.2199716567993,
                    854.518473148346
                ],
                [
                    437.04521656036377,
                    542.0895218849182
                ]
            ],
            "provenance": "nvisii",
            "quaternion_xyzw": [
                0.18421152234077454,
                0.928286075592041,
                -0.11476343870162964,
                0.30196094512939453
            ],
            "quaternion_xyzw_world": [
                0.764611005783081,
                0.2784385085105896,
                0.3478865921497345,
                0.4656360447406769
            ],
            "segmentation_id": 1,
            "visibility": 1
        }
    ]
}