{
    "camera_data": {
        "camera_look_at": {
            "at": [
                1.0,
                0.0,
                0.0
            ],
            "eye": [
                0.0,
                0.0,
                0.0
            ],
            "up": [
                0.0,
                0.0,
                1.0
            ]
        },
        "camera_view_matrix": [
            [
                0.0,
                0.0,
                -1.0,
                0.0
            ],
            [
                -1.0,
                0.0,
                0.0,
                0.0
            ],
            [
                0.0,
                1.0,
                0.0,
                0.0
            ],
            [
                0.0,
                0.0,
                0.0,
                1.0
            ]
        ],
        "height": 400,
        "intrinsics": {
            "cx": 200.0,
            "cy": 200.0,
            "fx": 482.84283447265625,
            "fy": 482.84283447265625
        },
        "location_world": [
            0.0,
            0.0,
            0.0
        ],
        "quaternion_world_xyzw": [
            0.5,
            -0.5,
            -0.5,
            0.5
        ],
        "width": 400
    },
    "objects": [
        {
            "bounding_box_minx_maxx_miny_maxy": [
                304,
                399,
                345,
                400
            ],
            "class": "Green",
            "local_cuboid": null,
            "local_to_world_matrix": [
                [
                    0.003433284116908908,
                    -0.00011935591464862227,
                    -0.0036329482682049274,
                    0.0
                ],
                [
                    0.0036077615804970264,
                    -0.0004977190401405096,
                    0.003425833536311984,
                    0.0
                ],
                [
                    -0.0004434160655364394,
                    -0.004973734728991985,
                    -0.0002556407416705042,
                    0.0
                ],
                [
                    1.161471962928772,
                    -0.40556415915489197,
                    -0.6461385488510132,
                    1.0
                ]
            ],
            "location": [
                0.40556415915489197,
                -0.6461385488510132,
                -1.161471962928772
            ],
            "location_world": [
                1.161471962928772,
                -0.40556415915489197,
                -0.6461385488510132
            ],
            "name": "hope_Green_cube_0",
            "projected_cuboid": [
                [
                    408.1369400024414,
                    490.33923149108887
                ],
                [
                    390.1154041290283,
                    394.9841499328613
                ],
                [
                    303.7284851074219,
                    387.68999576568604
                ],
                [
                    309.04908180236816,
                    480.3194999694824
                ],
                [
                    438.99316787719727,
                    454.7691345214844
                ],
                [
                    414.0157222747803,
                    351.41963958740234
                ],
                [
                    315.507173538208,
                    343.8995361328125
                ],
                [
                    323.6234188079834,
                    443.8922882080078
                ],
                [
                    361.2504720687866,
                    416.21570587158203
                ]
            ],
            "provenance": "nvisii",
            "quaternion_xyzw": [
                -0.2500106692314148,
                0.6270192861557007,
                -0.3080768585205078,
                0.6703956127166748
            ],
            "quaternion_xyzw_world": [
                0.6777405142784119,
                0.25735554099082947,
                -0.30073195695877075,
                0.6196743249893188
            ],
            "segmentation_id": 1,
            "visibility": 1
        },
        {
            "bounding_box_minx_maxx_miny_maxy": [
                85,
                197,
                46,
                136
            ],
            "class": "Green",
            "local_cuboid": null,
            "local_to_world_matrix": [
                [
                    0.0012212764704599977,
                    -0.0003782258718274534,
                    -0.004833779763430357,
                    0.0
                ],
                [
                    -0.0017566841561347246,
                    -0.004680602345615625,
                    -7.759407162666321e-05,
                    0.0
                ],
                [
                    -0.004519131034612656,
                    0.0017172376392409205,
                    -0.0012761467369273305,
                    0.0
                ],
                [
                    1.5951663255691528,
                    0.2937886118888855,
                    0.35206717252731323,
                    1.0
                ]
            ],
            "location": [
                -0.2937886118888855,
                0.35206717252731323,
                -1.5951663255691528
            ],
            "location_world": [
                1.5951663255691528,
                0.2937886118888855,
                0.35206717252731323
            ],
            "name": "hope_Green_cube_1",
            "projected_cuboid": [
                [
                    95.5411434173584,
                    136.37967109680176
                ],
                [
                    168.40641498565674,
                    133.772611618042
                ],
                [
                    197.84387350082397,
                    124.17484521865845
                ],
                [
                    132.9609751701355,
                    126.92795991897583
                ],
                [
                    84.85692739486694,
                    53.314054012298584
                ],
                [
                    160.29654741287231,
                    45.240604877471924
                ],
                [
                    192.01736450195312,
                    47.8573203086853
                ],
                [
                    125.07785558700562,
                    54.70637083053589
                ],
                [
                    144.97740268707275,
                    91.0191535949707
                ]
            ],
            "provenance": "nvisii",
            "quaternion_xyzw": [
                0.21641267836093903,
                -0.035390108823776245,
                -0.6789145469665527,
                0.7007054686546326
            ],
            "quaternion_xyzw_world": [
                0.7803213000297546,
                -0.13679686188697815,
                -0.5992987155914307,
                -0.11500594019889832
            ],
            "segmentation_id": 2,
            "visibility": 1
        },
        {
            "bounding_box_minx_maxx_miny_maxy": [
                297,
                399,
                162,
                270
            ],
            "class": "Green",
            "local_cuboid": null,