{
    "camera_data": {
        "camera_look_at": {
            "at": [
                1.0,
                0.0,
                0.0
            ],
            "eye": [
                0.0,
                0.0,
                0.0
            ],
            "up": [
                0.0,
                0.0,
                1.0
            ]
        },
        "camera_view_matrix": [
            [
                0.0,
                0.0,
                -1.0,
                0.0
            ],
            [
                -1.0,
                0.0,
                0.0,
                0.0
            ],
            [
                0.0,
                1.0,
                0.0,
                0.0
            ],
            [
                0.0,
                0.0,
                0.0,
                1.0
            ]
        ],
        "height": 400,
        "intrinsics": {
            "cx": 200.0,
            "cy": 200.0,
            "fx": 482.84283447265625,
            "fy": 482.84283447265625
        },
        "location_world": [
            0.0,
            0.0,
            0.0
        ],
        "quaternion_world_xyzw": [
            0.5,
            -0.5,
            -0.5,
            0.5
        ],
        "width": 400
    },
    "objects": [
        {
            "bounding_box_minx_maxx_miny_maxy": [
                -1,
                -1,
                -1,
                -1
            ],
            "class": "Cube",
            "local_cuboid": null,
            "local_to_world_matrix": [
                [
                    0.004758715163916349,
                    0.0015332280891016126,
                    -6.195980677148327e-05,
                    0.0
                ],
                [
                    -0.0012830093037337065,
                    0.004086359869688749,
                    0.002579835243523121,
                    0.0
                ],
                [
                    0.0008417331846430898,
                    -0.002439441392198205,
                    0.004282593727111816,
                    0.0
                ],
                [
                    1.2589267492294312,
                    -0.6305262446403503,
                    -0.6152703762054443,
                    1.0
                ]
            ],
            "location": [
                0.6305262446403503,
                -0.6152703762054443,
                -1.2589267492294312
            ],
            "location_world": [
                1.2589267492294312,
                -0.6305262446403503,
                -0.6152703762054443
            ],
            "name": "distract_Cube_0",
            "projected_cuboid": [
                [
                    425.4453659057617,
                    375.9415626525879
                ],
                [
                    362.3708248138428,
                    337.736177444458
                ],
                [
                    322.09880352020264,
                    422.2010612487793
                ],
                [
                    389.03372287750244,
                    457.59806632995605
                ],
                [
                    503.5304069519043,
                    410.71057319641113
                ],
                [
                    431.34026527404785,
                    366.25099182128906
                ],
                [
                    384.7355365753174,
                    470.9074020385742
                ],
                [
                    462.31298446655273,
                    511.03906631469727
                ],
                [
                    407.9455375671387,
                    416.7642116546631
                ]
            ],
            "provenance": "nvisii",
            "quaternion_xyzw": [
                -0.29399573802948,
                0.7055068016052246,
                0.39444005489349365,
                0.5101408958435059
            ],
            "quaternion_xyzw_world": [
                0.26360592246055603,
                0.04746079072356224,
                0.1479051411151886,
                0.952041745185852
            ],
            "segmentation_id": 1,
            "visibility": 0
        },
        {
            "bounding_box_minx_maxx_miny_maxy": [
                -1,
                -1,
                -1,
                -1
            ],
            "class": "Cube",
            "local_cuboid": null,
            "local_to_world_matrix": [
                [
                    0.00183965265750885,
                    -0.004053005017340183,
                    0.002277900232002139,
                    0.0
                ],
                [
                    0.004634290002286434,
                    0.001795021235011518,
                    -0.0005488627357408404,
                    0.0
                ],
                [
                    -0.00037286721635609865,
                    0.002313233446329832,
                    0.004417003132402897,
                    0.0
                ],
                [
                    0.23902834951877594,
                    0.0746702328324318,
                    -0.36559683084487915,
                    1.0
                ]
            ],
            "location": [
                -0.0746702328324318,
                -0.36559683084487915,
                -0.23902834951877594
            ],
            "location_world": [
                0.23902834951877594,
                0.0746702328324318,
                -0.36559683084487915
            ],
            "name": "distract_Cube_1",
            "projected_cuboid": [
                [
                    145.400071144104,
                    547.159481048584
                ],
                [
                    84.92844104766846,
                    414.7402763366699
                ],
                [
                    195.16719579696655,
                    609.8381996154785
                ],
                [
                    338.59190940856934,
                    887.4571800231934
                ],
                [
                    -414.54477310180664,
                    1020.3154563903809
                ],
                [
                    -176.08509063720703,
                    594.6641445159912
                ],
                [
                    -31.275582313537598,
                    823.3768463134766
                ],
                [
                    -81.94925785064697,
                    1471.7044830322266
                ],
                [
                    37.35088109970093,
                    716.085147857666
                ]
            ],
            "provenance": "nvisii",
            "quaternion_xyzw": [
                -0.6793010830879211,
                -0.03554233908653259,
                0.3056734502315521,
                0.666221022605896
            ],
            "quaternion_xyzw_world": [
                -0.17714793980121613,
                -0.1640678495168686,
                -0.5376955270767212,
                0.8078266382217407
            ],
            "segmentation_id": 2,
            "visibility": 0
        },
        {
            "bounding_box_minx_maxx_miny_maxy": [
                155,
                251,
                153,
                197
            ],
            "class": "Green",
            "local_cuboid": null,