{
    "camera_data": {
        "camera_look_at": {
            "at": [
                1.0,
                0.0,
                0.0
            ],
            "eye": [
                0.0,
                0.0,
                0.0
            ],
            "up": [
                0.0,
                0.0,
                1.0
            ]
        },
        "camera_view_matrix": [
            [
                0.0,
                0.0,
                -1.0,
                0.0
            ],
            [
                -1.0,
                0.0,
                0.0,
                0.0
            ],
            [
                0.0,
                1.0,
                0.0,
                0.0
            ],
            [
                0.0,
                0.0,
                0.0,
                1.0
            ]
        ],
        "height": 400,
        "intrinsics": {
            "cx": 200.0,
            "cy": 200.0,
            "fx": 482.84283447265625,
            "fy": 482.84283447265625
        },
        "location_world": [
            0.0,
            0.0,
            0.0
        ],
        "quaternion_world_xyzw": [
            0.5,
            -0.5,
            -0.5,
            0.5
        ],
        "width": 400
    },
    "objects": [
        {
            "bounding_box_minx_maxx_miny_maxy": [
                153,
                399,
                1,
                400
            ],
            "class": "Cube",
            "local_cuboid": null,
            "local_to_world_matrix": [
                [
                    0.9953497052192688,
                    0.04188326746225357,
                    -0.08674532175064087,
                    0.0
                ],
                [
                    -0.05633111298084259,
                    0.9835786819458008,
                    -0.17146357893943787,
                    0.0
                ],
                [
                    0.07813939452171326,
                    0.17555269598960876,
                    0.9813640713691711,
                    0.0
                ],
                [
                    8.757083892822266,
                    0.24979867041110992,
                    3.0113840103149414,
                    1.0
                ]
            ],
            "location": [
                -0.24979867041110992,
                3.0113840103149414,
                -8.757083892822266
            ],
            "location_world": [
                8.757083892822266,
                0.24979867041110992,
                3.0113840103149414
            ],
            "name": "distract_Cube_0",
            "projected_cuboid": [
                [
                    122.87256717681885,
                    -144.2413091659546
                ],
                [
                    -608.2002639770508,
                    -47.531700134277344
                ],
                [
                    -570.7714557647705,
                    739.6008014678955
                ],
                [
                    247.11406230926514,
                    561.0021591186523
                ],
                [
                    322.3541259765625,
                    1212.2821807861328
                ],
                [
                    1699.7200012207031,
                    800.8190155029297
                ],
                [
                    1216.506290435791,
                    -445.292329788208
                ],
                [
                    61.50157451629639,
                    -316.8642997741699
                ],
                [
                    -1432.0283889770508,
                    283.7855815887451
                ]
            ],
            "provenance": "nvisii",
            "quaternion_xyzw": [
                -0.5494815111160278,
                0.48697003722190857,
                0.5327305793762207,
                0.42086631059646606
            ],
            "quaternion_xyzw_world": [
                -0.08718790113925934,
                0.04142731428146362,
                0.024676378816366196,
                0.9950242042541504
            ],
            "segmentation_id": 1,
            "visibility": 1
        },
        {
            "bounding_box_minx_maxx_miny_maxy": [
                0,
                220,
                1,
                400
            ],
            "class": "Cube",
            "local_cuboid": null,
            "local_to_world_matrix": [
                [
                    0.004093050956726074,
                    0.9999501705169678,
                    -0.009123623371124268,
                    0.0
                ],
                [
                    -0.07148325443267822,
                    0.009392738342285156,
                    0.997397780418396,
                    0.0
                ],
                [
                    0.997433602809906,
                    -0.003430396318435669,
                    0.0715179443359375,
                    0.0
                ],
                [
                    1.7278261184692383,
                    -12.762028694152832,
                    -21.034574508666992,
                    1.0
                ]
            ],
            "location": [
                12.762028694152832,
                -21.034574508666992,
                -1.7278261184692383
            ],
            "location_world": [
                1.7278261184692383,
                -12.762028694152832,
                -21.034574508666992
            ],
            "name": "distract_Cube_1",
            "projected_cuboid": [
                [
                    -19.196128845214844,
                    551.3124465942383
                ],
                [
                    -62.7551794052124,
                    -432.8132629394531
                ],
                [
                    431.5077781677246,
                    685.3657245635986
                ],
                [
                    457.5049877166748,
                    -281.6923141479492
                ],
                [
                    887.9900932312012,
                    545.7265377044678
                ],
                [
                    985.0979804992676,
                    -448.0297565460205
                ],
                [
                    -468.2040214538574,
                    689.8640155792236
                ],
                [
                    -580.388069152832,
                    -268.0136203765869
                ],
                [
                    -101864.12353515625,
                    31977.86865234375
                ]
            ],
            "provenance": "nvisii",
            "quaternion_xyzw": [
                -0.004632174968719482,
                0.9993475079536438,
                0.03577369451522827,
                0.0018821358680725098
            ],
            "quaternion_xyzw_world": [
                0.4804118871688843,
                0.48316192626953125,
                0.51430344581604,
                0.520817756652832
            ],
            "segmentation_id": 2,
            "visibility": 1
        },
        {
            "bounding_box_minx_maxx_miny_maxy": [
                -1,
                -1,
                -1,
                -1
            ],
            "class": "Green",
            "local_cuboid": null,