{
    "camera_data": {
        "camera_look_at": {
            "at": [
                1.0,
                0.0,
                0.0
            ],
            "eye": [
                0.10000000149011612,
                0.0,
                0.0
            ],
            "up": [
                0.0,
                0.0,
                1.0
            ]
        },
        "camera_view_matrix": [
            [
                0.0,
                0.0,
                1.0,
                0.0
            ],
            [
                -1.0,
                0.0,
                0.0,
                0.0
            ],
            [
                0.0,
                -1.0,
                0.0,
                0.0
            ],
            [
                0.0,
                0.0,
                -0.10000000149011612,
                1.0
            ]
        ],
        "height": 761,
        "intrinsics": {
            "cx": 358.0,
            "cy": 380.5,
            "fx": 189.840087890625,
            "fy": 189.840087890625
        },
        "location_worldframe": [
            0.10000000149011612,
            0.0,
            0.0
        ],
        "quaternion_xyzw_worldframe": [
            -0.5,
            0.5,
            -0.5,
            0.5
        ],
        "width": 716
    },
    "objects": [
        {
            "bounding_box_minx_maxx_miny_maxy": [
                207,
                362,
                323,
                396
            ],
            "class": "pez",
            "local_cuboid": null,
            "local_to_world_matrix": [
                [
                    1.254528522491455,
                    7.622483730316162,
                    2.0794003009796143,
                    -0.0
                ],
                [
                    -0.5739006996154785,
                    2.1877994537353516,
                    -7.67360258102417,
                    0.0
                ],
                [
                    -7.880151748657227,
                    1.0541728734970093,
                    0.8899005651473999,
                    -0.0
                ],
                [
                    1.1295902729034424,
                    0.3237408697605133,
                    0.08466165512800217,
                    1.0
                ]
            ],
            "location": [
                -0.3237408697605133,
                -0.08466165512800217,
                1.0295902490615845
            ],
            "location_worldframe": [
                1.1295902729034424,
                0.3237408697605133,
                0.08466165512800217
            ],
            "name": "hope_pez_0",
            "projected_cuboid": [
                [
                    218.14191055297852,
                    322.02318501472473
                ],
                [
                    355.0531796216965,
                    356.5765491127968
                ],
                [
                    344.05719232559204,
                    394.59222131967545
                ],
                [
                    206.65183115005493,
                    354.99333387613297
                ],
                [
                    272.3917942047119,
                    348.3425280749798
                ],
                [
                    365.31520915031433,
                    372.8937267065048
                ],
                [
                    358.368771314621,
                    397.41111010313034
                ],
                [
                    265.1789883375168,
                    370.66019755601883
                ],
                [
                    298.80802166461945,
                    365.39039596915245
                ]
            ],
            "provenance": "nvisii",
            "px_count_all": 0,
            "px_count_visib": 0,
            "quaternion_xyzw": [
                -0.17672860622406006,
                -3.4878389835357666,
                -0.5585048794746399,
                -0.44344353675842285
            ],
            "quaternion_xyzw_worldframe": [
                -1.8898144960403442,
                -2.156529426574707,
                1.7747530937194824,
                1.1545809507369995
            ],
            "segmentation_id": 1,
            "visibility": 1
        },
        {
            "bounding_box_minx_maxx_miny_maxy": [
                267,
                358,
                288,
                343
            ],
            "class": "lentilky",
            "local_cuboid": null,
            "local_to_world_matrix": [
                [
                    1.695168137550354,
                    7.207897186279297,
                    3.0286335945129395,
                    -0.0
                ],
                [
                    6.9307403564453125,
                    0.04877198487520218,
                    -3.995304822921753,
                    0.0
                ],
                [
                    -3.61818265914917,
                    3.4704232215881348,
                    -6.2341742515563965,
                    -0.0
                ],
                [
                    1.776552438735962,
                    0.3989006578922272,
                    0.5872502326965332,
                    1.0
                ]
            ],
            "location": [
                -0.3989006578922272,
                -0.5872502326965332,
                1.676552414894104
            ],
            "location_worldframe": [
                1.776552438735962,
                0.3989006578922272,
                0.5872502326965332
            ],
            "name": "hope_lentilky_1",
            "projected_cuboid": [
                [
                    266.5463570356369,
                    298.6093440055847
                ],
                [
                    348.70560574531555,
                    328.1053460240364
                ],
                [
                    349.4977535009384,
                    343.30687034130096
                ],
                [
                    274.23217260837555,
                    314.879166662693
                ],
                [
                    279.19291710853577,
                    287.3165750801563
                ],
                [
                    358.52573704719543,
                    314.0722503364086
                ],
                [
                    358.40423583984375,
                    329.81815230846405
                ],
                [
                    285.5257247686386,
                    303.8137603998184
                ],
                [
                    313.3322170972824,
                    314.50490844249725
                ]
            ],
            "provenance": "nvisii",
            "px_count_all": 0,
            "px_count_visib": 0,
            "quaternion_xyzw": [
                -1.0179637670516968,
                2.6068947315216064,
                1.2553513050079346,
                -0.1357462853193283
            ],
            "quaternion_xyzw_worldframe": [
                1.4900143146514893,
                2.3722317218780518,
                -0.0989166721701622,
                -1.2526267766952515
            ],
            "segmentation_id": 2,
            "visibility": 1
        },
        {
            "bounding_box_minx_maxx_miny_maxy": [
                359,
                369,
                358,
                370
            ],
            "class": "zuvacky",
            "local_cuboid": null,