{
    "camera_data": {
        "camera_look_at": {
            "at": [
                1.0,
                0.0,
                0.0
            ],
            "eye": [
                0.10000000149011612,
                0.0,
                0.0
            ],
            "up": [
                0.0,
                0.0,
                1.0
            ]
        },
        "camera_view_matrix": [
            [
                0.0,
                0.0,
                1.0,
                0.0
            ],
            [
                -1.0,
                0.0,
                0.0,
                0.0
            ],
            [
                0.0,
                -1.0,
                0.0,
                0.0
            ],
            [
                0.0,
                0.0,
                -0.10000000149011612,
                1.0
            ]
        ],
        "height": 761,
        "intrinsics": {
            "cx": 358.0,
            "cy": 380.5,
            "fx": 189.840087890625,
            "fy": 189.840087890625
        },
        "location_worldframe": [
            0.10000000149011612,
            0.0,
            0.0
        ],
        "quaternion_xyzw_worldframe": [
            -0.5,
            0.5,
            -0.5,
            0.5
        ],
        "width": 716
    },
    "objects": [
        {
            "bounding_box_minx_maxx_miny_maxy": [
                330,
                409,
                367,
                488
            ],
            "class": "pez",
            "local_cuboid": null,
            "local_to_world_matrix": [
                [
                    0.6180875897407532,
                    0.23084880411624908,
                    7.972747802734375,
                    -0.0
                ],
                [
                    -7.915510177612305,
                    1.0014464855194092,
                    0.5846558213233948,
                    0.0
                ],
                [
                    -0.9811661839485168,
                    -7.933715343475342,
                    0.3057817816734314,
                    -0.0
                ],
                [
                    1.2573940753936768,
                    -0.06554783135652542,
                    -0.26139035820961,
                    1.0
                ]
            ],
            "location": [
                0.06554783135652542,
                0.26139035820961,
                1.1573940515518188
            ],
            "location_worldframe": [
                1.2573940753936768,
                -0.06554783135652542,
                -0.26139035820961
            ],
            "name": "hope_pez_0",
            "projected_cuboid": [
                [
                    401.5462546348572,
                    369.9565866589546
                ],
                [
                    406.48179841041565,
                    475.543444275856
                ],
                [
                    410.17894315719604,
                    487.9664947986603
                ],
                [
                    404.34210538864136,
                    366.27342492341995
                ],
                [
                    336.66484463214874,
                    372.84310591220856
                ],
                [
                    338.6991469860077,
                    474.02853989601135
                ],
                [
                    332.27044427394867,
                    485.6194317340851
                ],
                [
                    330.24301290512085,
                    369.7368443310261
                ],
                [
                    369.252112865448,
                    423.874899327755
                ]
            ],
            "provenance": "nvisii",
            "px_count_all": 0,
            "px_count_visib": 0,
            "quaternion_xyzw": [
                1.7907447814941406,
                -1.6819920539855957,
                1.5546669960021973,
                -3.3170485496520996
            ],
            "quaternion_xyzw_worldframe": [
                2.490234136581421,
                -2.6175591945648193,
                2.381481409072876,
                0.8551777601242065
            ],
            "segmentation_id": 1,
            "visibility": 1
        },
        {
            "bounding_box_minx_maxx_miny_maxy": [
                344,
                417,
                285,
                358
            ],
            "class": "lentilky",
            "local_cuboid": null,
            "local_to_world_matrix": [
                [
                    0.6638643741607666,
                    5.270482063293457,
                    -5.981748580932617,
                    -0.0
                ],
                [
                    0.9166847467422485,
                    5.912177085876465,
                    5.310918807983398,
                    0.0
                ],
                [
                    7.91953182220459,
                    -1.12613844871521,
                    -0.1133105605840683,
                    -0.0
                ],
                [
                    1.8604438304901123,
                    -0.1948600709438324,
                    0.48535090684890747,
                    1.0
                ]
            ],
            "location": [
                0.1948600709438324,
                -0.48535090684890747,
                1.7604438066482544
            ],
            "location_worldframe": [
                1.8604438304901123,
                -0.1948600709438324,
                0.48535090684890747
            ],
            "name": "hope_lentilky_1",
            "projected_cuboid": [
                [
                    359.3894326686859,
                    368.1532889008522
                ],
                [
                    414.876264333725,
                    304.7427608370781
                ],
                [
                    400.71909046173096,
                    293.4280607700348
                ],
                [
                    346.3211178779602,
                    356.559539437294
                ],
                [
                    356.70825481414795,
                    366.55485567450523
                ],
                [
                    418.0166459083557,
                    296.30156195163727
                ],
                [
                    402.326388835907,
                    283.89543038606644
                ],
                [
                    342.3450367450714,
                    353.8031782209873
                ],
                [
                    379.5137369632721,
                    328.66212940216064
                ]
            ],
            "provenance": "nvisii",
            "px_count_all": 0,
            "px_count_visib": 0,
            "quaternion_xyzw": [
                -0.3985733389854431,
                0.77987140417099,
                2.9426448345184326,
                0.9675998091697693
            ],
            "quaternion_xyzw_worldframe": [
                1.1781715154647827,
                2.544344663619995,
                0.7968734502792358,
                1.365899920463562
            ],
            "segmentation_id": 2,
            "visibility": 1
        },
        {
            "bounding_box_minx_maxx_miny_maxy": [
                326,
                394,
                349,
                369
            ],
            "class": "zuvacky",
            "local_cuboid": null,