{
    "camera_data": {
        "camera_look_at": {
            "at": [
                1.0,
                0.0,
                0.0
            ],
            "eye": [
                0.10000000149011612,
                0.0,
                0.0
            ],
            "up": [
                0.0,
                0.0,
                1.0
            ]
        },
        "camera_view_matrix": [
            [
                0.0,
                0.0,
                1.0,
                0.0
            ],
            [
                -1.0,
                0.0,
                0.0,
                0.0
            ],
            [
                0.0,
                -1.0,
                0.0,
                0.0
            ],
            [
                0.0,
                0.0,
                -0.10000000149011612,
                1.0
            ]
        ],
        "height": 761,
        "intrinsics": {
            "cx": 358.0,
            "cy": 380.5,
            "fx": 189.840087890625,
            "fy": 189.840087890625
        },
        "location_worldframe": [
            0.10000000149011612,
            0.0,
            0.0
        ],
        "quaternion_xyzw_worldframe": [
            -0.5,
            0.5,
            -0.5,
            0.5
        ],
        "width": 716
    },
    "objects": [
        {
            "bounding_box_minx_maxx_miny_maxy": [
                280,
                392,
                332,
                465
            ],
            "class": "pez",
            "local_cuboid": null,
            "local_to_world_matrix": [
                [
                    1.0634562969207764,
                    5.034606456756592,
                    6.1255035400390625,
                    -0.0
                ],
                [
                    -4.2044878005981445,
                    5.597958087921143,
                    -3.871065616607666,
                    0.0
                ],
                [
                    -6.7224507331848145,
                    -2.7047369480133057,
                    3.3901400566101074,
                    -0.0
                ],
                [
                    1.1694176197052002,
                    0.1773795634508133,
                    -0.1290416419506073,
                    1.0
                ]
            ],
            "location": [
                -0.1773795634508133,
                0.1290416419506073,
                1.0694175958633423
            ],
            "location_worldframe": [
                1.1694176197052002,
                0.1773795634508133,
                -0.1290416419506073
            ],
            "name": "hope_pez_0",
            "projected_cuboid": [
                [
                    308.35397505760193,
                    331.22365045547485
                ],
                [
                    392.9110908508301,
                    435.2221218943596
                ],
                [
                    370.00971364974976,
                    459.2414619922638
                ],
                [
                    279.73470067977905,
                    343.0348062515259
                ],
                [
                    301.23158025741577,
                    370.7293929159641
                ],
                [
                    360.70618653297424,
                    447.2897835969925
                ],
                [
                    342.6173368692398,
                    464.69435572624207
                ],
                [
                    280.4256401062012,
                    381.7699650526047
                ],
                [
                    327.0127537250519,
                    403.9077628850937
                ]
            ],
            "provenance": "nvisii",
            "px_count_all": 0,
            "px_count_visib": 0,
            "quaternion_xyzw": [
                1.014779806137085,
                -2.5797929763793945,
                0.4719941020011902,
                -0.7421790957450867
            ],
            "quaternion_xyzw_worldframe": [
                -0.17542007565498352,
                -1.932378888130188,
                1.389593243598938,
                1.6621938943862915
            ],
            "segmentation_id": 1,
            "visibility": 1
        },
        {
            "bounding_box_minx_maxx_miny_maxy": [
                265,
                357,
                299,
                329
            ],
            "class": "lentilky",
            "local_cuboid": null,
            "local_to_world_matrix": [
                [
                    1.3346861600875854,
                    7.8229217529296875,
                    1.0102020502090454,
                    -0.0
                ],
                [
                    -6.582535743713379,
                    1.6691625118255615,
                    -4.228962421417236,
                    0.0
                ],
                [
                    -4.346128940582275,
                    -0.1256694793701172,
                    6.715309143066406,
                    -0.0
                ],
                [
                    1.8108739852905273,
                    0.41331666707992554,
                    0.6134756803512573,
                    1.0
                ]
            ],
            "location": [
                -0.41331666707992554,
                -0.6134756803512573,
                1.7108739614486694
            ],
            "location_worldframe": [
                1.8108739852905273,
                0.41331666707992554,
                0.6134756803512573
            ],
            "name": "hope_lentilky_1",
            "projected_cuboid": [
                [
                    275.8403458595276,
                    298.3768330812454
                ],
                [
                    358.2245659828186,
                    303.26074182987213
                ],
                [
                    353.62378001213074,
                    307.4631976187229
                ],
                [
                    264.41167855262756,
                    301.81410294771194
                ],
                [
                    279.728320479393,
                    317.3176964223385
                ],
                [
                    357.94204473495483,
                    323.3697616457939
                ],
                [
                    353.5876326560974,
                    329.12220710515976
                ],
                [
                    269.2442002296448,
                    322.13220569491386
                ],
                [
                    312.63871705532074,
                    312.92885994911194
                ]
            ],
            "provenance": "nvisii",
            "px_count_all": 0,
            "px_count_visib": 0,
            "quaternion_xyzw": [
                -0.18580111861228943,
                -2.6408143043518066,
                1.1961616277694702,
                -0.3771623373031616
            ],
            "quaternion_xyzw_worldframe": [
                -0.6266458630561829,
                -0.8180070519447327,
                2.19996976852417,
                1.6370062828063965
            ],
            "segmentation_id": 2,
            "visibility": 1
        },
        {
            "bounding_box_minx_maxx_miny_maxy": [
                351,
                380,
                351,
                380
            ],
            "class": "zuvacky",
            "local_cuboid": null,