{
    "camera_data": {
        "camera_look_at": {
            "at": [
                1.0,
                0.0,
                0.0
            ],
            "eye": [
                0.10000000149011612,
                0.0,
                0.0
            ],
            "up": [
                0.0,
                0.0,
                1.0
            ]
        },
        "camera_view_matrix": [
            [
                0.0,
                0.0,
                1.0,
                0.0
            ],
            [
                -1.0,
                0.0,
                0.0,
                0.0
            ],
            [
                0.0,
                -1.0,
                0.0,
                0.0
            ],
            [
                0.0,
                0.0,
                -0.10000000149011612,
                1.0
            ]
        ],
        "height": 761,
        "intrinsics": {
            "cx": 358.0,
            "cy": 380.5,
            "fx": 189.840087890625,
            "fy": 189.840087890625
        },
        "location_worldframe": [
            0.10000000149011612,
            0.0,
            0.0
        ],
        "quaternion_xyzw_worldframe": [
            -0.5,
            0.5,
            -0.5,
            0.5
        ],
        "width": 716
    },
    "objects": [
        {
            "bounding_box_minx_maxx_miny_maxy": [
                313,
                396,
                375,
                496
            ],
            "class": "pez",
            "local_cuboid": null,
            "local_to_world_matrix": [
                [
                    3.0595743656158447,
                    0.006862522102892399,
                    7.391817569732666,
                    -0.0
                ],
                [
                    -7.308762550354004,
                    1.1987172365188599,
                    3.0240838527679443,
                    0.0
                ],
                [
                    -1.104993224143982,
                    -7.909680366516113,
                    0.46471521258354187,
                    -0.0
                ],
                [
                    1.2685922384262085,
                    0.012450234964489937,
                    -0.30509883165359497,
                    1.0
                ]
            ],
            "location": [
                -0.012450234964489937,
                0.30509883165359497,
                1.1685922145843506
            ],
            "location_worldframe": [
                1.2685922384262085,
                0.012450234964489937,
                -0.30509883165359497
            ],
            "name": "hope_pez_0",
            "projected_cuboid": [
                [
                    388.6769850254059,
                    383.2739378809929
                ],
                [
                    395.84026432037354,
                    491.16503953933716
                ],
                [
                    396.8062992095947,
                    496.08832001686096
                ],
                [
                    388.5593674182892,
                    373.9253068268299
                ],
                [
                    329.408913731575,
                    386.5834764242172
                ],
                [
                    323.0486648082733,
                    489.58404690027237
                ],
                [
                    313.2992491722107,
                    493.9816150069237
                ],
                [
                    322.3788717985153,
                    378.0665958225727
                ],
                [
                    356.47814083099365,
                    430.5645552277565
                ]
            ],
            "provenance": "nvisii",
            "px_count_all": 0,
            "px_count_visib": 0,
            "quaternion_xyzw": [
                1.8641161918640137,
                -1.1079049110412598,
                1.6172418594360352,
                -2.1969823837280273
            ],
            "quaternion_xyzw_worldframe": [
                2.285217761993408,
                -1.7758809328079224,
                1.5290064811706543,
                1.1961402893066406
            ],
            "segmentation_id": 1,
            "visibility": 1
        },
        {
            "bounding_box_minx_maxx_miny_maxy": [
                281,
                375,
                299,
                333
            ],
            "class": "lentilky",
            "local_cuboid": null,
            "local_to_world_matrix": [
                [
                    0.537835955619812,
                    7.920005798339844,
                    -0.9920961856842041,
                    -0.0
                ],
                [
                    7.751272201538086,
                    -0.2809479236602783,
                    1.9592993259429932,
                    0.0
                ],
                [
                    1.9048668146133423,
                    -1.0929735898971558,
                    -7.692653179168701,
                    -0.0
                ],
                [
                    1.7991243600845337,
                    0.2541460692882538,
                    0.5745599269866943,
                    1.0
                ]
            ],
            "location": [
                -0.2541460692882538,
                -0.5745599269866943,
                1.6991243362426758
            ],
            "location_worldframe": [
                1.7991243600845337,
                0.2541460692882538,
                0.5745599269866943
            ],
            "name": "hope_lentilky_1",
            "projected_cuboid": [
                [
                    285.2457641363144,
                    333.1570835709572
                ],
                [
                    376.3033652305603,
                    319.8435198366642
                ],
                [
                    375.2561161518097,
                    321.1064542233944
                ],
                [
                    292.7040903568268,
                    333.143816024065
                ],
                [
                    280.5323964357376,
                    312.08459037542343
                ],
                [
                    373.8648910522461,
                    297.69100296497345
                ],
                [
                    373.0318374633789,
                    301.15979743003845
                ],
                [
                    288.61425387859344,
                    314.07814702391624
                ],
                [
                    330.10542249679565,
                    316.80611342191696
                ]
            ],
            "provenance": "nvisii",
            "px_count_all": 0,
            "px_count_visib": 0,
            "quaternion_xyzw": [
                -0.32589638233184814,
                1.7199453115463257,
                2.3627736568450928,
                0.6727607250213623
            ],
            "quaternion_xyzw_worldframe": [
                1.542030930519104,
                2.5406880378723145,
                0.1479818969964981,
                0.49484625458717346
            ],
            "segmentation_id": 2,
            "visibility": 1
        },
        {
            "bounding_box_minx_maxx_miny_maxy": [
                332,
                392,
                349,
                381
            ],
            "class": "zuvacky",
            "local_cuboid": null,