{
    "camera_data": {
        "camera_look_at": {
            "at": [
                1.0,
                0.0,
                0.0
            ],
            "eye": [
                0.10000000149011612,
                0.0,
                0.0
            ],
            "up": [
                0.0,
                0.0,
                1.0
            ]
        },
        "camera_view_matrix": [
            [
                0.0,
                0.0,
                1.0,
                0.0
            ],
            [
                -1.0,
                0.0,
                0.0,
                0.0
            ],
            [
                0.0,
                -1.0,
                0.0,
                0.0
            ],
            [
                0.0,
                0.0,
                -0.10000000149011612,
                1.0
            ]
        ],
        "height": 761,
        "intrinsics": {
            "cx": 358.0,
            "cy": 380.5,
            "fx": 189.840087890625,
            "fy": 189.840087890625
        },
        "location_worldframe": [
            0.10000000149011612,
            0.0,
            0.0
        ],
        "quaternion_xyzw_worldframe": [
            -0.5,
            0.5,
            -0.5,
            0.5
        ],
        "width": 716
    },
    "objects": [
        {
            "bounding_box_minx_maxx_miny_maxy": [
                212,
                361,
                311,
                374
            ],
            "class": "pez",
            "local_cuboid": null,
            "local_to_world_matrix": [
                [
                    0.5332191586494446,
                    7.945520877838135,
                    -0.764464795589447,
                    -0.0
                ],
                [
                    -1.7313792705535889,
                    -0.6328041553497314,
                    -7.784723281860352,
                    0.0
                ],
                [
                    -7.792177677154541,
                    0.6843202114105225,
                    1.677408218383789,
                    -0.0
                ],
                [
                    1.1766387224197388,
                    0.3297123908996582,
                    0.20295575261116028,
                    1.0
                ]
            ],
            "location": [
                -0.3297123908996582,
                -0.20295575261116028,
                1.0766386985778809
            ],
            "location_worldframe": [
                1.1766387224197388,
                0.3297123908996582,
                0.20295575261116028
            ],
            "name": "hope_pez_0",
            "projected_cuboid": [
                [
                    215.07533872127533,
                    319.29891538619995
                ],
                [
                    353.0402157306671,
                    302.1459050178528
                ],
                [
                    355.7174246311188,
                    334.59177032113075
                ],
                [
                    212.13199651241302,
                    350.77817752957344
                ],
                [
                    265.86079490184784,
                    351.835226804018
                ],
                [
                    360.3033163547516,
                    341.43426382541656
                ],
                [
                    362.2791726589203,
                    364.0274900496006
                ],
                [
                    265.23743438720703,
                    373.93322199583054
                ],
                [
                    300.3636169433594,
                    345.2141539156437
                ]
            ],
            "provenance": "nvisii",
            "px_count_all": 0,
            "px_count_visib": 0,
            "quaternion_xyzw": [
                0.8166652917861938,
                -4.217236042022705,
                -0.4805406332015991,
                1.253598690032959
            ],
            "quaternion_xyzw_worldframe": [
                -2.567355155944824,
                -2.1304216384887695,
                0.8332156538963318,
                2.903479814529419
            ],
            "segmentation_id": 1,
            "visibility": 1
        },
        {
            "bounding_box_minx_maxx_miny_maxy": [
                270,
                297,
                300,
                312
            ],
            "class": "lentilky",
            "local_cuboid": null,
            "local_to_world_matrix": [
                [
                    2.902419328689575,
                    7.008152961730957,
                    2.541999101638794,
                    -0.0
                ],
                [
                    3.5271027088165283,
                    1.1123266220092773,
                    -7.093819618225098,
                    0.0
                ],
                [
                    -6.567762851715088,
                    3.6943912506103516,
                    -2.6862547397613525,
                    -0.0
                ],
                [
                    1.7411532402038574,
                    0.39929771423339844,
                    0.5490820407867432,
                    1.0
                ]
            ],
            "location": [
                -0.39929771423339844,
                -0.5490820407867432,
                1.6411532163619995
            ],
            "location_worldframe": [
                1.7411532402038574,
                0.39929771423339844,
                0.5490820407867432
            ],
            "name": "hope_lentilky_1",
            "projected_cuboid": [
                [
                    270.3241398334503,
                    298.8803194761276
                ],
                [
                    347.9062029123306,
                    316.51406863331795
                ],
                [
                    345.2919638156891,
                    340.1921039223671
                ],
                [
                    271.57728374004364,
                    319.41825526952744
                ],
                [
                    285.8046398162842,
                    299.23561757802963
                ],
                [
                    358.9951832294464,
                    315.270933508873
                ],
                [
                    356.08056259155273,
                    336.88011598587036
                ],
                [
                    286.3292672634125,
                    318.19494208693504
                ],
                [
                    312.3120038509369,
                    317.4856839776039
                ]
            ],
            "provenance": "nvisii",
            "px_count_all": 0,
            "px_count_visib": 0,
            "quaternion_xyzw": [
                -1.2628791332244873,
                3.2931060791015625,
                0.1279429793357849,
                -0.18198955059051514
            ],
            "quaternion_xyzw_worldframe": [
                1.1700798273086548,
                2.250969409942627,
                -0.86014723777771,
                -2.305016040802002
            ],
            "segmentation_id": 2,
            "visibility": 1
        },
        {
            "bounding_box_minx_maxx_miny_maxy": [
                341,
                405,
                344,
                392
            ],
            "class": "zuvacky",
            "local_cuboid": null,