{
    "camera_data": {
        "camera_look_at": {
            "at": [
                1.0,
                0.0,
                0.0
            ],
            "eye": [
                0.10000000149011612,
                0.0,
                0.0
            ],
            "up": [
                0.0,
                0.0,
                1.0
            ]
        },
        "camera_view_matrix": [
            [
                0.0,
                0.0,
                1.0,
                0.0
            ],
            [
                -1.0,
                0.0,
                0.0,
                0.0
            ],
            [
                0.0,
                -1.0,
                0.0,
                0.0
            ],
            [
                0.0,
                0.0,
                -0.10000000149011612,
                1.0
            ]
        ],
        "height": 761,
        "intrinsics": {
            "cx": 358.0,
            "cy": 380.5,
            "fx": 189.840087890625,
            "fy": 189.840087890625
        },
        "location_worldframe": [
            0.10000000149011612,
            0.0,
            0.0
        ],
        "quaternion_xyzw_worldframe": [
            -0.5,
            0.5,
            -0.5,
            0.5
        ],
        "width": 716
    },
    "objects": [
        {
            "bounding_box_minx_maxx_miny_maxy": [
                317,
                404,
                378,
                507
            ],
            "class": "pez",
            "local_cuboid": null,
            "local_to_world_matrix": [
                [
                    3.1172471046447754,
                    -1.3239052295684814,
                    7.247761249542236,
                    -0.0
                ],
                [
                    -6.7176833152771,
                    -3.742736339569092,
                    2.2055985927581787,
                    0.0
                ],
                [
                    3.0258066654205322,
                    -6.9454450607299805,
                    -2.5700764656066895,
                    -0.0
                ],
                [
                    1.288154125213623,
                    -0.048100054264068604,
                    -0.3636191189289093,
                    1.0
                ]
            ],
            "location": [
                0.048100054264068604,
                0.3636191189289093,
                1.1881541013717651
            ],
            "location_worldframe": [
                1.288154125213623,
                -0.048100054264068604,
                -0.3636191189289093
            ],
            "name": "hope_pez_0",
            "projected_cuboid": [
                [
                    391.27255296707153,
                    400.9744783639908
                ],
                [
                    381.0202751159668,
                    499.81743055582047
                ],
                [
                    397.07904744148254,
                    506.88832998275757
                ],
                [
                    405.2462160587311,
                    396.7023282647133
                ],
                [
                    340.73871994018555,
                    383.2590600848198
                ],
                [
                    316.3618733882904,
                    493.1783954501152
                ],
                [
                    325.757177233696,
                    500.53877687454224
                ],
                [
                    350.8564587831497,
                    376.3529503941536
                ],
                [
                    366.18598914146423,
                    439.0987403392792
                ]
            ],
            "provenance": "nvisii",
            "px_count_all": 0,
            "px_count_visib": 0,
            "quaternion_xyzw": [
                1.342994213104248,
                -1.318766474723816,
                1.6885490417480469,
                -1.5167832374572754
            ],
            "quaternion_xyzw_worldframe": [
                1.614780068397522,
                -1.244997501373291,
                1.5905522108078003,
                1.416763186454773
            ],
            "segmentation_id": 1,
            "visibility": 1
        },
        {
            "bounding_box_minx_maxx_miny_maxy": [
                309,
                399,
                289,
                354
            ],
            "class": "lentilky",
            "local_cuboid": null,
            "local_to_world_matrix": [
                [
                    0.6908711194992065,
                    7.08987283706665,
                    -3.64093279838562,
                    -0.0
                ],
                [
                    1.5963318347930908,
                    3.4574406147003174,
                    7.035469055175781,
                    0.0
                ],
                [
                    7.8086113929748535,
                    -1.3340924978256226,
                    -1.116142749786377,
                    -0.0
                ],
                [
                    1.8283696174621582,
                    0.03233015164732933,
                    0.5285291075706482,
                    1.0
                ]
            ],
            "location": [
                -0.03233015164732933,
                -0.5285291075706482,
                1.7283695936203003
            ],
            "location_worldframe": [
                1.8283696174621582,
                0.03233015164732933,
                0.5285291075706482
            ],
            "name": "hope_lentilky_1",
            "projected_cuboid": [
                [
                    323.86379408836365,
                    354.3774248659611
                ],
                [
                    398.8859884738922,
                    314.10937678813934
                ],
                [
                    390.0625340938568,
                    299.0675619840622
                ],
                [
                    316.7786349058151,
                    339.13471445441246
                ],
                [
                    316.92051434516907,
                    348.8122899532318
                ],
                [
                    399.74490427970886,
                    303.95278614759445
                ],
                [
                    389.970351934433,
                    287.54071724414825
                ],
                [
                    309.2609877586365,
                    332.13963282108307
                ],
                [
                    354.9496240615845,
                    322.94823920726776
                ]
            ],
            "provenance": "nvisii",
            "px_count_all": 0,
            "px_count_visib": 0,
            "quaternion_xyzw": [
                1.080658197402954,
                -0.4052615761756897,
                3.475588321685791,
                0.22001713514328003
            ],
            "quaternion_xyzw_worldframe": [
                1.9654839038848877,
                1.104843020439148,
                1.2900874614715576,
                2.5907626152038574
            ],
            "segmentation_id": 2,
            "visibility": 1
        },
        {
            "bounding_box_minx_maxx_miny_maxy": [
                328,
                397,
                348,
                384
            ],
            "class": "zuvacky",
            "local_cuboid": null,