{
    "camera_data": {
        "camera_look_at": {
            "at": [
                1.0,
                0.0,
                0.0
            ],
            "eye": [
                0.10000000149011612,
                0.0,
                0.0
            ],
            "up": [
                0.0,
                0.0,
                1.0
            ]
        },
        "camera_view_matrix": [
            [
                0.0,
                0.0,
                1.0,
                0.0
            ],
            [
                -1.0,
                0.0,
                0.0,
                0.0
            ],
            [
                0.0,
                -1.0,
                0.0,
                0.0
            ],
            [
                0.0,
                0.0,
                -0.10000000149011612,
                1.0
            ]
        ],
        "height": 761,
        "intrinsics": {
            "cx": 358.0,
            "cy": 380.5,
            "fx": 189.840087890625,
            "fy": 189.840087890625
        },
        "location_worldframe": [
            0.10000000149011612,
            0.0,
            0.0
        ],
        "quaternion_xyzw_worldframe": [
            -0.5,
            0.5,
            -0.5,
            0.5
        ],
        "width": 716
    },
    "objects": [
        {
            "bounding_box_minx_maxx_miny_maxy": [
                298,
                398,
                351,
                483
            ],
            "class": "pez",
            "local_cuboid": null,
            "local_to_world_matrix": [
                [
                    1.5370869636535645,
                    2.583005905151367,
                    7.413867950439453,
                    -0.0
                ],
                [
                    -5.849617004394531,
                    5.415506362915039,
                    -0.673995852470398,
                    0.0
                ],
                [
                    -5.236348628997803,
                    -5.291537284851074,
                    2.9292125701904297,
                    -0.0
                ],
                [
                    1.2179497480392456,
                    0.09673386812210083,
                    -0.21839085221290588,
                    1.0
                ]
            ],
            "location": [
                -0.09673386812210083,
                0.21839085221290588,
                1.1179497241973877
            ],
            "location_worldframe": [
                1.2179497480392456,
                0.09673386812210083,
                -0.21839085221290588
            ],
            "name": "hope_pez_0",
            "projected_cuboid": [
                [
                    357.3082710504532,
                    350.7477188706398
                ],
                [
                    399.0550317764282,
                    467.0470886826515
                ],
                [
                    380.54003167152405,
                    481.8264555335045
                ],
                [
                    336.22473883628845,
                    349.7492735981941
                ],
                [
                    318.2899955511093,
                    378.67359176278114
                ],
                [
                    346.6541259288788,
                    471.59053176641464
                ],
                [
                    327.3518645763397,
                    483.16205525398254
                ],
                [
                    298.3109848499298,
                    380.48185634613037
                ],
                [
                    342.0742303133011,
                    418.0858036875725
                ]
            ],
            "provenance": "nvisii",
            "px_count_all": 0,
            "px_count_visib": 0,
            "quaternion_xyzw": [
                1.494269847869873,
                -2.0725302696228027,
                0.8550000190734863,
                -1.1230418682098389
            ],
            "quaternion_xyzw_worldframe": [
                0.6998907923698425,
                -1.9174209833145142,
                1.278151035308838,
                1.6493791341781616
            ],
            "segmentation_id": 1,
            "visibility": 1
        },
        {
            "bounding_box_minx_maxx_miny_maxy": [
                260,
                355,
                296,
                329
            ],
            "class": "lentilky",
            "local_cuboid": null,
            "local_to_world_matrix": [
                [
                    0.6086074709892273,
                    7.886699676513672,
                    1.1956361532211304,
                    -0.0
                ],
                [
                    2.8589000701904297,
                    0.9037902355194092,
                    -7.416861534118652,
                    0.0
                ],
                [
                    -7.446897506713867,
                    0.9915202856063843,
                    -2.74965500831604,
                    -0.0
                ],
                [
                    1.7802648544311523,
                    0.4338585436344147,
                    0.6128321290016174,
                    1.0
                ]
            ],
            "location": [
                -0.4338585436344147,
                -0.6128321290016174,
                1.6802648305892944
            ],
            "location_worldframe": [
                1.7802648544311523,
                0.4338585436344147,
                0.6128321290016174
            ],
            "name": "hope_lentilky_1",
            "projected_cuboid": [
                [
                    259.9566342830658,
                    294.9600655436516
                ],
                [
                    353.49809646606445,
                    306.3247286975384
                ],
                [
                    351.3347177505493,
                    328.62931206822395
                ],
                [
                    261.41627049446106,
                    316.8775313794613
                ],
                [
                    271.4750084877014,
                    296.4433546066284
                ],
                [
                    356.4155977964401,
                    306.7660730779171
                ],
                [
                    354.34918105602264,
                    326.9824352860451
                ],
                [
                    272.40638971328735,
                    316.3411142528057
                ],
                [
                    309.4823956489563,
                    311.76151993870735
                ]
            ],
            "provenance": "nvisii",
            "px_count_all": 0,
            "px_count_visib": 0,
            "quaternion_xyzw": [
                0.5573311448097229,
                3.7115445137023926,
                -0.03448677062988281,
                -1.1085485219955444
            ],
            "quaternion_xyzw_worldframe": [
                2.671468734741211,
                1.0055891275405884,
                -1.5974071025848389,
                -2.1486244201660156
            ],
            "segmentation_id": 2,
            "visibility": 1
        },
        {
            "bounding_box_minx_maxx_miny_maxy": [
                342,
                390,
                350,
                382
            ],
            "class": "zuvacky",
            "local_cuboid": null,