{
    "camera_data": {
        "camera_look_at": {
            "at": [
                1.0,
                0.0,
                0.0
            ],
            "eye": [
                0.10000000149011612,
                0.0,
                0.0
            ],
            "up": [
                0.0,
                0.0,
                1.0
            ]
        },
        "camera_view_matrix": [
            [
                0.0,
                0.0,
                1.0,
                0.0
            ],
            [
                -1.0,
                0.0,
                0.0,
                0.0
            ],
            [
                0.0,
                -1.0,
                0.0,
                0.0
            ],
            [
                0.0,
                0.0,
                -0.10000000149011612,
                1.0
            ]
        ],
        "height": 761,
        "intrinsics": {
            "cx": 358.0,
            "cy": 380.5,
            "fx": 189.840087890625,
            "fy": 189.840087890625
        },
        "location_worldframe": [
            0.10000000149011612,
            0.0,
            0.0
        ],
        "quaternion_xyzw_worldframe": [
            -0.5,
            0.5,
            -0.5,
            0.5
        ],
        "width": 716
    },
    "objects": [
        {
            "bounding_box_minx_maxx_miny_maxy": [
                222,
                365,
                326,
                433
            ],
            "class": "pez",
            "local_cuboid": null,
            "local_to_world_matrix": [
                [
                    1.3854731321334839,
                    6.759586811065674,
                    4.04826545715332,
                    -0.0
                ],
                [
                    -1.5066570043563843,
                    4.261816024780273,
                    -6.600524425506592,
                    0.0
                ],
                [
                    -7.733721733093262,
                    0.38068753480911255,
                    2.0111262798309326,
                    -0.0
                ],
                [
                    1.126618504524231,
                    0.28496670722961426,
                    -0.022872239351272583,
                    1.0
                ]
            ],
            "location": [
                -0.28496670722961426,
                0.022872239351272583,
                1.026618480682373
            ],
            "location_worldframe": [
                1.126618504524231,
                0.28496670722961426,
                -0.022872239351272583
            ],
            "name": "hope_pez_0",
            "projected_cuboid": [
                [
                    244.82544493675232,
                    324.4057642817497
                ],
                [
                    365.33057284355164,
                    398.278603553772
                ],
                [
                    343.89401710033417,
                    432.60499054193497
                ],
                [
                    222.0333206653595,
                    351.5557918548584
                ],
                [
                    284.10372960567474,
                    358.23775938153267
                ],
                [
                    366.2109124660492,
                    409.51179325580597
                ],
                [
                    352.49572217464447,
                    431.8015441894531
                ],
                [
                    269.68658924102783,
                    377.31261360645294
                ],
                [
                    305.80526638031006,
                    385.2301412820816
                ]
            ],
            "provenance": "nvisii",
            "px_count_all": 0,
            "px_count_visib": 0,
            "quaternion_xyzw": [
                0.4411991238594055,
                -3.0320844650268555,
                -0.15620458126068115,
                -0.37456029653549194
            ],
            "quaternion_xyzw_worldframe": [
                -1.1862647533416748,
                -2.0020241737365723,
                1.4046205282211304,
                1.471259355545044
            ],
            "segmentation_id": 1,
            "visibility": 1
        },
        {
            "bounding_box_minx_maxx_miny_maxy": [
                265,
                359,
                292,
                336
            ],
            "class": "lentilky",
            "local_cuboid": null,
            "local_to_world_matrix": [
                [
                    1.2361063957214355,
                    7.6720170974731445,
                    1.900580644607544,
                    -0.0
                ],
                [
                    -3.5770137310028076,
                    2.2584118843078613,
                    -6.790033340454102,
                    0.0
                ],
                [
                    -7.048193454742432,
                    0.1993500292301178,
                    3.779317617416382,
                    -0.0
                ],
                [
                    1.805970549583435,
                    0.4012572765350342,
                    0.6105437278747559,
                    1.0
                ]
            ],
            "location": [
                -0.4012572765350342,
                -0.6105437278747559,
                1.7059705257415771
            ],
            "location_worldframe": [
                1.805970549583435,
                0.4012572765350342,
                0.6105437278747559
            ],
            "name": "hope_lentilky_1",
            "projected_cuboid": [
                [
                    274.8407242298126,
                    290.79598358273506
                ],
                [
                    359.0909502506256,
                    306.31944435834885
                ],
                [
                    352.9455796480179,
                    321.03930002450943
                ],
                [
                    265.1394695043564,
                    303.67373675107956
                ],
                [
                    282.1656210422516,
                    306.59273314476013
                ],
                [
                    359.5117447376251,
                    321.8581458032131
                ],
                [
                    353.95247769355774,
                    335.94814452528954
                ],
                [
                    273.6165152788162,
                    319.0531595945358
                ],
                [
                    313.84886395931244,
                    313.05947157740593
                ]
            ],
            "provenance": "nvisii",
            "px_count_all": 0,
            "px_count_visib": 0,
            "quaternion_xyzw": [
                -0.08828693628311157,
                -3.0820369720458984,
                0.31155920028686523,
                -0.42888152599334717
            ],
            "quaternion_xyzw_worldframe": [
                -1.2149416208267212,
                -1.555536150932312,
                1.955382227897644,
                1.43821382522583
            ],
            "segmentation_id": 2,
            "visibility": 1
        },
        {
            "bounding_box_minx_maxx_miny_maxy": [
                354,
                390,
                344,
                386
            ],
            "class": "zuvacky",
            "local_cuboid": null,