{
    "camera_data": {
        "camera_look_at": {
            "at": [
                1.0,
                0.0,
                0.0
            ],
            "eye": [
                0.0,
                0.0,
                0.0
            ],
            "up": [
                0.0,
                0.0,
                1.0
            ]
        },
        "camera_view_matrix": [
            [
                0.0,
                0.0,
                -1.0,
                0.0
            ],
            [
                -1.0,
                0.0,
                0.0,
                0.0
            ],
            [
                0.0,
                1.0,
                0.0,
                0.0
            ],
            [
                0.0,
                0.0,
                0.0,
                1.0
            ]
        ],
        "height": 500,
        "intrinsics": {
            "cx": 250.0,
            "cy": 250.0,
            "fx": 603.5535278320312,
            "fy": 603.5535278320312
        },
        "location_world": [
            0.0,
            0.0,
            0.0
        ],
        "quaternion_world_xyzw": [
            0.5,
            -0.5,
            -0.5,
            0.5
        ],
        "width": 500
    },
    "objects": [
        {
            "bounding_box_minx_maxx_miny_maxy": [
                0,
                499,
                288,
                500
            ],
            "class": "Cube",
            "local_cuboid": null,
            "local_to_world_matrix": [
                [
                    -0.0037906907964497805,
                    0.009229528717696667,
                    0.000668178778141737,
                    0.0
                ],
                [
                    -6.647020200034603e-05,
                    -0.0007492077420465648,
                    0.009971673600375652,
                    0.0
                ],
                [
                    0.009253445081412792,
                    0.0037755118682980537,
                    0.0003453498939052224,
                    0.0
                ],
                [
                    0.6300512552261353,
                    0.037088919430971146,
                    -0.5704880952835083,
                    1.0
                ]
            ],
            "location": [
                -0.037088919430971146,
                -0.5704880952835083,
                -0.6300512552261353
            ],
            "location_world": [
                0.6300512552261353,
                0.037088919430971146,
                -0.5704880952835083
            ],
            "name": "hope_Cube_0",
            "projected_cuboid": [
                [
                    -35.168737173080444,
                    679.1919469833374
                ],
                [
                    -6.789803504943848,
                    286.8208587169647
                ],
                [
                    -23.00044894218445,
                    378.1569004058838
                ],
                [
                    -94.40091252326965,
                    1366.80006980896
                ],
                [
                    312.6568794250488,
                    615.2037382125854
                ],
                [
                    336.6039991378784,
                    300.65885186195374
                ],
                [
                    650.7988572120667,
                    369.7391152381897
                ],
                [
                    602.2837162017822,
                    978.7253141403198
                ],
                [
                    232.36685991287231,
                    558.5016012191772
                ]
            ],
            "provenance": "nvisii",
            "quaternion_xyzw": [
                0.03613963723182678,
                0.9804928302764893,
                0.010500326752662659,
                -0.19291836023330688
            ],
            "quaternion_xyzw_world": [
                0.40660688281059265,
                0.5633856058120728,
                0.6100255846977234,
                0.3809675872325897
            ],
            "segmentation_id": 1,
            "visibility": 1
        }
    ]
}