{
    "camera_data": {
        "camera_look_at": {
            "at": [
                1.0,
                0.0,
                0.0
            ],
            "eye": [
                0.0,
                0.0,
                0.0
            ],
            "up": [
                0.0,
                0.0,
                1.0
            ]
        },
        "camera_view_matrix": [
            [
                0.0,
                0.0,
                -1.0,
                0.0
            ],
            [
                -1.0,
                0.0,
                0.0,
                0.0
            ],
            [
                0.0,
                1.0,
                0.0,
                0.0
            ],
            [
                0.0,
                0.0,
                0.0,
                1.0
            ]
        ],
        "height": 500,
        "intrinsics": {
            "cx": 250.0,
            "cy": 250.0,
            "fx": 603.5535278320312,
            "fy": 603.5535278320312
        },
        "location_world": [
            0.0,
            0.0,
            0.0
        ],
        "quaternion_world_xyzw": [
            0.5,
            -0.5,
            -0.5,
            0.5
        ],
        "width": 500
    },
    "objects": [
        {
            "bounding_box_minx_maxx_miny_maxy": [
                160,
                499,
                258,
                500
            ],
            "class": "Cube",
            "local_cuboid": null,
            "local_to_world_matrix": [
                [
                    -0.0021363405976444483,
                    0.0030921688303351402,
                    0.005905467085540295,
                    0.0
                ],
                [
                    0.005900769494473934,
                    -0.002007717965170741,
                    0.0031859050504863262,
                    0.0
                ],
                [
                    0.0031011246610432863,
                    0.005950425285845995,
                    -0.0019938575569540262,
                    0.0
                ],
                [
                    0.7811754941940308,
                    -0.10542431473731995,
                    -0.3676503002643585,
                    1.0
                ]
            ],
            "location": [
                0.10542431473731995,
                -0.3676503002643585,
                -0.7811754941940308
            ],
            "location_world": [
                0.7811754941940308,
                -0.10542431473731995,
                -0.3676503002643585
            ],
            "name": "hope_Cube_0",
            "projected_cuboid": [
                [
                    159.58216786384583,
                    452.2550702095032
                ],
                [
                    238.88996243476868,
                    310.6468915939331
                ],
                [
                    427.0329773426056,
                    256.94161653518677
                ],
                [
                    414.1811728477478,
                    407.94962644577026
                ],
                [
                    272.4769115447998,
                    623.9542365074158
                ],
                [
                    317.17449426651,
                    452.91173458099365
                ],
                [
                    497.75320291519165,
                    425.62589049339294
                ],
                [
                    514.2756700515747,
                    621.066689491272
                ],
                [
                    351.1347770690918,
                    437.1712803840637
                ]
            ],
            "provenance": "nvisii",
            "quaternion_xyzw": [
                0.36950984597206116,
                0.7648341655731201,
                -0.36864325404167175,
                -0.3776152431964874
            ],
            "quaternion_xyzw_world": [
                0.562686026096344,
                0.5707914233207703,
                0.5716580152511597,
                -0.17546705901622772
            ],
            "segmentation_id": 1,
            "visibility": 1
        }
    ]
}