{
    "camera_data": {
        "camera_look_at": {
            "at": [
                1.0,
                0.0,
                0.0
            ],
            "eye": [
                0.0,
                0.0,
                0.0
            ],
            "up": [
                0.0,
                0.0,
                1.0
            ]
        },
        "camera_view_matrix": [
            [
                0.0,
                0.0,
                -1.0,
                0.0
            ],
            [
                -1.0,
                0.0,
                0.0,
                0.0
            ],
            [
                0.0,
                1.0,
                0.0,
                0.0
            ],
            [
                0.0,
                0.0,
                0.0,
                1.0
            ]
        ],
        "height": 500,
        "intrinsics": {
            "cx": 250.0,
            "cy": 250.0,
            "fx": 603.5535278320312,
            "fy": 603.5535278320312
        },
        "location_world": [
            0.0,
            0.0,
            0.0
        ],
        "quaternion_world_xyzw": [
            0.5,
            -0.5,
            -0.5,
            0.5
        ],
        "width": 500
    },
    "objects": [
        {
            "bounding_box_minx_maxx_miny_maxy": [
                112,
                456,
                158,
                473
            ],
            "class": "Cube",
            "local_cuboid": null,
            "local_to_world_matrix": [
                [
                    0.0049885637126863,
                    -0.004800903610885143,
                    -0.0010322588495910168,
                    0.0
                ],
                [
                    -0.0026216881815344095,
                    -0.0013595789205282927,
                    -0.00634651817381382,
                    0.0
                ],
                [
                    0.004152226261794567,
                    0.004909467417746782,
                    -0.0027669742703437805,
                    0.0
                ],
                [
                    1.041509747505188,
                    -0.009327718056738377,
                    0.031164176762104034,
                    1.0
                ]
            ],
            "location": [
                0.009327718056738377,
                0.031164176762104034,
                -1.041509747505188
            ],
            "location_world": [
                1.041509747505188,
                -0.009327718056738377,
                0.031164176762104034
            ],
            "name": "hope_Cube_0",
            "projected_cuboid": [
                [
                    253.14298272132874,
                    280.3274989128113
                ],
                [
                    289.5283102989197,
                    451.97635889053345
                ],
                [
                    457.41963386535645,
                    407.3432683944702
                ],
                [
                    393.2090997695923,
                    207.6587975025177
                ],
                [
                    111.9554340839386,
                    257.2169303894043
                ],
                [
                    137.73736357688904,
                    473.5919237136841
                ],
                [
                    320.8262622356415,
                    419.2139506340027
                ],
                [
                    258.939653635025,
                    156.35156631469727
                ],
                [
                    276.78802609443665,
                    328.8472592830658
                ]
            ],
            "provenance": "nvisii",
            "quaternion_xyzw": [
                -0.8924214243888855,
                -0.013099223375320435,
                0.3961145281791687,
                -0.2156517505645752
            ],
            "quaternion_xyzw_world": [
                -0.7586434483528137,
                0.3494296967983246,
                -0.14687716960906982,
                0.5298925042152405
            ],
            "segmentation_id": 1,
            "visibility": 1
        }
    ]
}