{
    "camera_data": {
        "camera_look_at": {
            "at": [
                1.0,
                0.0,
                0.0
            ],
            "eye": [
                0.0,
                0.0,
                0.0
            ],
            "up": [
                0.0,
                0.0,
                1.0
            ]
        },
        "camera_view_matrix": [
            [
                0.0,
                0.0,
                -1.0,
                0.0
            ],
            [
                -1.0,
                0.0,
                0.0,
                0.0
            ],
            [
                0.0,
                1.0,
                0.0,
                0.0
            ],
            [
                0.0,
                0.0,
                0.0,
                1.0
            ]
        ],
        "height": 500,
        "intrinsics": {
            "cx": 250.0,
            "cy": 250.0,
            "fx": 603.5535278320312,
            "fy": 603.5535278320312
        },
        "location_world": [
            0.0,
            0.0,
            0.0
        ],
        "quaternion_world_xyzw": [
            0.5,
            -0.5,
            -0.5,
            0.5
        ],
        "width": 500
    },
    "objects": [
        {
            "bounding_box_minx_maxx_miny_maxy": [
                106,
                425,
                131,
                462
            ],
            "class": "Cube",
            "local_cuboid": null,
            "local_to_world_matrix": [
                [
                    -0.0024959587026387453,
                    0.009595862589776516,
                    -0.0012998461024835706,
                    0.0
                ],
                [
                    -0.0004880833439528942,
                    0.0012159586185589433,
                    0.009913789108395576,
                    0.0
                ],
                [
                    0.009671191684901714,
                    0.0025378847494721413,
                    0.00016486048116348684,
                    0.0
                ],
                [
                    1.2888394594192505,
                    -0.02017909474670887,
                    -0.3089402914047241,
                    1.0
                ]
            ],
            "location": [
                0.02017909474670887,
                -0.3089402914047241,
                -1.2888394594192505
            ],
            "location_world": [
                1.2888394594192505,
                -0.02017909474670887,
                -0.3089402914047241
            ],
            "name": "hope_Cube_0",
            "projected_cuboid": [
                [
                    133.59716534614563,
                    388.6629045009613
                ],
                [
                    106.21452331542969,
                    183.7952435016632
                ],
                [
                    113.56529593467712,
                    155.63729405403137
                ],
                [
                    154.21314537525177,
                    461.8118405342102
                ],
                [
                    324.4974911212921,
                    353.1760275363922
                ],
                [
                    302.26337909698486,
                    164.05543684959412
                ],
                [
                    396.1387872695923,
                    130.33893704414368
                ],
                [
                    425.9987473487854,
                    402.6297926902771
                ],
                [
                    245.16837298870087,
                    278.88405323028564
                ]
            ],
            "provenance": "nvisii",
            "quaternion_xyzw": [
                -0.06354919075965881,
                0.9897075891494751,
                0.016493335366249084,
                -0.12715482711791992
            ],
            "quaternion_xyzw_world": [
                0.39125511050224304,
                0.5819591283798218,
                0.5349032878875732,
                0.47129765152931213
            ],
            "segmentation_id": 1,
            "visibility": 1
        }
    ]
}