{"camera_data": {}, "objects": [{"class": "Cube", "location": [-4.4703300513013335, 8.567454511078749, 39.53364141961376], "quaternion_xyzw": [-0.7255475165976553, -0.6667246574063525, 0.16803629805844286, 0.028685098922115643], "projected_cuboid": [[104.08379093858946, 383.2170353910726], [104.96346949791533, 237.7729609038382], [235.72421174447607, 225.04641174245563], [243.05232410952226, 381.5867049621411], [168.70680662316846, 363.80367035965446], [166.55765660003513, 248.61366133752307], [273.0148188173278, 239.27044147928535], [280.52538289186674, 361.30852739993793], [197.9690850641034, 303.2171178065127]]}]}