{
    "camera_data": {
        "camera_look_at": {
            "at": [
                1.0,
                0.0,
                0.0
            ],
            "eye": [
                0.0,
                0.0,
                0.0
            ],
            "up": [
                0.0,
                0.0,
                1.0
            ]
        },
        "camera_view_matrix": [
            [
                0.0,
                0.0,
                -1.0,
                0.0
            ],
            [
                -1.0,
                0.0,
                0.0,
                0.0
            ],
            [
                0.0,
                1.0,
                0.0,
                0.0
            ],
            [
                0.0,
                0.0,
                0.0,
                1.0
            ]
        ],
        "height": 500,
        "intrinsics": {
            "cx": 250.0,
            "cy": 250.0,
            "fx": 603.5535278320312,
            "fy": 603.5535278320312
        },
        "location_world": [
            0.0,
            0.0,
            0.0
        ],
        "quaternion_world_xyzw": [
            0.5,
            -0.5,
            -0.5,
            0.5
        ],
        "width": 500
    },
    "objects": [
        {
            "bounding_box_minx_maxx_miny_maxy": [
                388,
                499,
                362,
                500
            ],
            "class": "Cube",
            "local_cuboid": null,
            "local_to_world_matrix": [
                [
                    0.002252207836136222,
                    -0.001722667831927538,
                    -0.006399997975677252,
                    0.0
                ],
                [
                    0.006159849930554628,
                    -0.0019507089164108038,
                    0.0026927641592919827,
                    0.0
                ],
                [
                    -0.002446182304993272,
                    -0.006498241797089577,
                    0.0008882817928679287,
                    0.0
                ],
                [
                    1.5734130144119263,
                    -0.5670874714851379,
                    -0.6366018056869507,
                    1.0
                ]
            ],
            "location": [
                0.5670874714851379,
                -0.6366018056869507,
                -1.5734130144119263
            ],
            "location_world": [
                1.5734130144119263,
                -0.5670874714851379,
                -0.6366018056869507
            ],
            "name": "hope_Cube_0",
            "projected_cuboid": [
                [
                    547.285795211792,
                    547.9724407196045
                ],
                [
                    529.8634767532349,
                    455.7637870311737
                ],
                [
                    414.63226079940796,
                    456.58397674560547
                ],
                [
                    409.80494022369385,
                    542.27215051651
                ],
                [
                    534.5733761787415,
                    438.36572766304016
                ],
                [
                    518.2584524154663,
                    359.40825939178467
                ],
                [
                    396.9004154205322,
                    366.5253520011902
                ],
                [
                    388.2683217525482,
                    440.7528042793274
                ],
                [
                    465.1786684989929,
                    448.9063024520874
                ]
            ],
            "provenance": "nvisii",
            "quaternion_xyzw": [
                -0.35775697231292725,
                0.44416511058807373,
                -0.42387455701828003,
                0.7036033868789673
            ],
            "quaternion_xyzw_world": [
                0.6069430112838745,
                0.26109665632247925,
                -0.520534873008728,
                0.5408254265785217
            ],
            "segmentation_id": 1,
            "visibility": 1
        }
    ]
}