{
    "camera_data": {
        "camera_look_at": {
            "at": [
                1.0,
                0.0,
                0.0
            ],
            "eye": [
                0.0,
                0.0,
                0.0
            ],
            "up": [
                0.0,
                0.0,
                1.0
            ]
        },
        "camera_view_matrix": [
            [
                0.0,
                0.0,
                -1.0,
                0.0
            ],
            [
                -1.0,
                0.0,
                0.0,
                0.0
            ],
            [
                0.0,
                1.0,
                0.0,
                0.0
            ],
            [
                0.0,
                0.0,
                0.0,
                1.0
            ]
        ],
        "height": 400,
        "intrinsics": {
            "cx": 200.0,
            "cy": 200.0,
            "fx": 482.84283447265625,
            "fy": 482.84283447265625
        },
        "location_world": [
            0.0,
            0.0,
            0.0
        ],
        "quaternion_world_xyzw": [
            0.5,
            -0.5,
            -0.5,
            0.5
        ],
        "width": 400
    },
    "objects": [
        {
            "bounding_box_minx_maxx_miny_maxy": [
                129,
                231,
                235,
                342
            ],
            "class": "Cube",
            "local_cuboid": null,
            "local_to_world_matrix": [
                [
                    -0.0027749352157115936,
                    -0.003492457792162895,
                    -0.0022588646970689297,
                    0.0
                ],
                [
                    -0.003074785927310586,
                    -0.00010614156781230122,
                    0.003941373433917761,
                    0.0
                ],
                [
                    -0.0028009682428091764,
                    0.0035765166394412518,
                    -0.0020888042636215687,
                    0.0
                ],
                [
                    1.8086280822753906,
                    0.07281537353992462,
                    -0.381378710269928,
                    1.0
                ]
            ],
            "location": [
                -0.07281537353992462,
                -0.381378710269928,
                -1.8086280822753906
            ],
            "location_world": [
                1.8086280822753906,
                0.07281537353992462,
                -0.381378710269928
            ],
            "name": "hope_Cube_0",
            "projected_cuboid": [
                [
                    178.32951545715332,
                    341.7581558227539
                ],
                [
                    177.82201766967773,
                    293.35174560546875
                ],
                [
                    231.85317516326904,
                    254.99448776245117
                ],
                [
                    227.73020267486572,
                    302.9132604598999
                ],
                [
                    133.3573341369629,
                    300.7165193557739
                ],
                [
                    128.7128210067749,
                    252.55589485168457
                ],
                [
                    182.39901065826416,
                    220.3489065170288
                ],
                [
                    182.47265815734863,
                    267.5889253616333
                ],
                [
                    180.43770790100098,
                    278.8616895675659
                ]
            ],
            "provenance": "nvisii",
            "quaternion_xyzw": [
                -0.29581379890441895,
                0.3638644814491272,
                0.13548743724822998,
                -0.8727772235870361
            ],
            "quaternion_xyzw_world": [
                -0.47010695934295654,
                0.6984840035438538,
                0.5381576418876648,
                -0.03880571201443672
            ],
            "segmentation_id": 1,
            "visibility": 1
        },
        {
            "bounding_box_minx_maxx_miny_maxy": [
                0,
                90,
                273,
                375
            ],
            "class": "Cube",
            "local_cuboid": null,
            "local_to_world_matrix": [
                [
                    0.004311393480747938,
                    0.00249015842564404,
                    -0.00045934258378110826,
                    0.0
                ],
                [
                    -0.0017416568007320166,
                    0.0022578369826078415,
                    -0.0041071646846830845,
                    0.0
                ],
                [
                    -0.0018380741821601987,
                    0.0037015241105109453,
                    0.0028142849914729595,
                    0.0
                ],
                [
                    1.8057605028152466,
                    0.5478312969207764,
                    -0.33686843514442444,
                    1.0
                ]
            ],
            "location": [
                -0.5478312969207764,
                -0.33686843514442444,
                -1.8057605028152466
            ],
            "location_world": [
                1.8057605028152466,
                0.5478312969207764,
                -0.33686843514442444
            ],
            "name": "hope_Cube_1",
            "projected_cuboid": [
                [
                    18.34554672241211,
                    271.87209129333496
                ],
                [
                    -21.15323543548584,
                    331.0767650604248
                ],
                [
                    37.42755651473999,
                    360.92936992645264
                ],
                [
                    72.47035503387451,
                    303.1748056411743
                ],
                [
                    31.032156944274902,
                    274.53787326812744
                ],
                [
                    -13.201594352722168,
                    342.04633235931396
                ],
                [
                    52.55998373031616,
                    375.17452239990234
                ],
                [
                    91.17885828018188,
                    309.56945419311523
                ],
                [
                    34.429824352264404,
                    320.43473720550537
                ]
            ],
            "provenance": "nvisii",
            "quaternion_xyzw": [
                -0.48882168531417847,
                0.2779315710067749,
                0.8196156620979309,
                0.10971570760011673
            ],
            "quaternion_xyzw_world": [
                -0.4603950083255768,
                -0.08128908276557922,
                0.2495049685239792,
                0.8480423092842102
            ],
            "segmentation_id": 2,
            "visibility": 1
        },
        {
            "bounding_box_minx_maxx_miny_maxy": [
                4,
                229,
                46,
                250
            ],
            "class": "Cube",
            "local_cuboid": null,