{
    "camera_data": {
        "camera_look_at": {
            "at": [
                1.0,
                0.0,
                0.0
            ],
            "eye": [
                0.0,
                0.0,
                0.0
            ],
            "up": [
                0.0,
                0.0,
                1.0
            ]
        },
        "camera_view_matrix": [
            [
                0.0,
                0.0,
                -1.0,
                0.0
            ],
            [
                -1.0,
                0.0,
                0.0,
                0.0
            ],
            [
                0.0,
                1.0,
                0.0,
                0.0
            ],
            [
                0.0,
                0.0,
                0.0,
                1.0
            ]
        ],
        "height": 400,
        "intrinsics": {
            "cx": 200.0,
            "cy": 200.0,
            "fx": 482.84283447265625,
            "fy": 482.84283447265625
        },
        "location_world": [
            0.0,
            0.0,
            0.0
        ],
        "quaternion_world_xyzw": [
            0.5,
            -0.5,
            -0.5,
            0.5
        ],
        "width": 400
    },
    "objects": [
        {
            "bounding_box_minx_maxx_miny_maxy": [
                0,
                40,
                282,
                400
            ],
            "class": "Cube",
            "local_cuboid": null,
            "local_to_world_matrix": [
                [
                    0.004955754149705172,
                    3.243379251216538e-05,
                    -0.0006629087147302926,
                    0.0
                ],
                [
                    0.00019675723160617054,
                    -0.004841325338929892,
                    0.0012340431567281485,
                    0.0
                ],
                [
                    -0.0006338663515634835,
                    -0.001249209395609796,
                    -0.0047997599467635155,
                    0.0
                ],
                [
                    0.6486926078796387,
                    0.5125152468681335,
                    -0.2983185648918152,
                    1.0
                ]
            ],
            "location": [
                -0.5125152468681335,
                -0.2983185648918152,
                -0.6486926078796387
            ],
            "location_world": [
                0.6486926078796387,
                0.5125152468681335,
                -0.2983185648918152
            ],
            "name": "hope_Cube_0",
            "projected_cuboid": [
                [
                    -107.60443210601807,
                    477.48146057128906
                ],
                [
                    48.813021183013916,
                    435.05611419677734
                ],
                [
                    17.03561544418335,
                    280.5644750595093
                ],
                [
                    -133.49075317382812,
                    319.35667991638184
                ],
                [
                    -255.8258056640625,
                    581.1305522918701
                ],
                [
                    -21.88851833343506,
                    516.4763450622559
                ],
                [
                    -63.89925479888916,
                    287.7560615539551
                ],
                [
                    -284.88731384277344,
                    344.4582939147949
                ],
                [
                    -89.19980525970459,
                    397.58639335632324
                ]
            ],
            "provenance": "nvisii",
            "quaternion_xyzw": [
                0.39367857575416565,
                0.5306887626647949,
                -0.47075775265693665,
                0.5846142172813416
            ],
            "quaternion_xyzw_world": [
                0.9898696541786194,
                0.011576829478144646,
                -0.06550231575965881,
                0.1254333108663559
            ],
            "segmentation_id": 1,
            "visibility": 1
        },
        {
            "bounding_box_minx_maxx_miny_maxy": [
                28,
                67,
                332,
                400
            ],
            "class": "Cube",
            "local_cuboid": null,
            "local_to_world_matrix": [
                [
                    -0.0007625281577929854,
                    0.0023933371994644403,
                    -0.004323249217122793,
                    0.0
                ],
                [
                    6.398081313818693e-05,
                    -0.00436927005648613,
                    -0.00243009882979095,
                    0.0
                ],
                [
                    -0.004941098392009735,
                    -0.00042592486715875566,
                    0.0006357130478136241,
                    0.0
                ],
                [
                    1.5272932052612305,
                    0.7249451279640198,
                    -0.50130295753479,
                    1.0
                ]
            ],
            "location": [
                -0.7249451279640198,
                -0.50130295753479,
                -1.5272932052612305
            ],
            "location_world": [
                1.5272932052612305,
                0.7249451279640198,
                -0.50130295753479
            ],
            "name": "hope_Cube_1",
            "projected_cuboid": [
                [
                    -69.93768215179443,
                    406.94923400878906
                ],
                [
                    6.686735153198242,
                    448.7429618835449
                ],
                [
                    29.608607292175293,
                    420.5430507659912
                ],
                [
                    -35.36961078643799,
                    385.0216865539551
                ],
                [
                    -22.09494113922119,
                    328.04813385009766
                ],
                [
                    52.37351655960083,
                    368.90153884887695
                ],
                [
                    68.02672147750854,
                    353.1339645385742
                ],
                [
                    4.605698585510254,
                    318.29447746276855
                ],
                [
                    5.550253391265869,
                    377.50391960144043
                ]
            ],
            "provenance": "nvisii",
            "quaternion_xyzw": [
                0.0691603571176529,
                0.03327113389968872,
                0.859201192855835,
                -0.5058488845825195
            ],
            "quaternion_xyzw_world": [
                -0.6313093304634094,
                -0.1946207582950592,
                0.7337408065795898,
                0.15873154997825623
            ],
            "segmentation_id": 2,
            "visibility": 1
        },
        {
            "bounding_box_minx_maxx_miny_maxy": [
                45,
                247,
                31,
                212
            ],
            "class": "Cube",
            "local_cuboid": null,