{
    "camera_data": {
        "camera_look_at": {
            "at": [
                1.0,
                0.0,
                0.0
            ],
            "eye": [
                0.0,
                0.0,
                0.0
            ],
            "up": [
                0.0,
                0.0,
                1.0
            ]
        },
        "camera_view_matrix": [
            [
                0.0,
                0.0,
                -1.0,
                0.0
            ],
            [
                -1.0,
                0.0,
                0.0,
                0.0
            ],
            [
                0.0,
                1.0,
                0.0,
                0.0
            ],
            [
                0.0,
                0.0,
                0.0,
                1.0
            ]
        ],
        "height": 400,
        "intrinsics": {
            "cx": 200.0,
            "cy": 200.0,
            "fx": 482.84283447265625,
            "fy": 482.84283447265625
        },
        "location_world": [
            0.0,
            0.0,
            0.0
        ],
        "quaternion_world_xyzw": [
            0.5,
            -0.5,
            -0.5,
            0.5
        ],
        "width": 400
    },
    "objects": [
        {
            "bounding_box_minx_maxx_miny_maxy": [
                60,
                190,
                238,
                360
            ],
            "class": "Cube",
            "local_cuboid": null,
            "local_to_world_matrix": [
                [
                    -0.004208995029330254,
                    -0.0021912180818617344,
                    -0.0015757291112095118,
                    0.0
                ],
                [
                    -0.002586774528026581,
                    0.0024422910064458847,
                    0.00351337599568069,
                    0.0
                ],
                [
                    -0.0007700368878431618,
                    0.0037727677263319492,
                    -0.003189555834978819,
                    0.0
                ],
                [
                    1.5852367877960205,
                    0.17694270610809326,
                    -0.3640342354774475,
                    1.0
                ]
            ],
            "location": [
                -0.17694270610809326,
                -0.3640342354774475,
                -1.5852367877960205
            ],
            "location_world": [
                1.5852367877960205,
                0.17694270610809326,
                -0.3640342354774475
            ],
            "name": "hope_Cube_0",
            "projected_cuboid": [
                [
                    128.4437894821167,
                    359.7067594528198
                ],
                [
                    77.20750570297241,
                    311.5145683288574
                ],
                [
                    147.1460223197937,
                    252.1709680557251
                ],
                [
                    191.03305339813232,
                    304.2450189590454
                ],
                [
                    105.80050945281982,
                    316.83263778686523
                ],
                [
                    59.65803861618042,
                    271.6217279434204
                ],
                [
                    120.71075439453125,
                    221.15247249603271
                ],
                [
                    161.1955165863037,
                    269.1632270812988
                ],
                [
                    124.425208568573,
                    287.70484924316406
                ]
            ],
            "provenance": "nvisii",
            "quaternion_xyzw": [
                -0.38130074739456177,
                0.5268833637237549,
                -0.057202547788619995,
                -0.7574506998062134
            ],
            "quaternion_xyzw_world": [
                -0.27733278274536133,
                0.8614186644554138,
                0.42291536927223206,
                0.04676542803645134
            ],
            "segmentation_id": 1,
            "visibility": 1
        },
        {
            "bounding_box_minx_maxx_miny_maxy": [
                0,
                80,
                267,
                372
            ],
            "class": "Cube",
            "local_cuboid": null,
            "local_to_world_matrix": [
                [
                    0.0028793972451239824,
                    0.0038136562798172235,
                    -0.0014714269200339913,
                    0.0
                ],
                [
                    -0.00342417205683887,
                    0.00126733782235533,
                    -0.003415976883843541,
                    0.0
                ],
                [
                    -0.0022325136233121157,
                    0.002974874572828412,
                    0.003341556992381811,
                    0.0
                ],
                [
                    1.8669908046722412,
                    0.6052339673042297,
                    -0.3568061888217926,
                    1.0
                ]
            ],
            "location": [
                -0.6052339673042297,
                -0.3568061888217926,
                -1.8669908046722412
            ],
            "location_world": [
                1.8669908046722412,
                0.6052339673042297,
                -0.3568061888217926
            ],
            "name": "hope_Cube_1",
            "projected_cuboid": [
                [
                    1.3035774230957031,
                    279.4975757598877
                ],
                [
                    -36.43970489501953,
                    335.6203317642212
                ],
                [
                    17.41734743118286,
                    371.5571403503418
                ],
                [
                    48.426127433776855,
                    315.4905319213867
                ],
                [
                    37.79381513595581,
                    265.6531095504761
                ],
                [
                    0.5693554878234863,
                    325.4173278808594
                ],
                [
                    56.583237648010254,
                    365.1125907897949
                ],
                [
                    86.38107776641846,
                    305.28085231781006
                ],
                [
                    27.364253997802734,
                    319.85931396484375
                ]
            ],
            "provenance": "nvisii",
            "quaternion_xyzw": [
                -0.34422430396080017,
                0.397816926240921,
                0.850357174873352,
                -0.0120001882314682
            ],
            "quaternion_xyzw_world": [
                -0.4043823778629303,
                -0.04815789684653282,
                0.45797500014305115,
                0.7901991009712219
            ],
            "segmentation_id": 2,
            "visibility": 1
        },
        {
            "bounding_box_minx_maxx_miny_maxy": [
                15,
                224,
                31,
                250
            ],
            "class": "Cube",
            "local_cuboid": null,