{
    "camera_data": {
        "camera_look_at": {
            "at": [
                1.0,
                0.0,
                0.0
            ],
            "eye": [
                0.0,
                0.0,
                0.0
            ],
            "up": [
                0.0,
                0.0,
                1.0
            ]
        },
        "camera_view_matrix": [
            [
                0.0,
                0.0,
                -1.0,
                0.0
            ],
            [
                -1.0,
                0.0,
                0.0,
                0.0
            ],
            [
                0.0,
                1.0,
                0.0,
                0.0
            ],
            [
                0.0,
                0.0,
                0.0,
                1.0
            ]
        ],
        "height": 400,
        "intrinsics": {
            "cx": 200.0,
            "cy": 200.0,
            "fx": 482.84283447265625,
            "fy": 482.84283447265625
        },
        "location_world": [
            0.0,
            0.0,
            0.0
        ],
        "quaternion_world_xyzw": [
            0.5,
            -0.5,
            -0.5,
            0.5
        ],
        "width": 400
    },
    "objects": [
        {
            "bounding_box_minx_maxx_miny_maxy": [
                173,
                272,
                280,
                398
            ],
            "class": "Cube",
            "local_cuboid": null,
            "local_to_world_matrix": [
                [
                    0.001246074098162353,
                    -0.0035832440480589867,
                    -0.0032569407485425472,
                    0.0
                ],
                [
                    -0.004569483455270529,
                    0.0002426317223580554,
                    -0.0020151801872998476,
                    0.0
                ],
                [
                    0.0016022236086428165,
                    0.003478720085695386,
                    -0.0032142470590770245,
                    0.0
                ],
                [
                    1.927804708480835,
                    -0.09194675087928772,
                    -0.4640546441078186,
                    1.0
                ]
            ],
            "location": [
                0.09194675087928772,
                -0.4640546441078186,
                -1.927804708480835
            ],
            "location_world": [
                1.927804708480835,
                -0.09194675087928772,
                -0.4640546441078186
            ],
            "name": "hope_Cube_0",
            "projected_cuboid": [
                [
                    222.8400468826294,
                    351.16443634033203
                ],
                [
                    222.478985786438,
                    398.1489896774292
                ],
                [
                    273.226261138916,
                    361.63463592529297
                ],
                [
                    267.56017208099365,
                    317.0361518859863
                ],
                [
                    178.90770435333252,
                    315.427827835083
                ],
                [
                    172.65760898590088,
                    359.3462944030762
                ],
                [
                    222.89535999298096,
                    319.5253849029541
                ],
                [
                    223.23286533355713,
                    278.61223220825195
                ],
                [
                    222.86489009857178,
                    336.9624614715576
                ]
            ],
            "provenance": "nvisii",
            "quaternion_xyzw": [
                0.78104567527771,
                -0.22403119504451752,
                -0.30246591567993164,
                0.4982890784740448
            ],
            "quaternion_xyzw_world": [
                0.678884744644165,
                -0.6004500389099121,
                -0.1218702420592308,
                -0.40462687611579895
            ],
            "segmentation_id": 1,
            "visibility": 1
        },
        {
            "bounding_box_minx_maxx_miny_maxy": [
                0,
                111,
                265,
                360
            ],
            "class": "Cube",
            "local_cuboid": null,
            "local_to_world_matrix": [
                [
                    0.0012986680958420038,
                    0.0023957642260938883,
                    0.004192108754068613,
                    0.0
                ],
                [
                    0.0013989323051646352,
                    0.003968202508985996,
                    -0.002701177028939128,
                    0.0
                ],
                [
                    -0.004621303640305996,
                    0.0018744816770777106,
                    0.0003603732620831579,
                    0.0
                ],
                [
                    1.6877340078353882,
                    0.4306594431400299,
                    -0.30207622051239014,
                    1.0
                ]
            ],
            "location": [
                -0.4306594431400299,
                -0.30207622051239014,
                -1.6877340078353882
            ],
            "location_world": [
                1.6877340078353882,
                0.4306594431400299,
                -0.30207622051239014
            ],
            "name": "hope_Cube_1",
            "projected_cuboid": [
                [
                    38.29221725463867,
                    256.64849281311035
                ],
                [
                    -12.16113567352295,
                    293.2239532470703
                ],
                [
                    37.31045722961426,
                    286.4858865737915
                ],
                [
                    83.29823017120361,
                    254.2574405670166
                ],
                [
                    69.03691291809082,
                    324.76727962493896
                ],
                [
                    15.212297439575195,
                    359.8581790924072
                ],
                [
                    62.99290657043457,
                    344.51794624328613
                ],
                [
                    111.68148517608643,
                    313.3999824523926
                ],
                [
                    51.48879289627075,
                    303.59363555908203
                ]
            ],
            "provenance": "nvisii",
            "quaternion_xyzw": [
                -0.18494713306427002,
                -0.06053244695067406,
                0.8578532934188843,
                0.4756239652633667
            ],
            "quaternion_xyzw_world": [
                -0.313854455947876,
                -0.6045312881469727,
                0.0683748796582222,
                0.7289459705352783
            ],
            "segmentation_id": 2,
            "visibility": 1
        },
        {
            "bounding_box_minx_maxx_miny_maxy": [
                13,
                178,
                104,
                306
            ],
            "class": "Cube",
            "local_cuboid": null,