{
    "camera_data": {
        "camera_look_at": {
            "at": [
                1.0,
                0.0,
                0.0
            ],
            "eye": [
                0.0,
                0.0,
                0.0
            ],
            "up": [
                0.0,
                0.0,
                1.0
            ]
        },
        "camera_view_matrix": [
            [
                0.0,
                0.0,
                -1.0,
                0.0
            ],
            [
                -1.0,
                0.0,
                0.0,
                0.0
            ],
            [
                0.0,
                1.0,
                0.0,
                0.0
            ],
            [
                0.0,
                0.0,
                0.0,
                1.0
            ]
        ],
        "height": 400,
        "intrinsics": {
            "cx": 200.0,
            "cy": 200.0,
            "fx": 482.84283447265625,
            "fy": 482.84283447265625
        },
        "location_world": [
            0.0,
            0.0,
            0.0
        ],
        "quaternion_world_xyzw": [
            0.5,
            -0.5,
            -0.5,
            0.5
        ],
        "width": 400
    },
    "objects": [
        {
            "bounding_box_minx_maxx_miny_maxy": [
                0,
                88,
                273,
                396
            ],
            "class": "Cube",
            "local_cuboid": null,
            "local_to_world_matrix": [
                [
                    -0.003529933514073491,
                    0.0031700553372502327,
                    0.0015780739486217499,
                    0.0
                ],
                [
                    0.003386823693290353,
                    0.0036729229614138603,
                    0.0001976415078388527,
                    0.0
                ],
                [
                    -0.0010339219588786364,
                    0.001208463916555047,
                    -0.00474031874909997,
                    0.0
                ],
                [
                    1.126927375793457,
                    0.39489811658859253,
                    -0.3238670825958252,
                    1.0
                ]
            ],
            "location": [
                -0.39489811658859253,
                -0.3238670825958252,
                -1.126927375793457
            ],
            "location_world": [
                1.126927375793457,
                0.39489811658859253,
                -0.3238670825958252
            ],
            "name": "hope_Cube_0",
            "projected_cuboid": [
                [
                    -40.44203758239746,
                    392.0839309692383
                ],
                [
                    -81.00767135620117,
                    360.5325222015381
                ],
                [
                    -45.58901786804199,
                    261.0564708709717
                ],
                [
                    -1.3591289520263672,
                    275.2513885498047
                ],
                [
                    59.588563442230225,
                    395.61190605163574
                ],
                [
                    11.825025081634521,
                    367.7194118499756
                ],
                [
                    39.40855264663696,
                    280.4286241531372
                ],
                [
                    88.94630670547485,
                    295.2481269836426
                ],
                [
                    6.033170223236084,
                    327.0975589752197
                ]
            ],
            "provenance": "nvisii",
            "quaternion_xyzw": [
                -0.17297127842903137,
                0.6055483222007751,
                -0.6710565090179443,
                -0.39124852418899536
            ],
            "quaternion_xyzw_world": [
                0.3561924993991852,
                0.9204123020172119,
                0.0763845443725586,
                -0.1418927162885666
            ],
            "segmentation_id": 1,
            "visibility": 1
        },
        {
            "bounding_box_minx_maxx_miny_maxy": [
                31,
                32,
                279,
                279
            ],
            "class": "Cube",
            "local_cuboid": null,
            "local_to_world_matrix": [
                [
                    0.0008741521742194891,
                    0.004578256513923407,
                    -0.001809814479202032,
                    0.0
                ],
                [
                    -0.0038133268244564533,
                    -0.0005328368861228228,
                    -0.003189769573509693,
                    0.0
                ],
                [
                    -0.0031135836616158485,
                    0.001937951659783721,
                    0.003398520639166236,
                    0.0
                ],
                [
                    1.8971320390701294,
                    0.6909939050674438,
                    -0.420798122882843,
                    1.0
                ]
            ],
            "location": [
                -0.6909939050674438,
                -0.420798122882843,
                -1.8971320390701294
            ],
            "location_world": [
                1.8971320390701294,
                0.6909939050674438,
                -0.420798122882843
            ],
            "name": "hope_Cube_1",
            "projected_cuboid": [
                [
                    -23.936080932617188,
                    299.9387741088867
                ],
                [
                    -42.01159477233887,
                    358.14170837402344
                ],
                [
                    4.7519683837890625,
                    389.9374723434448
                ],
                [
                    16.953015327453613,
                    333.2362174987793
                ],
                [
                    32.11097717285156,
                    278.0606269836426
                ],
                [
                    20.194566249847412,
                    335.2506160736084
                ],
                [
                    62.62310743331909,
                    369.85692977905273
                ],
                [
                    69.44773197174072,
                    313.8470649719238
                ],
                [
                    18.398380279541016,
                    334.1343879699707
                ]
            ],
            "provenance": "nvisii",
            "quaternion_xyzw": [
                -0.1577862650156021,
                0.40465444326400757,
                0.8911119103431702,
                -0.13144537806510925
            ],
            "quaternion_xyzw_world": [
                -0.38784459233283997,
                -0.098612941801548,
                0.6347127556800842,
                0.6610536575317383
            ],
            "segmentation_id": 2,
            "visibility": 1
        },
        {
            "bounding_box_minx_maxx_miny_maxy": [
                41,
                252,
                24,
                213
            ],
            "class": "Cube",
            "local_cuboid": null,