{
    "camera_data": {
        "camera_look_at": {
            "at": [
                1.0,
                0.0,
                0.0
            ],
            "eye": [
                0.0,
                0.0,
                0.0
            ],
            "up": [
                0.0,
                0.0,
                1.0
            ]
        },
        "camera_view_matrix": [
            [
                0.0,
                0.0,
                -1.0,
                0.0
            ],
            [
                -1.0,
                0.0,
                0.0,
                0.0
            ],
            [
                0.0,
                1.0,
                0.0,
                0.0
            ],
            [
                0.0,
                0.0,
                0.0,
                1.0
            ]
        ],
        "height": 400,
        "intrinsics": {
            "cx": 200.0,
            "cy": 200.0,
            "fx": 482.84283447265625,
            "fy": 482.84283447265625
        },
        "location_world": [
            0.0,
            0.0,
            0.0
        ],
        "quaternion_world_xyzw": [
            0.5,
            -0.5,
            -0.5,
            0.5
        ],
        "width": 400
    },
    "objects": [
        {
            "bounding_box_minx_maxx_miny_maxy": [
                0,
                22,
                298,
                400
            ],
            "class": "Cube",
            "local_cuboid": null,
            "local_to_world_matrix": [
                [
                    -0.0011813163291662931,
                    0.004776751156896353,
                    0.0008872085018083453,
                    0.0
                ],
                [
                    0.0047706011682748795,
                    0.0013132949825376272,
                    -0.0007187624578364193,
                    0.0
                ],
                [
                    -0.0009197031613439322,
                    0.0006766863516531885,
                    -0.004867877811193466,
                    0.0
                ],
                [
                    0.8909525275230408,
                    0.5037295818328857,
                    -0.3075088858604431,
                    1.0
                ]
            ],
            "location": [
                -0.5037295818328857,
                -0.3075088858604431,
                -0.8909525275230408
            ],
            "location_world": [
                0.8909525275230408,
                0.5037295818328857,
                -0.3075088858604431
            ],
            "name": "hope_Cube_0",
            "projected_cuboid": [
                [
                    -168.6082363128662,
                    434.40256118774414
                ],
                [
                    -116.40708446502686,
                    398.5983371734619
                ],
                [
                    -88.9019250869751,
                    285.81106662750244
                ],
                [
                    -130.97054958343506,
                    289.3343448638916
                ],
                [
                    -15.85695743560791,
                    442.8415298461914
                ],
                [
                    1.556992530822754,
                    407.1269989013672
                ],
                [
                    23.098409175872803,
                    299.64396953582764
                ],
                [
                    11.979317665100098,
                    306.4439296722412
                ],
                [
                    -56.45477771759033,
                    355.5652379989624
                ]
            ],
            "provenance": "nvisii",
            "quaternion_xyzw": [
                -0.033397674560546875,
                0.637898325920105,
                -0.7554871439933777,
                -0.145634725689888
            ],
            "quaternion_xyzw_world": [
                0.6071765422821045,
                0.7862089276313782,
                -0.002675886731594801,
                -0.11491294950246811
            ],
            "segmentation_id": 1,
            "visibility": 1
        },
        {
            "bounding_box_minx_maxx_miny_maxy": [
                4,
                79,
                299,
                397
            ],
            "class": "Cube",
            "local_cuboid": null,
            "local_to_world_matrix": [
                [
                    -5.583166966971476e-06,
                    0.004339201375842094,
                    -0.0024842098355293274,
                    0.0
                ],
                [
                    -0.002038235543295741,
                    -0.0022704063449054956,
                    -0.003961167298257351,
                    0.0
                ],
                [
                    -0.004565693903714418,
                    0.0010082577355206013,
                    0.0017713981214910746,
                    0.0
                ],
                [
                    1.8846248388290405,
                    0.7173808217048645,
                    -0.46599212288856506,
                    1.0
                ]
            ],
            "location": [
                -0.7173808217048645,
                -0.46599212288856506,
                -1.8846248388290405
            ],
            "location_world": [
                1.8846248388290405,
                0.7173808217048645,
                -0.46599212288856506
            ],
            "name": "hope_Cube_1",
            "projected_cuboid": [
                [
                    -32.11989402770996,
                    331.95486068725586
                ],
                [
                    -13.445615768432617,
                    397.33293056488037
                ],
                [
                    25.077784061431885,
                    396.1294174194336
                ],
                [
                    6.572151184082031,
                    338.28022480010986
                ],
                [
                    27.081012725830078,
                    298.06225299835205
                ],
                [
                    49.367690086364746,
                    361.3595247268677
                ],
                [
                    80.32643795013428,
                    364.48521614074707
                ],
                [
                    59.00663137435913,
                    308.25746059417725
                ],
                [
                    26.04496479034424,
                    348.78177642822266
                ]
            ],
            "provenance": "nvisii",
            "quaternion_xyzw": [
                -0.05304330587387085,
                0.20153653621673584,
                0.9451471567153931,
                -0.2515278458595276
            ],
            "quaternion_xyzw_world": [
                -0.5240908861160278,
                -0.2195197343826294,
                0.6725841164588928,
                0.4740995764732361
            ],
            "segmentation_id": 2,
            "visibility": 1
        },
        {
            "bounding_box_minx_maxx_miny_maxy": [
                41,
                252,
                29,
                216
            ],
            "class": "Cube",
            "local_cuboid": null,