{
    "camera_data": {
        "camera_look_at": {
            "at": [
                1.0,
                0.0,
                0.0
            ],
            "eye": [
                0.0,
                0.0,
                0.0
            ],
            "up": [
                0.0,
                0.0,
                1.0
            ]
        },
        "camera_view_matrix": [
            [
                0.0,
                0.0,
                -1.0,
                0.0
            ],
            [
                -1.0,
                0.0,
                0.0,
                0.0
            ],
            [
                0.0,
                1.0,
                0.0,
                0.0
            ],
            [
                0.0,
                0.0,
                0.0,
                1.0
            ]
        ],
        "height": 400,
        "intrinsics": {
            "cx": 200.0,
            "cy": 200.0,
            "fx": 482.84283447265625,
            "fy": 482.84283447265625
        },
        "location_world": [
            0.0,
            0.0,
            0.0
        ],
        "quaternion_world_xyzw": [
            0.5,
            -0.5,
            -0.5,
            0.5
        ],
        "width": 400
    },
    "objects": [
        {
            "bounding_box_minx_maxx_miny_maxy": [
                0,
                130,
                238,
                374
            ],
            "class": "Cube",
            "local_cuboid": null,
            "local_to_world_matrix": [
                [
                    -0.00498535018414259,
                    0.0002449513121973723,
                    0.00029373305733315647,
                    0.0
                ],
                [
                    0.0003617341862991452,
                    0.004266906064003706,
                    0.00258121220394969,
                    0.0
                ],
                [
                    -0.0001242120488313958,
                    0.002594900317490101,
                    -0.004272126592695713,
                    0.0
                ],
                [
                    1.3585846424102783,
                    0.2845316529273987,
                    -0.34441977739334106,
                    1.0
                ]
            ],
            "location": [
                -0.2845316529273987,
                -0.34441977739334106,
                -1.3585846424102783
            ],
            "location_world": [
                1.3585846424102783,
                0.2845316529273987,
                -0.34441977739334106
            ],
            "name": "hope_Cube_0",
            "projected_cuboid": [
                [
                    60.53154468536377,
                    374.12753105163574
                ],
                [
                    -19.928979873657227,
                    321.7104434967041
                ],
                [
                    31.071066856384277,
                    238.93566131591797
                ],
                [
                    111.87330484390259,
                    289.8793697357178
                ],
                [
                    88.01497220993042,
                    349.5935916900635
                ],
                [
                    20.60953378677368,
                    306.19373321533203
                ],
                [
                    62.99198865890503,
                    237.19806671142578
                ],
                [
                    130.63151836395264,
                    279.5769691467285
                ],
                [
                    61.88480854034424,
                    298.81534576416016
                ]
            ],
            "provenance": "nvisii",
            "quaternion_xyzw": [
                -0.32012689113616943,
                0.6205623149871826,
                -0.3733597993850708,
                -0.6107566356658936
            ],
            "quaternion_xyzw_world": [
                0.03151931241154671,
                0.9624028205871582,
                0.26891613006591797,
                -0.021713627502322197
            ],
            "segmentation_id": 1,
            "visibility": 1
        },
        {
            "bounding_box_minx_maxx_miny_maxy": [
                0,
                44,
                281,
                380
            ],
            "class": "Cube",
            "local_cuboid": null,
            "local_to_world_matrix": [
                [
                    0.001339190872386098,
                    0.004326365888118744,
                    -0.0021187560632824898,
                    0.0
                ],
                [
                    -0.00428615789860487,
                    6.6273809352424e-05,
                    -0.0025738023687154055,
                    0.0
                ],
                [
                    -0.0021989585366100073,
                    0.002505627227947116,
                    0.0037264476995915174,
                    0.0
                ],
                [
                    1.895412802696228,
                    0.6530618667602539,
                    -0.3846358060836792,
                    1.0
                ]
            ],
            "location": [
                -0.6530618667602539,
                -0.3846358060836792,
                -1.895412802696228
            ],
            "location_world": [
                1.895412802696228,
                0.6530618667602539,
                -0.3846358060836792
            ],
            "name": "hope_Cube_1",
            "projected_cuboid": [
                [
                    -12.280106544494629,
                    288.750958442688
                ],
                [
                    -40.656232833862305,
                    337.65223026275635
                ],
                [
                    8.48076343536377,
                    379.93950843811035
                ],
                [
                    29.976224899291992,
                    329.18031215667725
                ],
                [
                    37.65655755996704,
                    263.73181343078613
                ],
                [
                    14.806938171386719,
                    311.3224506378174
                ],
                [
                    62.29478120803833,
                    356.97309970855713
                ],
                [
                    78.52473258972168,
                    307.00840950012207
                ],
                [
                    23.221182823181152,
                    321.22809886932373
                ]
            ],
            "provenance": "nvisii",
            "quaternion_xyzw": [
                -0.22896264493465424,
                0.4771585464477539,
                0.8396168351173401,
                -0.12222731113433838
            ],
            "quaternion_xyzw_world": [
                -0.35682412981987,
                -0.005634145345538855,
                0.6050199866294861,
                0.7117553353309631
            ],
            "segmentation_id": 2,
            "visibility": 1
        },
        {
            "bounding_box_minx_maxx_miny_maxy": [
                45,
                246,
                29,
                231
            ],
            "class": "Cube",
            "local_cuboid": null,