{
    "camera_data": {
        "camera_look_at": {
            "at": [
                1.0,
                0.0,
                0.0
            ],
            "eye": [
                0.0,
                0.0,
                0.0
            ],
            "up": [
                0.0,
                0.0,
                1.0
            ]
        },
        "camera_view_matrix": [
            [
                0.0,
                0.0,
                -1.0,
                0.0
            ],
            [
                -1.0,
                0.0,
                0.0,
                0.0
            ],
            [
                0.0,
                1.0,
                0.0,
                0.0
            ],
            [
                0.0,
                0.0,
                0.0,
                1.0
            ]
        ],
        "height": 400,
        "intrinsics": {
            "cx": 200.0,
            "cy": 200.0,
            "fx": 482.84283447265625,
            "fy": 482.84283447265625
        },
        "location_world": [
            0.0,
            0.0,
            0.0
        ],
        "quaternion_world_xyzw": [
            0.5,
            -0.5,
            -0.5,
            0.5
        ],
        "width": 400
    },
    "objects": [
        {
            "bounding_box_minx_maxx_miny_maxy": [
                173,
                282,
                297,
                400
            ],
            "class": "Cube",
            "local_cuboid": null,
            "local_to_world_matrix": [
                [
                    0.0011676546419039369,
                    -0.0029019787907600403,
                    -0.003900654846802354,
                    0.0
                ],
                [
                    -0.003888315288349986,
                    0.0018507125787436962,
                    -0.002540840767323971,
                    0.0
                ],
                [
                    0.0029184913728386164,
                    0.0036267598625272512,
                    -0.0018245631363242865,
                    0.0
                ],
                [
                    1.8968312740325928,
                    -0.1570635288953781,
                    -0.49909064173698425,
                    1.0
                ]
            ],
            "location": [
                0.1570635288953781,
                -0.49909064173698425,
                -1.8968312740325928
            ],
            "location_world": [
                1.8968312740325928,
                -0.1570635288953781,
                -0.49909064173698425
            ],
            "name": "hope_Cube_0",
            "projected_cuboid": [
                [
                    233.5610866546631,
                    355.1246404647827
                ],
                [
                    212.41729259490967,
                    405.82923889160156
                ],
                [
                    266.2984848022461,
                    397.3806619644165
                ],
                [
                    283.4542989730835,
                    343.5695171356201
                ],
                [
                    198.46858978271484,
                    311.26530170440674
                ],
                [
                    172.7108120918274,
                    358.7820053100586
                ],
                [
                    224.93698596954346,
                    345.7350015640259
                ],
                [
                    247.13151454925537,
                    295.7680940628052
                ],
                [
                    229.7267198562622,
                    350.94988346099854
                ]
            ],
            "provenance": "nvisii",
            "quaternion_xyzw": [
                -0.8173527717590332,
                0.35182899236679077,
                0.2932892143726349,
                -0.34947440028190613
            ],
            "quaternion_xyzw_world": [
                -0.5541437268257141,
                0.6126834750175476,
                0.0886199101805687,
                0.5564982891082764
            ],
            "segmentation_id": 1,
            "visibility": 1
        },
        {
            "bounding_box_minx_maxx_miny_maxy": [
                0,
                96,
                242,
                341
            ],
            "class": "Cube",
            "local_cuboid": null,
            "local_to_world_matrix": [
                [
                    -0.003102342365309596,
                    0.00030790193704888225,
                    0.003909051883965731,
                    0.0
                ],
                [
                    0.00021847299649380147,
                    0.004990391433238983,
                    -0.0002196884888689965,
                    0.0
                ],
                [
                    -0.003915068227797747,
                    3.449472569627687e-05,
                    -0.0031098341569304466,
                    0.0
                ],
                [
                    1.6366318464279175,
                    0.37282803654670715,
                    -0.28839948773384094,
                    1.0
                ]
            ],
            "location": [
                -0.37282803654670715,
                -0.28839948773384094,
                -1.6366318464279175
            ],
            "location_world": [
                1.6366318464279175,
                0.37282803654670715,
                -0.28839948773384094
            ],
            "name": "hope_Cube_1",
            "projected_cuboid": [
                [
                    73.9728569984436,
                    288.6972904205322
                ],
                [
                    -6.932258605957031,
                    291.6419267654419
                ],
                [
                    17.85407066345215,
                    235.8719825744629
                ],
                [
                    89.36440944671631,
                    232.9075813293457
                ],
                [
                    90.66662788391113,
                    338.5727882385254
                ],
                [
                    17.361748218536377,
                    340.90192317962646
                ],
                [
                    37.43033409118652,
                    284.58781242370605
                ],
                [
                    102.93722152709961,
                    282.17084407806396
                ],
                [
                    53.68880033493042,
                    286.4161968231201
                ]
            ],
            "provenance": "nvisii",
            "quaternion_xyzw": [
                -0.2232397049665451,
                0.24219270050525665,
                -0.6871193647384644,
                -0.6475908756256104
            ],
            "quaternion_xyzw_world": [
                0.02924073487520218,
                0.9000713229179382,
                -0.010287727229297161,
                -0.4346389174461365
            ],
            "segmentation_id": 2,
            "visibility": 1
        },
        {
            "bounding_box_minx_maxx_miny_maxy": [
                0,
                181,
                127,
                320
            ],
            "class": "Cube",
            "local_cuboid": null,