{"camera_data": {}, "objects": [{"class": "Cube", "location": [-19.278874948555337, 12.616171039555809, 73.58695133058397], "quaternion_xyzw": [-0.28192366519398415, -0.09087995404185498, 0.8672911487961082, 0.40008242172940706], "projected_cuboid": [[146.9991449838903, 378.439182599766], [173.15478549078898, 343.94400206476803], [142.2170909066779, 318.4785174381605], [114.50659385548994, 353.1514375325286], [162.23597022934, 383.3772526564394], [189.42682664833683, 346.80809028118176], [157.14341589442293, 319.95315810614665], [128.23668939212834, 356.72615942478296], [151.9349007415918, 349.9824571548917]]}, {"class": "Green", "location": [-5.79086329112276, -4.048207111910302, 46.63158560445329], "quaternion_xyzw": [0.4287276887446001, -0.598558296785446, -0.5014651692596531, 0.4543712339842899], "projected_cuboid": [[194.82884396175845, 149.10180657590368], [209.31896724869614, 219.09671754109235], [216.792217003239, 229.76660394816332], [203.67380720385916, 166.69239290194503], [265.9681541634299, 134.82250668785701], [281.2394235949366, 203.96471265917828], [281.38845038554547, 216.07054581193557], [267.6393361730322, 153.68874544239054], [240.3364253412716, 184.30974566641257]]}, {"class": "Green", "location": [1.7880953140272235, 8.785742915635224, 50.01327784349715], "quaternion_xyzw": [-0.24366853769941507, 0.8070578432181238, -0.310830355350009, 0.4389393712445097], "projected_cuboid": [[358.98354769772044, 300.8370746305258], [387.4077787233454, 338.56794128266347], [384.4197107416861, 391.2727883490014], [353.5919736459106, 353.79929302444526], [303.788484854504, 316.2837815215199], [333.9423329861747, 351.75604387763906], [327.3030092110375, 403.20040853910825], [294.5098135062657, 368.06965000933513], [342.9351722864053, 352.69115569702274]]}, {"class": "Green", "location": [-14.052682284786767, 9.679932960456647, 49.7209218732243], "quaternion_xyzw": [-0.0037854132577224064, -0.6679974159646757, -0.3624349805862108, 0.6499276942541052], "projected_cuboid": [[96.03254833475836, 339.36044371833873], [85.78337698733884, 380.71313081226094], [128.39896993682092, 422.082478908006], [134.70998627786673, 379.2105954782985], [148.69518842518744, 309.31038672774054], [143.30420000362884, 348.3052157071482], [183.54869250380716, 391.73564822039873], [185.37730668367203, 350.9292818872268], [138.69210493167952, 364.8906247146027]]}]}