{"camera_data": {}, "objects": [{"class": "Cube", "location": [4.2057458997645245, -1.9681567751370772, 37.864304621733126], "quaternion_xyzw": [0.0589107431481602, 0.6487038762325709, 0.7527591005320445, 0.09521839039153976], "projected_cuboid": [[364.33475618688664, 264.18567798786495], [451.32082339236604, 244.4097426419525], [430.1617841834852, 232.85130636144444], [353.66081668221375, 250.17329527451267], [345.80702043681356, 176.05652064351165], [434.7612167446881, 156.2914610972794], [415.24473988722923, 155.38393275619705], [337.22577250248014, 172.69633682723946], [391.2540748246138, 206.6553345198435]]}, {"class": "Green", "location": [-0.2766690744640885, 3.9059627509323294, 43.40379790791481], "quaternion_xyzw": [0.8191729863931988, -0.37366931600222625, -0.38316927152202696, 0.2061750954973857], "projected_cuboid": [[319.5403023434713, 296.45020015224037], [286.5354865930587, 352.79158098749315], [256.2089375165657, 299.1738543304143], [285.0736066639542, 243.98901820711626], [378.9822818303494, 296.2034186417303], [345.1195750013199, 348.631629623393], [312.9354851337716, 298.778083492351], [342.78567063921946, 247.3544349659766], [315.9108829221521, 297.7293975527006]]}, {"class": "Green", "location": [4.015420284697095, 5.720978887191423, 27.683526312788974], "quaternion_xyzw": [-0.3004136480320461, -0.8342361568294528, -0.11821643078243091, 0.4470196306736038], "projected_cuboid": [[314.62566133862106, 372.82619311807525], [368.94253244924806, 343.05041473936274], [450.67352076549264, 450.22681797748396], [383.79484958804426, 464.81131211260924], [384.1912834836861, 313.01226311321636], [443.23007042059464, 277.3987446666658], [517.2487773226751, 372.298978362892], [447.7711868594687, 395.8104543582216], [413.0478322569477, 372.5701037745998]]}]}