{"camera_data": {}, "objects": [{"class": "Green", "location": [7.106471264850785, -28.440293902161155, 85.78838473535644], "quaternion_xyzw": [-0.8492931217133092, -0.4753996552851916, -0.2211333198317403, 0.06161506329929855], "projected_cuboid": [[372.74755723328667, 54.853806718216305], [356.57440677550426, 19.518766928528805], [388.70498925167146, -0.02564839719570955], [403.9559621614071, 35.5894185972559], [358.6466280670624, 52.80629255692318], [342.95493063779054, 19.243494393519654], [373.5198570304142, 0.7032626384203695], [388.37640575239215, 34.5181499817499], [373.1400763689042, 27.331949488061696]]}, {"class": "Green", "location": [-5.741706541438889, -3.0008492543084273, 54.88126057147564], "quaternion_xyzw": [-0.9151001729315392, 0.19312127325504072, 0.30730196600575954, 0.17567398500066514], "projected_cuboid": [[270.8030579520123, 235.61777017319397], [230.73423219637337, 250.16092179568804], [201.69135624963633, 199.1225970561993], [240.76086157277993, 181.13143248853555], [302.6005633287954, 210.5566283237617], [263.38040299334523, 225.51590043636477], [236.7921080032728, 177.35270065540416], [275.20718195849463, 159.33973925860357], [252.88593031612265, 204.92345881648004]]}, {"class": "Green", "location": [2.298995190817269, 6.20638435427653, 40.06813140143556], "quaternion_xyzw": [-0.7205313052166525, -0.5456933951332578, -0.38831244635560813, 0.17962962093164994], "projected_cuboid": [[338.4662041995628, 406.6349159161407], [331.27562306413915, 366.6902522608901], [411.27391101989286, 334.4062453977008], [410.9083763683907, 376.5338489764983], [310.07331438920096, 343.6209752754986], [300.735874151633, 300.8435766919948], [375.05005525512695, 272.4580853194192], [377.8245404546152, 316.87276445419275], [356.8074418078912, 339.3656410721901]]}, {"class": "Green", "location": [-16.78135330854218, 12.492589854028251, 59.07688833681203], "quaternion_xyzw": [0.13189287181224482, -0.2113671141289408, -0.6347166315430007, 0.7314800141306862], "projected_cuboid": [[108.95930755520371, 344.1957530947268], [100.82423609087752, 398.26436841078475], [154.07519567425473, 400.6249937775859], [161.3099725934053, 348.51622348175476], [119.73959701150238, 348.0214456122634], [111.0992318941559, 406.41465040674757], [167.98198127293287, 408.6286269336142], [175.59048504624764, 352.51482773567454], [137.77580961856847, 375.65366452053695]]}]}