{"camera_data": {}, "objects": [{"class": "Cube", "location": [-1.0720998790196177, -3.335856509850468, 9.259405426472913], "quaternion_xyzw": [-0.05003380524590276, 0.3417654768638039, 0.9308456187639607, 0.11924517258409617], "projected_cuboid": [[118.6282541543232, 281.9255085299637], [444.97341970800665, 218.2742699667744], [352.8879143982783, 43.56992621210932], [102.90913593308602, 78.6332078428259], [-17.468875713103728, -76.2873090643609], [527.3096816918234, -128.62504647609194], [370.2651659996302, -258.66011028182754], [9.854469889656514, -238.97948821446312], [245.7239487078964, 8.888837619002004]]}, {"class": "Green", "location": [-3.1023357055738394, 0.5539813826144249, 48.14673155627741], "quaternion_xyzw": [-0.8861640885251311, 0.20290528103608202, 0.3983985230868198, 0.12174264634191603], "projected_cuboid": [[289.87522114586216, 283.87076760687347], [252.55638821360952, 297.81028414815086], [221.83524891099972, 239.123798390701], [256.77255702482745, 220.11673284289404], [335.78150919341533, 255.6802206098296], [297.4669745673129, 270.7969440971937], [268.92772495056045, 215.68645408513464], [305.2017674015088, 196.12480206686456], [278.66493340675913, 247.38116680945956]]}]}