{
    "camera_data": {
        "camera_look_at": {
            "at": [
                1.0,
                0.0,
                0.0
            ],
            "eye": [
                0.0,
                0.0,
                0.0
            ],
            "up": [
                0.0,
                0.0,
                1.0
            ]
        },
        "camera_view_matrix": [
            [
                0.0,
                0.0,
                -1.0,
                0.0
            ],
            [
                -1.0,
                0.0,
                0.0,
                0.0
            ],
            [
                0.0,
                1.0,
                0.0,
                0.0
            ],
            [
                0.0,
                0.0,
                0.0,
                1.0
            ]
        ],
        "height": 500,
        "intrinsics": {
            "cx": 250.0,
            "cy": 250.0,
            "fx": 603.5535278320312,
            "fy": 603.5535278320312
        },
        "location_world": [
            0.0,
            0.0,
            0.0
        ],
        "quaternion_world_xyzw": [
            0.5,
            -0.5,
            -0.5,
            0.5
        ],
        "width": 500
    },
    "objects": [
        {
            "bounding_box_minx_maxx_miny_maxy": [
                -1,
                -1,
                -1,
                -1
            ],
            "class": "Cube",
            "local_cuboid": null,
            "local_to_world_matrix": [
                [
                    -0.0002954681112896651,
                    -0.0004263524024281651,
                    -0.0008549399790354073,
                    0.0
                ],
                [
                    0.0008098117541521788,
                    -0.0005865538259968162,
                    1.263842023035977e-05,
                    0.0
                ],
                [
                    -0.0005068567115813494,
                    -0.0006886061746627092,
                    0.0005185730988159776,
                    0.0
                ],
                [
                    0.92104572057724,
                    0.25897443294525146,
                    -0.43496084213256836,
                    1.0
                ]
            ],
            "location": [
                -0.25897443294525146,
                -0.43496084213256836,
                -0.92104572057724
            ],
            "location_world": [
                0.92104572057724,
                0.25897443294525146,
                -0.43496084213256836
            ],
            "name": "hope_Cube_0",
            "projected_cuboid": [
                [
                    95.1903909444809,
                    547.0046997070312
                ],
                [
                    120.64947187900543,
                    533.8261127471924
                ],
                [
                    102.54645347595215,
                    542.5726771354675
                ],
                [
                    76.99258625507355,
                    555.7730197906494
                ],
                [
                    83.6380124092102,
                    514.0398144721985
                ],
                [
                    109.19290781021118,
                    502.4608373641968
                ],
                [
                    91.6581004858017,
                    511.88552379608154
                ],
                [
                    66.03693962097168,
                    523.5581994056702
                ],
                [
                    93.34863722324371,
                    528.6932587623596
                ]
            ],
            "provenance": "nvisii",
            "quaternion_xyzw": [
                0.47614526748657227,
                -0.140916109085083,
                0.5166879892349243,
                -0.6974681615829468
            ],
            "quaternion_xyzw_world": [
                -0.4394634962081909,
                -0.2181406021118164,
                0.7746926546096802,
                -0.39892080426216125
            ],
            "segmentation_id": 1,
            "visibility": 0
        }
    ]
}