{
    "camera_data": {
        "camera_look_at": {
            "at": [
                1.0,
                0.0,
                0.0
            ],
            "eye": [
                0.0,
                0.0,
                0.0
            ],
            "up": [
                0.0,
                0.0,
                1.0
            ]
        },
        "camera_view_matrix": [
            [
                0.0,
                0.0,
                -1.0,
                0.0
            ],
            [
                -1.0,
                0.0,
                0.0,
                0.0
            ],
            [
                0.0,
                1.0,
                0.0,
                0.0
            ],
            [
                0.0,
                0.0,
                0.0,
                1.0
            ]
        ],
        "height": 500,
        "intrinsics": {
            "cx": 250.0,
            "cy": 250.0,
            "fx": 603.5535278320312,
            "fy": 603.5535278320312
        },
        "location_world": [
            0.0,
            0.0,
            0.0
        ],
        "quaternion_world_xyzw": [
            0.5,
            -0.5,
            -0.5,
            0.5
        ],
        "width": 500
    },
    "objects": [
        {
            "bounding_box_minx_maxx_miny_maxy": [
                136,
                413,
                307,
                500
            ],
            "class": "Cube",
            "local_cuboid": null,
            "local_to_world_matrix": [
                [
                    -0.001181441475637257,
                    0.006870451383292675,
                    0.000633321818895638,
                    0.0
                ],
                [
                    0.004253624472767115,
                    0.00021938503778073937,
                    0.005555047187954187,
                    0.0
                ],
                [
                    0.0054323915392160416,
                    0.0013224107678979635,
                    -0.004211929626762867,
                    0.0
                ],
                [
                    0.8384495973587036,
                    -0.011346611194312572,
                    -0.4806976914405823,
                    1.0
                ]
            ],
            "location": [
                0.011346611194312572,
                -0.4806976914405823,
                -0.8384495973587036
            ],
            "location_world": [
                0.8384495973587036,
                -0.011346611194312572,
                -0.4806976914405823
            ],
            "name": "hope_Cube_0",
            "projected_cuboid": [
                [
                    126.3950765132904,
                    614.2587661743164
                ],
                [
                    143.38819682598114,
                    402.4837613105774
                ],
                [
                    155.74946999549866,
                    305.74625730514526
                ],
                [
                    135.80483198165894,
                    572.4133253097534
                ],
                [
                    340.21931886672974,
                    611.8625402450562
                ],
                [
                    319.00355219841003,
                    410.79026460647583
                ],
                [
                    381.076455116272,
                    322.48860597610474
                ],
                [
                    428.1935691833496,
                    572.5042223930359
                ],
                [
                    253.74478101730347,
                    468.36334466934204
                ]
            ],
            "provenance": "nvisii",
            "quaternion_xyzw": [
                0.015689998865127563,
                0.9422217607498169,
                -0.3208811581134796,
                -0.09490683674812317
            ],
            "quaternion_xyzw_world": [
                0.5919430255889893,
                0.6711598634719849,
                0.3659687042236328,
                0.2553718686103821
            ],
            "segmentation_id": 1,
            "visibility": 1
        },
        {
            "bounding_box_minx_maxx_miny_maxy": [
                0,
                130,
                110,
                353
            ],
            "class": "Cube",
            "local_cuboid": null,
            "local_to_world_matrix": [
                [
                    0.003302420023828745,
                    -0.002291185548529029,
                    -0.005731011740863323,
                    0.0
                ],
                [
                    0.0005740610067732632,
                    -0.006357613950967789,
                    0.002872488694265485,
                    0.0
                ],
                [
                    -0.0061452812515199184,
                    -0.0018251590663567185,
                    -0.0028114612214267254,
                    0.0
                ],
                [
                    1.3245797157287598,
                    0.6738820672035217,
                    -0.023833435028791428,
                    1.0
                ]
            ],
            "location": [
                -0.6738820672035217,
                -0.023833435028791428,
                -1.3245797157287598
            ],
            "location_world": [
                1.3245797157287598,
                0.6738820672035217,
                -0.023833435028791428
            ],
            "name": "hope_Cube_1",
            "projected_cuboid": [
                [
                    -24.918854236602783,
                    364.3038272857666
                ],
                [
                    130.86597621440887,
                    294.13914680480957
                ],
                [
                    119.24360692501068,
                    232.2283536195755
                ],
                [
                    -6.086111068725586,
                    287.4413728713989
                ],
                [
                    -130.15490770339966,
                    222.74145483970642
                ],
                [
                    51.36105418205261,
                    145.84290981292725
                ],
                [
                    55.54227530956268,
                    108.74564945697784
                ],
                [
                    -85.92548966407776,
                    167.95140504837036
                ],
                [
                    17.878443002700806,
                    228.3724993467331
                ]
            ],
            "provenance": "nvisii",
            "quaternion_xyzw": [
                0.09881728887557983,
                0.22646522521972656,
                -0.5339076519012451,
                0.8086354732513428
            ],
            "quaternion_xyzw_world": [
                0.8339127898216248,
                -0.07353991270065308,
                -0.5086302757263184,
                0.2011878490447998
            ],
            "segmentation_id": 2,
            "visibility": 1
        }
    ]
}