{
    "camera_data": {
        "camera_look_at": {
            "at": [
                1.0,
                0.0,
                0.0
            ],
            "eye": [
                0.0,
                0.0,
                0.0
            ],
            "up": [
                0.0,
                0.0,
                1.0
            ]
        },
        "camera_view_matrix": [
            [
                0.0,
                0.0,
                -1.0,
                0.0
            ],
            [
                -1.0,
                0.0,
                0.0,
                0.0
            ],
            [
                0.0,
                1.0,
                0.0,
                0.0
            ],
            [
                0.0,
                0.0,
                0.0,
                1.0
            ]
        ],
        "height": 500,
        "intrinsics": {
            "cx": 250.0,
            "cy": 250.0,
            "fx": 603.5535278320312,
            "fy": 603.5535278320312
        },
        "location_world": [
            0.0,
            0.0,
            0.0
        ],
        "quaternion_world_xyzw": [
            0.5,
            -0.5,
            -0.5,
            0.5
        ],
        "width": 500
    },
    "objects": [
        {
            "bounding_box_minx_maxx_miny_maxy": [
                0,
                373,
                1,
                366
            ],
            "class": "Cube",
            "local_cuboid": null,
            "local_to_world_matrix": [
                [
                    -0.007109378464519978,
                    -0.004445485305041075,
                    0.005449265241622925,
                    0.0
                ],
                [
                    -0.001765482360497117,
                    -0.0063722822815179825,
                    -0.007501810789108276,
                    0.0
                ],
                [
                    0.006807341240346432,
                    -0.0062953755259513855,
                    0.003745447378605604,
                    0.0
                ],
                [
                    0.9600956439971924,
                    0.4097924828529358,
                    0.43624839186668396,
                    1.0
                ]
            ],
            "location": [
                -0.4097924828529358,
                0.43624839186668396,
                -0.9600956439971924
            ],
            "location_world": [
                0.9600956439971924,
                0.4097924828529358,
                0.43624839186668396
            ],
            "name": "hope_Cube_50mm_0",
            "projected_cuboid": [
                [
                    160.4875922203064,
                    -172.06606268882751
                ],
                [
                    373.84554743766785,
                    46.76550626754761
                ],
                [
                    91.68128669261932,
                    130.47292828559875
                ],
                [
                    -199.6152102947235,
                    -222.0979928970337
                ],
                [
                    82.2501927614212,
                    68.3576762676239
                ],
                [
                    227.76708006858826,
                    240.81487953662872
                ],
                [
                    3.1214654445648193,
                    365.7933473587036
                ],
                [
                    -173.08712005615234,
                    121.27354741096497
                ],
                [
                    84.94739234447479,
                    86.1218273639679
                ]
            ],
            "provenance": "nvisii",
            "quaternion_xyzw": [
                0.8478596210479736,
                0.34857022762298584,
                0.39525264501571655,
                -0.058381348848342896
            ],
            "quaternion_xyzw_world": [
                0.3713979423046112,
                -0.4180803894996643,
                0.8250319361686707,
                -0.08120907098054886
            ],
            "segmentation_id": 1,
            "visibility": 1
        },
        {
            "bounding_box_minx_maxx_miny_maxy": [
                290,
                499,
                1,
                314
            ],
            "class": "Cube",
            "local_cuboid": null,
            "local_to_world_matrix": [
                [
                    -0.0028205548878759146,
                    0.008977440185844898,
                    0.003383791074156761,
                    0.0
                ],
                [
                    0.007521065883338451,
                    0.004258744418621063,
                    -0.005029578227549791,
                    0.0
                ],
                [
                    -0.005956343375146389,
                    0.0011263515334576368,
                    -0.007953193970024586,
                    0.0
                ],
                [
                    1.4034675359725952,
                    -0.569201648235321,
                    0.35301199555397034,
                    1.0
                ]
            ],
            "location": [
                0.569201648235321,
                0.35301199555397034,
                -1.4034675359725952
            ],
            "location_world": [
                1.4034675359725952,
                -0.569201648235321,
                0.35301199555397034
            ],
            "name": "hope_Cube_50mm_1",
            "projected_cuboid": [
                [
                    411.3866984844208,
                    128.286212682724
                ],
                [
                    290.10653495788574,
                    254.9140453338623
                ],
                [
                    301.9726574420929,
                    124.94447827339172
                ],
                [
                    401.8898606300354,
                    -9.216785430908203
                ],
                [
                    598.665714263916,
                    218.3038741350174
                ],
                [
                    446.0397958755493,
                    314.5344853401184
                ],
                [
                    433.8366985321045,
                    184.8517805337906
                ],
                [
                    555.626392364502,
                    76.23063027858734
                ],
                [
                    425.48543214797974,
                    163.80983591079712
                ]
            ],
            "provenance": "nvisii",
            "quaternion_xyzw": [
                -0.0489373505115509,
                0.4469764828681946,
                -0.8654964566230774,
                -0.22075584530830383
            ],
            "quaternion_xyzw_world": [
                0.5213898420333862,
                0.791083037853241,
                -0.12335072457790375,
                -0.29516923427581787
            ],
            "segmentation_id": 2,
            "visibility": 1
        }
    ]
}