{
    "camera_data": {
        "camera_look_at": {
            "at": [
                1.0,
                0.0,
                0.0
            ],
            "eye": [
                0.0,
                0.0,
                0.0
            ],
            "up": [
                0.0,
                0.0,
                1.0
            ]
        },
        "camera_view_matrix": [
            [
                0.0,
                0.0,
                -1.0,
                0.0
            ],
            [
                -1.0,
                0.0,
                0.0,
                0.0
            ],
            [
                0.0,
                1.0,
                0.0,
                0.0
            ],
            [
                0.0,
                0.0,
                0.0,
                1.0
            ]
        ],
        "height": 500,
        "intrinsics": {
            "cx": 250.0,
            "cy": 250.0,
            "fx": 603.5535278320312,
            "fy": 603.5535278320312
        },
        "location_world": [
            0.0,
            0.0,
            0.0
        ],
        "quaternion_world_xyzw": [
            0.5,
            -0.5,
            -0.5,
            0.5
        ],
        "width": 500
    },
    "objects": [
        {
            "bounding_box_minx_maxx_miny_maxy": [
                309,
                499,
                219,
                500
            ],
            "class": "Cube",
            "local_cuboid": null,
            "local_to_world_matrix": [
                [
                    0.0001414161961292848,
                    0.009890720248222351,
                    0.0014675402780994773,
                    0.0
                ],
                [
                    0.009594857692718506,
                    -0.0005472862394526601,
                    0.0027639123145490885,
                    0.0
                ],
                [
                    0.0028140239883214235,
                    0.0013689970364794135,
                    -0.009497745893895626,
                    0.0
                ],
                [
                    1.0473653078079224,
                    -0.4101051092147827,
                    -0.3337779939174652,
                    1.0
                ]
            ],
            "location": [
                0.4101051092147827,
                -0.3337779939174652,
                -1.0473653078079224
            ],
            "location_world": [
                1.0473653078079224,
                -0.4101051092147827,
                -0.3337779939174652
            ],
            "name": "hope_Cube_0",
            "projected_cuboid": [
                [
                    319.2301094532013,
                    537.7315282821655
                ],
                [
                    308.8010549545288,
                    399.41394329071045
                ],
                [
                    342.75758266448975,
                    217.5346463918686
                ],
                [
                    371.2967038154602,
                    286.7136001586914
                ],
                [
                    587.5604152679443,
                    579.3060064315796
                ],
                [
                    496.3223934173584,
                    427.86163091659546
                ],
                [
                    548.6000776290894,
                    247.8516697883606
                ],
                [
                    678.7883043289185,
                    332.4736952781677
                ],
                [
                    448.7033486366272,
                    374.10199642181396
                ]
            ],
            "provenance": "nvisii",
            "quaternion_xyzw": [
                0.06312540173530579,
                0.7979451417922974,
                -0.5981802940368652,
                -0.038460634648799896
            ],
            "quaternion_xyzw_world": [
                0.710395097732544,
                0.6857303380966187,
                0.1506754606962204,
                0.04908941313624382
            ],
            "segmentation_id": 1,
            "visibility": 1
        }
    ]
}