{
    "camera_data": {
        "camera_look_at": {
            "at": [
                1.0,
                0.0,
                0.0
            ],
            "eye": [
                0.0,
                0.0,
                0.0
            ],
            "up": [
                0.0,
                0.0,
                1.0
            ]
        },
        "camera_view_matrix": [
            [
                0.0,
                0.0,
                -1.0,
                0.0
            ],
            [
                -1.0,
                0.0,
                0.0,
                0.0
            ],
            [
                0.0,
                1.0,
                0.0,
                0.0
            ],
            [
                0.0,
                0.0,
                0.0,
                1.0
            ]
        ],
        "height": 500,
        "intrinsics": {
            "cx": 250.0,
            "cy": 250.0,
            "fx": 603.5535278320312,
            "fy": 603.5535278320312
        },
        "location_world": [
            0.0,
            0.0,
            0.0
        ],
        "quaternion_world_xyzw": [
            0.5,
            -0.5,
            -0.5,
            0.5
        ],
        "width": 500
    },
    "objects": [
        {
            "bounding_box_minx_maxx_miny_maxy": [
                245,
                378,
                388,
                500
            ],
            "class": "Cube",
            "local_cuboid": null,
            "local_to_world_matrix": [
                [
                    0.003599637420848012,
                    -0.003395834006369114,
                    -0.0007147888536565006,
                    0.0
                ],
                [
                    0.0034229557495564222,
                    0.0036438917741179466,
                    -7.365958299487829e-05,
                    0.0
                ],
                [
                    0.0005709498072974384,
                    -0.0004363085317891091,
                    0.004948095418512821,
                    0.0
                ],
                [
                    1.5811388492584229,
                    -0.26364487409591675,
                    -0.5229806900024414,
                    1.0
                ]
            ],
            "location": [
                0.26364487409591675,
                -0.5229806900024414,
                -1.5811388492584229
            ],
            "location_world": [
                1.5811388492584229,
                -0.26364487409591675,
                -0.5229806900024414
            ],
            "name": "hope_Cube_0",
            "projected_cuboid": [
                [
                    378.7207007408142,
                    399.3833065032959
                ],
                [
                    307.62410163879395,
                    386.8095874786377
                ],
                [
                    301.3211786746979,
                    470.6319570541382
                ],
                [
                    372.991681098938,
                    492.0808672904968
                ],
                [
                    326.03710889816284,
                    402.9143154621124
                ],
                [
                    252.6862621307373,
                    388.63033056259155
                ],
                [
                    244.74336206912994,
                    481.6385507583618
                ],
                [
                    318.5915946960449,
                    506.976842880249
                ],
                [
                    312.4833106994629,
                    440.0497078895569
                ]
            ],
            "provenance": "nvisii",
            "quaternion_xyzw": [
                -0.6723259687423706,
                0.32414937019348145,
                0.23525261878967285,
                0.6225441694259644
            ],
            "quaternion_xyzw_world": [
                0.01955748349428177,
                0.06933926045894623,
                -0.36773404479026794,
                0.9271360635757446
            ],
            "segmentation_id": 1,
            "visibility": 1
        },
        {
            "bounding_box_minx_maxx_miny_maxy": [
                304,
                499,
                393,
                500
            ],
            "class": "Cube",
            "local_cuboid": null,
            "local_to_world_matrix": [
                [
                    0.004201455973088741,
                    0.0007745737675577402,
                    0.002597653307020664,
                    0.0
                ],
                [
                    -0.0024108055513352156,
                    0.0032583384308964014,
                    0.002927668858319521,
                    0.0
                ],
                [
                    -0.0012392677599564195,
                    -0.003712581703439355,
                    0.0031114225275814533,
                    0.0
                ],
                [
                    0.6496520042419434,
                    -0.30157139897346497,
                    -0.43065276741981506,
                    1.0
                ]
            ],
            "location": [
                0.30157139897346497,
                -0.43065276741981506,
                -0.6496520042419434
            ],
            "location_world": [
                0.6496520042419434,
                -0.30157139897346497,
                -0.43065276741981506
            ],
            "name": "hope_Cube_1",
            "projected_cuboid": [
                [
                    562.75874376297,
                    490.12309312820435
                ],
                [
                    462.2408151626587,
                    391.6333019733429
                ],
                [
                    274.0245461463928,
                    519.607424736023
                ],
                [
                    395.49174904823303,
                    590.6954407691956
                ],
                [
                    736.183762550354,
                    740.9524321556091
                ],
                [
                    635.1279616355896,
                    666.7444705963135
                ],
                [
                    336.48204803466797,
                    816.3357973098755
                ],
                [
                    489.2008304595947,
                    851.2282967567444
                ],
                [
                    475.4055142402649,
                    616.0562038421631
                ]
            ],
            "provenance": "nvisii",
            "quaternion_xyzw": [
                -0.054078370332717896,
                0.6108590364456177,
                0.4520050883293152,
                0.6477793455123901
            ],
            "quaternion_xyzw_world": [
                0.37627747654914856,
                -0.21742355823516846,
                0.18050318956375122,
                0.8823609352111816
            ],
            "segmentation_id": 2,
            "visibility": 1
        },
        {
            "bounding_box_minx_maxx_miny_maxy": [
                440,
                499,
                162,
                284
            ],
            "class": "Cube",
            "local_cuboid": null,