{
    "camera_data": {
        "camera_look_at": {
            "at": [
                1.0,
                0.0,
                0.0
            ],
            "eye": [
                0.0,
                0.0,
                0.0
            ],
            "up": [
                0.0,
                0.0,
                1.0
            ]
        },
        "camera_view_matrix": [
            [
                0.0,
                0.0,
                -1.0,
                0.0
            ],
            [
                -1.0,
                0.0,
                0.0,
                0.0
            ],
            [
                0.0,
                1.0,
                0.0,
                0.0
            ],
            [
                0.0,
                0.0,
                0.0,
                1.0
            ]
        ],
        "height": 500,
        "intrinsics": {
            "cx": 250.0,
            "cy": 250.0,
            "fx": 603.5535278320312,
            "fy": 603.5535278320312
        },
        "location_world": [
            0.0,
            0.0,
            0.0
        ],
        "quaternion_world_xyzw": [
            0.5,
            -0.5,
            -0.5,
            0.5
        ],
        "width": 500
    },
    "objects": [
        {
            "bounding_box_minx_maxx_miny_maxy": [
                0,
                0,
                357,
                364
            ],
            "class": "Cube",
            "local_cuboid": null,
            "local_to_world_matrix": [
                [
                    -0.0036638914607465267,
                    -0.0011919913813471794,
                    -0.003186699701473117,
                    0.0
                ],
                [
                    -0.0014564982848241925,
                    -0.0036827910225838423,
                    0.0030521564185619354,
                    0.0
                ],
                [
                    -0.003074818756431341,
                    0.003164838533848524,
                    0.0023514425847679377,
                    0.0
                ],
                [
                    0.4553847312927246,
                    0.4606349766254425,
                    -0.27038833498954773,
                    1.0
                ]
            ],
            "location": [
                -0.4606349766254425,
                -0.27038833498954773,
                -0.4553847312927246
            ],
            "location_world": [
                0.4553847312927246,
                0.4606349766254425,
                -0.27038833498954773
            ],
            "name": "hope_Cube_0",
            "projected_cuboid": [
                [
                    -822.7349519729614,
                    862.7100586891174
                ],
                [
                    -668.5195565223694,
                    640.9059762954712
                ],
                [
                    -24.962574243545532,
                    670.4379916191101
                ],
                [
                    -231.73058032989502,
                    809.97633934021
                ],
                [
                    -481.22507333755493,
                    419.3847179412842
                ],
                [
                    -335.52002906799316,
                    218.59368681907654
                ],
                [
                    1.1706650257110596,
                    356.1358451843262
                ],
                [
                    -147.93044328689575,
                    491.3884401321411
                ],
                [
                    -280.9392809867859,
                    529.5896530151367
                ]
            ],
            "provenance": "nvisii",
            "quaternion_xyzw": [
                0.057015612721443176,
                0.4350486397743225,
                0.43764546513557434,
                -0.7848237752914429
            ],
            "quaternion_xyzw_world": [
                -0.36520248651504517,
                0.36260566115379333,
                0.8572667241096497,
                0.015427341684699059
            ],
            "segmentation_id": 1,
            "visibility": 1
        }
    ]
}