{
    "camera_data": {
        "camera_look_at": {
            "at": [
                1.0,
                0.0,
                0.0
            ],
            "eye": [
                0.0,
                0.0,
                0.0
            ],
            "up": [
                0.0,
                0.0,
                1.0
            ]
        },
        "camera_view_matrix": [
            [
                0.0,
                0.0,
                -1.0,
                0.0
            ],
            [
                -1.0,
                0.0,
                0.0,
                0.0
            ],
            [
                0.0,
                1.0,
                0.0,
                0.0
            ],
            [
                0.0,
                0.0,
                0.0,
                1.0
            ]
        ],
        "height": 500,
        "intrinsics": {
            "cx": 250.0,
            "cy": 250.0,
            "fx": 603.5535278320312,
            "fy": 603.5535278320312
        },
        "location_world": [
            0.0,
            0.0,
            0.0
        ],
        "quaternion_world_xyzw": [
            0.5,
            -0.5,
            -0.5,
            0.5
        ],
        "width": 500
    },
    "objects": [
        {
            "bounding_box_minx_maxx_miny_maxy": [
                334,
                499,
                386,
                500
            ],
            "class": "Cube",
            "local_cuboid": null,
            "local_to_world_matrix": [
                [
                    6.921553722349927e-05,
                    -0.004508973564952612,
                    0.005353911779820919,
                    0.0
                ],
                [
                    0.006977034267038107,
                    -0.000385693070711568,
                    -0.00041502370731905103,
                    0.0
                ],
                [
                    0.0005623282631859183,
                    0.00534044997766614,
                    0.004490365739911795,
                    0.0
                ],
                [
                    1.4185378551483154,
                    -0.4750753939151764,
                    -0.46596163511276245,
                    1.0
                ]
            ],
            "location": [
                0.4750753939151764,
                -0.46596163511276245,
                -1.4185378551483154
            ],
            "location_world": [
                1.4185378551483154,
                -0.4750753939151764,
                -0.46596163511276245
            ],
            "name": "hope_Cube_0",
            "projected_cuboid": [
                [
                    441.16106629371643,
                    342.51314401626587
                ],
                [
                    410.29059886932373,
                    331.43800497055054
                ],
                [
                    504.685640335083,
                    409.95293855667114
                ],
                [
                    559.5908164978027,
                    440.72744250297546
                ],
                [
                    346.5269207954407,
                    455.6536078453064
                ],
                [
                    334.1461718082428,
                    422.37967252731323
                ],
                [
                    427.5054335594177,
                    502.50953435897827
                ],
                [
                    463.3519947528839,
                    556.3780069351196
                ],
                [
                    433.653324842453,
                    430.478036403656
                ]
            ],
            "provenance": "nvisii",
            "quaternion_xyzw": [
                -0.6677875518798828,
                -0.3069627285003662,
                0.2893170714378357,
                0.6132938265800476
            ],
            "quaternion_xyzw_world": [
                -0.32538676261901855,
                -0.27089306712150574,
                -0.6493635177612305,
                0.6317178606987
            ],
            "segmentation_id": 1,
            "visibility": 1
        },
        {
            "bounding_box_minx_maxx_miny_maxy": [
                351,
                499,
                166,
                457
            ],
            "class": "Cube",
            "local_cuboid": null,
            "local_to_world_matrix": [
                [
                    0.004806934390217066,
                    -0.0015552992699667811,
                    0.004845042247325182,
                    0.0
                ],
                [
                    -0.0045942505821585655,
                    -0.004192028660327196,
                    0.0032124388962984085,
                    0.0
                ],
                [
                    0.00218775006942451,
                    -0.005385902244597673,
                    -0.003899462753906846,
                    0.0
                ],
                [
                    1.329508900642395,
                    -0.3668147325515747,
                    -0.2145630270242691,
                    1.0
                ]
            ],
            "location": [
                0.3668147325515747,
                -0.2145630270242691,
                -1.329508900642395
            ],
            "location_world": [
                1.329508900642395,
                -0.3668147325515747,
                -0.2145630270242691
            ],
            "name": "hope_Cube_1",
            "projected_cuboid": [
                [
                    466.7855501174927,
                    326.59825682640076
                ],
                [
                    605.0997972488403,
                    264.3478512763977
                ],
                [
                    498.9527463912964,
                    164.70858454704285
                ],
                [
                    367.27192997932434,
                    248.24796617031097
                ],
                [
                    470.8743691444397,
                    456.8343162536621
                ],
                [
                    642.2370076179504,
                    409.0428948402405
                ],
                [
                    512.8993988037109,
                    300.62443017959595
                ],
                [
                    351.03365778923035,
                    374.51305985450745
                ],
                [
                    484.3428134918213,
                    316.709041595459
                ]
            ],
            "provenance": "nvisii",
            "quaternion_xyzw": [
                0.5186042785644531,
                0.6223483681678772,
                0.03987130522727966,
                0.5849294066429138
            ],
            "quaternion_xyzw_world": [
                0.843005359172821,
                -0.2605283260345459,
                0.2979472577571869,
                0.36427241563796997
            ],
            "segmentation_id": 2,
            "visibility": 1
        }
    ]
}