{
    "camera_data": {
        "camera_look_at": {
            "at": [
                1.0,
                0.0,
                0.0
            ],
            "eye": [
                0.0,
                0.0,
                0.0
            ],
            "up": [
                0.0,
                0.0,
                1.0
            ]
        },
        "camera_view_matrix": [
            [
                0.0,
                0.0,
                -1.0,
                0.0
            ],
            [
                -1.0,
                0.0,
                0.0,
                0.0
            ],
            [
                0.0,
                1.0,
                0.0,
                0.0
            ],
            [
                0.0,
                0.0,
                0.0,
                1.0
            ]
        ],
        "height": 500,
        "intrinsics": {
            "cx": 250.0,
            "cy": 250.0,
            "fx": 603.5535278320312,
            "fy": 603.5535278320312
        },
        "location_world": [
            0.0,
            0.0,
            0.0
        ],
        "quaternion_world_xyzw": [
            0.5,
            -0.5,
            -0.5,
            0.5
        ],
        "width": 500
    },
    "objects": [
        {
            "bounding_box_minx_maxx_miny_maxy": [
                152,
                499,
                282,
                500
            ],
            "class": "Cube",
            "local_cuboid": null,
            "local_to_world_matrix": [
                [
                    -0.005995512008666992,
                    0.00794747844338417,
                    -0.0009441461879760027,
                    0.0
                ],
                [
                    -0.002209804719313979,
                    -0.0027776872739195824,
                    -0.009348860941827297,
                    0.0
                ],
                [
                    -0.007692242506891489,
                    -0.005396483466029167,
                    0.0034216034691780806,
                    0.0
                ],
                [
                    1.4637830257415771,
                    -0.08940548449754715,
                    -0.18127088248729706,
                    1.0
                ]
            ],
            "location": [
                0.08940548449754715,
                -0.18127088248729706,
                -1.4637830257415771
            ],
            "location_world": [
                1.4637830257415771,
                -0.08940548449754715,
                -0.18127088248729706
            ],
            "name": "hope_Cube_50mm_0",
            "projected_cuboid": [
                [
                    263.7924253940582,
                    314.216673374176
                ],
                [
                    348.2036292552948,
                    600.2641320228577
                ],
                [
                    204.46062088012695,
                    577.7237415313721
                ],
                [
                    152.1485447883606,
                    366.3727045059204
                ],
                [
                    429.62029576301575,
                    280.6273102760315
                ],
                [
                    508.7052583694458,
                    498.42917919158936
                ],
                [
                    353.96817326545715,
                    502.97486782073975
                ],
                [
                    301.1924922466278,
                    331.27933740615845
                ],
                [
                    318.0656433105469,
                    427.8227686882019
                ]
            ],
            "provenance": "nvisii",
            "quaternion_xyzw": [
                0.3045135736465454,
                0.15053026378154755,
                0.9352617859840393,
                -0.09948638081550598
            ],
            "quaternion_xyzw_world": [
                -0.28985217213630676,
                -0.4948793351650238,
                0.7448959946632385,
                0.34089604020118713
            ],
            "segmentation_id": 1,
            "visibility": 1
        },
        {
            "bounding_box_minx_maxx_miny_maxy": [
                83,
                418,
                1,
                225
            ],
            "class": "Cube",
            "local_cuboid": null,
            "local_to_world_matrix": [
                [
                    -0.003043166361749172,
                    0.00598332891240716,
                    -0.00741207879036665,
                    0.0
                ],
                [
                    -0.00523804547265172,
                    0.005448015406727791,
                    0.006548435427248478,
                    0.0
                ],
                [
                    0.007956256158649921,
                    0.005875278729945421,
                    0.0014761734055355191,
                    0.0
                ],
                [
                    1.6818677186965942,
                    -0.14045800268650055,
                    0.281400203704834,
                    1.0
                ]
            ],
            "location": [
                0.14045800268650055,
                0.281400203704834,
                -1.6818677186965942
            ],
            "location_world": [
                1.6818677186965942,
                -0.14045800268650055,
                0.281400203704834
            ],
            "name": "hope_Cube_50mm_1",
            "projected_cuboid": [
                [
                    197.82570004463196,
                    205.51925897598267
                ],
                [
                    82.40318298339844,
                    69.87813115119934
                ],
                [
                    179.0250539779663,
                    46.203210949897766
                ],
                [
                    309.0977370738983,
                    224.6057540178299
                ],
                [
                    294.15470361709595,
                    94.67233717441559
                ],
                [
                    203.9785385131836,
                    -45.92007398605347
                ],
                [
                    326.5516757965088,
                    -102.33142971992493
                ],
                [
                    419.14668679237366,
                    83.61177146434784
                ],
                [
                    251.65686011314392,
                    76.78094506263733
                ]
            ],
            "provenance": "nvisii",
            "quaternion_xyzw": [
                -0.36825573444366455,
                0.8730409741401672,
                0.19226524233818054,
                -0.25538450479507446
            ],
            "quaternion_xyzw_world": [
                0.028567716479301453,
                0.6522079706192017,
                0.47621750831604004,
                0.5890887379646301
            ],
            "segmentation_id": 2,
            "visibility": 1
        }
    ]
}