{
    "camera_data": {
        "camera_look_at": {
            "at": [
                1.0,
                0.0,
                0.0
            ],
            "eye": [
                0.0,
                0.0,
                0.0
            ],
            "up": [
                0.0,
                0.0,
                1.0
            ]
        },
        "camera_view_matrix": [
            [
                0.0,
                0.0,
                -1.0,
                0.0
            ],
            [
                -1.0,
                0.0,
                0.0,
                0.0
            ],
            [
                0.0,
                1.0,
                0.0,
                0.0
            ],
            [
                0.0,
                0.0,
                0.0,
                1.0
            ]
        ],
        "height": 500,
        "intrinsics": {
            "cx": 250.0,
            "cy": 250.0,
            "fx": 603.5535278320312,
            "fy": 603.5535278320312
        },
        "location_world": [
            0.0,
            0.0,
            0.0
        ],
        "quaternion_world_xyzw": [
            0.5,
            -0.5,
            -0.5,
            0.5
        ],
        "width": 500
    },
    "objects": [
        {
            "bounding_box_minx_maxx_miny_maxy": [
                -1,
                -1,
                -1,
                -1
            ],
            "class": "Cube",
            "local_cuboid": null,
            "local_to_world_matrix": [
                [
                    0.0006233601598069072,
                    -6.663564272457734e-05,
                    -0.0007790904492139816,
                    0.0
                ],
                [
                    0.000780779286287725,
                    0.00010719276178861037,
                    0.0006155432783998549,
                    0.0
                ],
                [
                    4.249572884873487e-05,
                    -0.0009920027805492282,
                    0.00011884743435075507,
                    0.0
                ],
                [
                    0.5791041851043701,
                    -0.0013981129741296172,
                    0.48371997475624084,
                    1.0
                ]
            ],
            "location": [
                0.0013981129741296172,
                0.48371997475624084,
                -0.5791041851043701
            ],
            "location_world": [
                0.5791041851043701,
                -0.0013981129741296172,
                0.48371997475624084
            ],
            "name": "hope_Cube_0",
            "projected_cuboid": [
                [
                    278.2290279865265,
                    -223.33332896232605
                ],
                [
                    271.39705419540405,
                    -223.48648309707642
                ],
                [
                    224.15107488632202,
                    -219.40764784812927
                ],
                [
                    227.900430560112,
                    -218.98570656776428
                ],
                [
                    276.22565627098083,
                    -291.107177734375
                ],
                [
                    269.17049288749695,
                    -286.88502311706543
                ],
                [
                    219.46847438812256,
                    -282.81891345977783
                ],
                [
                    223.10057282447815,
                    -286.77481412887573
                ],
                [
                    248.70774149894714,
                    -253.21877002716064
                ]
            ],
            "provenance": "nvisii",
            "quaternion_xyzw": [
                -0.3512791395187378,
                0.6307542324066162,
                -0.26235729455947876,
                0.640250563621521
            ],
            "quaternion_xyzw_world": [
                0.5910414457321167,
                0.3020700216293335,
                -0.31156641244888306,
                0.6799632906913757
            ],
            "segmentation_id": 1,
            "visibility": 0
        }
    ]
}