{
    "camera_data": {
        "camera_look_at": {
            "at": [
                1.0,
                0.0,
                0.0
            ],
            "eye": [
                0.0,
                0.0,
                0.0
            ],
            "up": [
                0.0,
                0.0,
                1.0
            ]
        },
        "camera_view_matrix": [
            [
                0.0,
                0.0,
                -1.0,
                0.0
            ],
            [
                -1.0,
                0.0,
                0.0,
                0.0
            ],
            [
                0.0,
                1.0,
                0.0,
                0.0
            ],
            [
                0.0,
                0.0,
                0.0,
                1.0
            ]
        ],
        "height": 500,
        "intrinsics": {
            "cx": 250.0,
            "cy": 250.0,
            "fx": 603.5535278320312,
            "fy": 603.5535278320312
        },
        "location_world": [
            0.0,
            0.0,
            0.0
        ],
        "quaternion_world_xyzw": [
            0.5,
            -0.5,
            -0.5,
            0.5
        ],
        "width": 500
    },
    "objects": [
        {
            "bounding_box_minx_maxx_miny_maxy": [
                135,
                158,
                268,
                289
            ],
            "class": "Cube",
            "local_cuboid": null,
            "local_to_world_matrix": [
                [
                    0.0008575934334658086,
                    0.0004945677937939763,
                    -0.00014119604020379484,
                    0.0
                ],
                [
                    1.5996933143469505e-05,
                    0.0002487435413058847,
                    0.0009684375254437327,
                    0.0
                ],
                [
                    0.0005140794673934579,
                    -0.0008327843970619142,
                    0.00020540923287626356,
                    0.0
                ],
                [
                    1.811408281326294,
                    0.3034697473049164,
                    -0.10805419832468033,
                    1.0
                ]
            ],
            "location": [
                -0.3034697473049164,
                -0.10805419832468033,
                -1.811408281326294
            ],
            "location_world": [
                1.811408281326294,
                0.3034697473049164,
                -0.10805419832468033
            ],
            "name": "hope_Cube_50mm_0",
            "projected_cuboid": [
                [
                    153.52876484394073,
                    284.8093509674072
                ],
                [
                    149.50528740882874,
                    268.9669132232666
                ],
                [
                    134.2841386795044,
                    272.63909578323364
                ],
                [
                    138.35778832435608,
                    288.70689868927
                ],
                [
                    159.51284766197205,
                    283.27375650405884
                ],
                [
                    155.39106726646423,
                    267.05536246299744
                ],
                [
                    139.88789916038513,
                    270.7884907722473
                ],
                [
                    144.062340259552,
                    287.243127822876
                ],
                [
                    146.83592319488525,
                    277.93005108833313
                ]
            ],
            "provenance": "nvisii",
            "quaternion_xyzw": [
                -0.11299831420183182,
                0.8627115488052368,
                0.05488872528076172,
                0.4898444712162018
            ],
            "quaternion_xyzw_world": [
                0.592334508895874,
                0.21548832952976227,
                0.15737873315811157,
                0.760221540927887
            ],
            "segmentation_id": 1,
            "visibility": 1
        }
    ]
}