{
    "camera_data": {
        "camera_look_at": {
            "at": [
                1.0,
                0.0,
                0.0
            ],
            "eye": [
                0.0,
                0.0,
                0.0
            ],
            "up": [
                0.0,
                0.0,
                1.0
            ]
        },
        "camera_view_matrix": [
            [
                0.0,
                0.0,
                -1.0,
                0.0
            ],
            [
                -1.0,
                0.0,
                0.0,
                0.0
            ],
            [
                0.0,
                1.0,
                0.0,
                0.0
            ],
            [
                0.0,
                0.0,
                0.0,
                1.0
            ]
        ],
        "height": 500,
        "intrinsics": {
            "cx": 250.0,
            "cy": 250.0,
            "fx": 603.5535278320312,
            "fy": 603.5535278320312
        },
        "location_world": [
            0.0,
            0.0,
            0.0
        ],
        "quaternion_world_xyzw": [
            0.5,
            -0.5,
            -0.5,
            0.5
        ],
        "width": 500
    },
    "objects": [
        {
            "bounding_box_minx_maxx_miny_maxy": [
                274,
                499,
                159,
                438
            ],
            "class": "Cube",
            "local_cuboid": null,
            "local_to_world_matrix": [
                [
                    0.0040973457507789135,
                    0.0021894508972764015,
                    0.0018488006899133325,
                    0.0
                ],
                [
                    -0.0018197867320850492,
                    -0.000503858900628984,
                    0.004629741422832012,
                    0.0
                ],
                [
                    0.002213625004515052,
                    -0.0044668144546449184,
                    0.0003839698329102248,
                    0.0
                ],
                [
                    0.8240933418273926,
                    -0.20030924677848816,
                    -0.15218397974967957,
                    1.0
                ]
            ],
            "location": [
                0.20030924677848816,
                -0.15218397974967957,
                -0.8240933418273926
            ],
            "location_world": [
                0.8240933418273926,
                -0.20030924677848816,
                -0.15218397974967957
            ],
            "name": "hope_Cube_0",
            "projected_cuboid": [
                [
                    408.1273674964905,
                    309.2353641986847
                ],
                [
                    441.3453936576843,
                    158.45715999603271
                ],
                [
                    295.7158088684082,
                    160.3223979473114
                ],
                [
                    273.4875679016113,
                    330.061674118042
                ],
                [
                    534.855306148529,
                    396.65859937667847
                ],
                [
                    594.8019623756409,
                    212.4480903148651
                ],
                [
                    426.8374741077423,
                    225.36420822143555
                ],
                [
                    379.86958026885986,
                    438.4099245071411
                ],
                [
                    415.04013538360596,
                    278.2479226589203
                ]
            ],
            "provenance": "nvisii",
            "quaternion_xyzw": [
                0.14043380320072174,
                0.837640106678009,
                0.1315455436706543,
                0.511207640171051
            ],
            "quaternion_xyzw_world": [
                0.6788679957389832,
                0.027226513251662254,
                0.29920586943626404,
                0.6699797511100769
            ],
            "segmentation_id": 1,
            "visibility": 1
        }
    ]
}