{
    "camera_data": {
        "camera_look_at": {
            "at": [
                1.0,
                0.0,
                0.0
            ],
            "eye": [
                0.0,
                0.0,
                0.0
            ],
            "up": [
                0.0,
                0.0,
                1.0
            ]
        },
        "camera_view_matrix": [
            [
                0.0,
                0.0,
                -1.0,
                0.0
            ],
            [
                -1.0,
                0.0,
                0.0,
                0.0
            ],
            [
                0.0,
                1.0,
                0.0,
                0.0
            ],
            [
                0.0,
                0.0,
                0.0,
                1.0
            ]
        ],
        "height": 500,
        "intrinsics": {
            "cx": 250.0,
            "cy": 250.0,
            "fx": 603.5535278320312,
            "fy": 603.5535278320312
        },
        "location_world": [
            0.0,
            0.0,
            0.0
        ],
        "quaternion_world_xyzw": [
            0.5,
            -0.5,
            -0.5,
            0.5
        ],
        "width": 500
    },
    "objects": [
        {
            "bounding_box_minx_maxx_miny_maxy": [
                0,
                282,
                316,
                500
            ],
            "class": "Cube",
            "local_cuboid": null,
            "local_to_world_matrix": [
                [
                    -0.003063232870772481,
                    0.0018419065745547414,
                    -0.009339378215372562,
                    0.0
                ],
                [
                    -0.007637232542037964,
                    0.0053809890523552895,
                    0.0035661791916936636,
                    0.0
                ],
                [
                    0.00568236643448472,
                    0.008225103840231895,
                    -0.00024161457258742303,
                    0.0
                ],
                [
                    1.7636359930038452,
                    0.15767128765583038,
                    -0.5785751342773438,
                    1.0
                ]
            ],
            "location": [
                -0.15767128765583038,
                -0.5785751342773438,
                -1.7636359930038452
            ],
            "location_world": [
                1.7636359930038452,
                0.15767128765583038,
                -0.5785751342773438
            ],
            "name": "hope_Cube_0",
            "projected_cuboid": [
                [
                    114.92776870727539,
                    519.9487209320068
                ],
                [
                    -32.914161682128906,
                    516.8145895004272
                ],
                [
                    111.37992143630981,
                    575.720489025116
                ],
                [
                    250.74559450149536,
                    564.8719072341919
                ],
                [
                    153.40492129325867,
                    356.91070556640625
                ],
                [
                    28.892412781715393,
                    315.17526507377625
                ],
                [
                    169.73745822906494,
                    323.703795671463
                ],
                [
                    283.41057896614075,
                    370.5041706562042
                ],
                [
                    137.8646194934845,
                    437.8238916397095
                ]
            ],
            "provenance": "nvisii",
            "quaternion_xyzw": [
                -0.5068106055259705,
                0.7261276245117188,
                0.25462523102760315,
                -0.38864850997924805
            ],
            "quaternion_xyzw_world": [
                -0.21197837591171265,
                0.6834807395935059,
                0.43129536509513855,
                0.5494574904441833
            ],
            "segmentation_id": 1,
            "visibility": 1
        }
    ]
}