{
    "camera_data": {
        "camera_look_at": {
            "at": [
                1.0,
                0.0,
                0.0
            ],
            "eye": [
                0.0,
                0.0,
                0.0
            ],
            "up": [
                0.0,
                0.0,
                1.0
            ]
        },
        "camera_view_matrix": [
            [
                0.0,
                0.0,
                -1.0,
                0.0
            ],
            [
                -1.0,
                0.0,
                0.0,
                0.0
            ],
            [
                0.0,
                1.0,
                0.0,
                0.0
            ],
            [
                0.0,
                0.0,
                0.0,
                1.0
            ]
        ],
        "height": 500,
        "intrinsics": {
            "cx": 250.0,
            "cy": 250.0,
            "fx": 603.5535278320312,
            "fy": 603.5535278320312
        },
        "location_world": [
            0.0,
            0.0,
            0.0
        ],
        "quaternion_world_xyzw": [
            0.5,
            -0.5,
            -0.5,
            0.5
        ],
        "width": 500
    },
    "objects": [
        {
            "bounding_box_minx_maxx_miny_maxy": [
                358,
                499,
                33,
                228
            ],
            "class": "Cube",
            "local_cuboid": null,
            "local_to_world_matrix": [
                [
                    -0.00489791389554739,
                    -0.00012515172420535237,
                    -0.0009973837295547128,
                    0.0
                ],
                [
                    -0.000787801225669682,
                    0.0035593153443187475,
                    0.003422081470489502,
                    0.0
                ],
                [
                    0.0006243448005989194,
                    0.0035093603655695915,
                    -0.0035063629038631916,
                    0.0
                ],
                [
                    1.2493979930877686,
                    -0.5096264481544495,
                    0.15418392419815063,
                    1.0
                ]
            ],
            "location": [
                0.5096264481544495,
                0.15418392419815063,
                -1.2493979930877686
            ],
            "location_world": [
                1.2493979930877686,
                -0.5096264481544495,
                0.15418392419815063
            ],
            "name": "hope_Cube_0",
            "projected_cuboid": [
                [
                    474.5163321495056,
                    228.03005576133728
                ],
                [
                    385.16631722450256,
                    133.63298773765564
                ],
                [
                    487.89840936660767,
                    31.532689929008484
                ],
                [
                    576.1170387268066,
                    132.2001814842224
                ],
                [
                    432.1655035018921,
                    210.21442115306854
                ],
                [
                    357.80972242355347,
                    132.44542479515076
                ],
                [
                    440.7880902290344,
                    49.304693937301636
                ],
                [
                    514.4453644752502,
                    131.27848505973816
                ],
                [
                    456.45713806152344,
                    132.33458995819092
                ]
            ],
            "provenance": "nvisii",
            "quaternion_xyzw": [
                -0.3411315679550171,
                0.6678800582885742,
                -0.203521728515625,
                -0.6294000148773193
            ],
            "quaternion_xyzw_world": [
                -0.04956492781639099,
                0.9209666848182678,
                0.37631338834762573,
                0.0880449041724205
            ],
            "segmentation_id": 1,
            "visibility": 1
        },
        {
            "bounding_box_minx_maxx_miny_maxy": [
                13,
                251,
                180,
                389
            ],
            "class": "Cube",
            "local_cuboid": null,
            "local_to_world_matrix": [
                [
                    -0.0009856056421995163,
                    0.0023021167144179344,
                    -0.0043276832439005375,
                    0.0
                ],
                [
                    0.003870156826451421,
                    0.0030746005941182375,
                    0.0007541312952525914,
                    0.0
                ],
                [
                    0.003008399624377489,
                    -0.0032011072617024183,
                    -0.002387979533523321,
                    0.0
                ],
                [
                    0.98896324634552,
                    0.13347338140010834,
                    -0.07227565348148346,
                    1.0
                ]
            ],
            "location": [
                -0.13347338140010834,
                -0.07227565348148346,
                -0.98896324634552
            ],
            "location_world": [
                0.98896324634552,
                0.13347338140010834,
                -0.07227565348148346
            ],
            "name": "hope_Cube_1",
            "projected_cuboid": [
                [
                    185.55408716201782,
                    389.44119215011597
                ],
                [
                    120.41953206062317,
                    349.101185798645
                ],
                [
                    13.185858726501465,
                    296.3062822818756
                ],
                [
                    66.00135564804077,
                    331.9806456565857
                ],
                [
                    252.2766888141632,
                    263.18347454071045
                ],
                [
                    179.576575756073,
                    243.44657361507416
                ],
                [
                    84.87303555011749,
                    178.90965938568115
                ],
                [
                    149.69763159751892,
                    188.5019987821579
                ],
                [
                    133.07219743728638,
                    279.6976566314697
                ]
            ],
            "provenance": "nvisii",
            "quaternion_xyzw": [
                -0.49760183691978455,
                0.7437958717346191,
                -0.42068907618522644,
                0.1489320993423462
            ],
            "quaternion_xyzw_world": [
                0.407907634973526,
                0.7565773725509644,
                -0.16171354055404663,
                0.4848203957080841
            ],
            "segmentation_id": 2,
            "visibility": 1
        },
        {
            "bounding_box_minx_maxx_miny_maxy": [
                35,
                171,
                375,
                500
            ],
            "class": "Cube",
            "local_cuboid": null,