{
    "camera_data": {
        "camera_look_at": {
            "at": [
                1.0,
                0.0,
                0.0
            ],
            "eye": [
                0.0,
                0.0,
                0.0
            ],
            "up": [
                0.0,
                0.0,
                1.0
            ]
        },
        "camera_view_matrix": [
            [
                0.0,
                0.0,
                -1.0,
                0.0
            ],
            [
                -1.0,
                0.0,
                0.0,
                0.0
            ],
            [
                0.0,
                1.0,
                0.0,
                0.0
            ],
            [
                0.0,
                0.0,
                0.0,
                1.0
            ]
        ],
        "height": 500,
        "intrinsics": {
            "cx": 250.0,
            "cy": 250.0,
            "fx": 603.5535278320312,
            "fy": 603.5535278320312
        },
        "location_world": [
            0.0,
            0.0,
            0.0
        ],
        "quaternion_world_xyzw": [
            0.5,
            -0.5,
            -0.5,
            0.5
        ],
        "width": 500
    },
    "objects": [
        {
            "bounding_box_minx_maxx_miny_maxy": [
                0,
                228,
                278,
                500
            ],
            "class": "Cube",
            "local_cuboid": null,
            "local_to_world_matrix": [
                [
                    -0.004223772324621677,
                    0.008882943540811539,
                    0.0018036378314718604,
                    0.0
                ],
                [
                    -0.009026216343045235,
                    -0.003939976450055838,
                    -0.0017332179704681039,
                    0.0
                ],
                [
                    -0.0008289788383990526,
                    -0.0023600736167281866,
                    0.00968208909034729,
                    0.0
                ],
                [
                    1.87236750125885,
                    0.5292976498603821,
                    -0.36356639862060547,
                    1.0
                ]
            ],
            "location": [
                -0.5292976498603821,
                -0.36356639862060547,
                -1.87236750125885
            ],
            "location_world": [
                1.87236750125885,
                0.5292976498603821,
                -0.36356639862060547
            ],
            "name": "hope_Cube_0",
            "projected_cuboid": [
                [
                    10.669887065887451,
                    276.417076587677
                ],
                [
                    19.078493118286133,
                    326.0231018066406
                ],
                [
                    -27.06030011177063,
                    542.3340797424316
                ],
                [
                    -23.624718189239502,
                    439.2637014389038
                ],
                [
                    173.45568537712097,
                    301.3760447502136
                ],
                [
                    229.47034239768982,
                    351.5053391456604
                ],
                [
                    183.99295210838318,
                    537.611186504364
                ],
                [
                    139.4089162349701,
                    446.4980959892273
                ],
                [
                    92.10364520549774,
                    399.135947227478
                ]
            ],
            "provenance": "nvisii",
            "quaternion_xyzw": [
                0.2247942090034485,
                0.638763427734375,
                0.7322080135345459,
                -0.0729416012763977
            ],
            "quaternion_xyzw_world": [
                0.02920401468873024,
                -0.12264858931303024,
                0.8343536257743835,
                0.5366178154945374
            ],
            "segmentation_id": 1,
            "visibility": 1
        }
    ]
}