{
    "camera_data": {
        "camera_look_at": {
            "at": [
                1.0,
                0.0,
                0.0
            ],
            "eye": [
                0.0,
                0.0,
                0.0
            ],
            "up": [
                0.0,
                0.0,
                1.0
            ]
        },
        "camera_view_matrix": [
            [
                0.0,
                0.0,
                -1.0,
                0.0
            ],
            [
                -1.0,
                0.0,
                0.0,
                0.0
            ],
            [
                0.0,
                1.0,
                0.0,
                0.0
            ],
            [
                0.0,
                0.0,
                0.0,
                1.0
            ]
        ],
        "height": 500,
        "intrinsics": {
            "cx": 250.0,
            "cy": 250.0,
            "fx": 603.5535278320312,
            "fy": 603.5535278320312
        },
        "location_world": [
            0.0,
            0.0,
            0.0
        ],
        "quaternion_world_xyzw": [
            0.5,
            -0.5,
            -0.5,
            0.5
        ],
        "width": 500
    },
    "objects": [
        {
            "bounding_box_minx_maxx_miny_maxy": [
                -1,
                -1,
                -1,
                -1
            ],
            "class": "Cube",
            "local_cuboid": null,
            "local_to_world_matrix": [
                [
                    0.0008678714511916041,
                    7.177546649472788e-05,
                    0.000491576618514955,
                    0.0
                ],
                [
                    0.0002564734313637018,
                    -0.0009121785406023264,
                    -0.0003196122997906059,
                    0.0
                ],
                [
                    0.0004254652594681829,
                    0.00040345871821045876,
                    -0.0008100622217170894,
                    0.0
                ],
                [
                    0.6324865818023682,
                    -0.22420676052570343,
                    0.5928797721862793,
                    1.0
                ]
            ],
            "location": [
                0.22420676052570343,
                0.5928797721862793,
                -0.6324865818023682
            ],
            "location_world": [
                0.6324865818023682,
                -0.22420676052570343,
                0.5928797721862793
            ],
            "name": "hope_Cube_0",
            "projected_cuboid": [
                [
                    442.7590072154999,
                    -281.0145616531372
                ],
                [
                    479.73355650901794,
                    -256.7322850227356
                ],
                [
                    505.72896003723145,
                    -310.3996515274048
                ],
                [
                    468.0502414703369,
                    -336.5539312362671
                ],
                [
                    459.704726934433,
                    -294.2228317260742
                ],
                [
                    498.86631965637207,
                    -268.01222562789917
                ],
                [
                    527.366042137146,
                    -325.87021589279175
                ],
                [
                    487.4252676963806,
                    -354.24619913101196
                ],
                [
                    483.346164226532,
                    -302.532434463501
                ]
            ],
            "provenance": "nvisii",
            "quaternion_xyzw": [
                0.6467808485031128,
                0.5425929427146912,
                -0.49140679836273193,
                0.21397840976715088
            ],
            "quaternion_xyzw_world": [
                0.9473795294761658,
                0.08662021905183792,
                0.24199430644512177,
                -0.19080816209316254
            ],
            "segmentation_id": 1,
            "visibility": 0
        }
    ]
}