{
    "camera_data": {
        "camera_look_at": {
            "at": [
                1.0,
                0.0,
                0.0
            ],
            "eye": [
                0.0,
                0.0,
                0.0
            ],
            "up": [
                0.0,
                0.0,
                1.0
            ]
        },
        "camera_view_matrix": [
            [
                0.0,
                0.0,
                -1.0,
                0.0
            ],
            [
                -1.0,
                0.0,
                0.0,
                0.0
            ],
            [
                0.0,
                1.0,
                0.0,
                0.0
            ],
            [
                0.0,
                0.0,
                0.0,
                1.0
            ]
        ],
        "height": 500,
        "intrinsics": {
            "cx": 250.0,
            "cy": 250.0,
            "fx": 603.5535278320312,
            "fy": 603.5535278320312
        },
        "location_world": [
            0.0,
            0.0,
            0.0
        ],
        "quaternion_world_xyzw": [
            0.5,
            -0.5,
            -0.5,
            0.5
        ],
        "width": 500
    },
    "objects": [
        {
            "bounding_box_minx_maxx_miny_maxy": [
                96,
                281,
                384,
                500
            ],
            "class": "Cube",
            "local_cuboid": null,
            "local_to_world_matrix": [
                [
                    -0.006590162869542837,
                    -0.0019643737468868494,
                    0.0013080481439828873,
                    0.0
                ],
                [
                    0.0005780101055279374,
                    0.00241814530454576,
                    0.006543582770973444,
                    0.0
                ],
                [
                    -0.0022881561890244484,
                    0.006268477067351341,
                    -0.002114363480359316,
                    0.0
                ],
                [
                    1.560443639755249,
                    0.10690715909004211,
                    -0.7451202273368835,
                    1.0
                ]
            ],
            "location": [
                -0.10690715909004211,
                -0.7451202273368835,
                -1.560443639755249
            ],
            "location_world": [
                1.560443639755249,
                0.10690715909004211,
                -0.7451202273368835
            ],
            "name": "hope_Cube_0",
            "projected_cuboid": [
                [
                    153.27268838882446,
                    595.0812101364136
                ],
                [
                    101.9495278596878,
                    443.373441696167
                ],
                [
                    241.0418689250946,
                    385.3829503059387
                ],
                [
                    291.0903990268707,
                    523.9909887313843
                ],
                [
                    136.8410885334015,
                    550.5768060684204
                ],
                [
                    95.76387703418732,
                    429.08599972724915
                ],
                [
                    209.94356274604797,
                    382.54743814468384
                ],
                [
                    250.23546814918518,
                    495.48542499542236
                ],
                [
                    185.86155772209167,
                    472.8625416755676
                ]
            ],
            "provenance": "nvisii",
            "quaternion_xyzw": [
                -0.06882551312446594,
                0.5760411024093628,
                -0.16692593693733215,
                -0.7972298860549927
            ],
            "quaternion_xyzw_world": [
                -0.06154418736696243,
                0.8045111894607544,
                0.5687597393989563,
                -0.15964460372924805
            ],
            "segmentation_id": 1,
            "visibility": 1
        }
    ]
}