{
    "camera_data": {
        "camera_look_at": {
            "at": [
                1.0,
                0.0,
                0.0
            ],
            "eye": [
                0.0,
                0.0,
                0.0
            ],
            "up": [
                0.0,
                0.0,
                1.0
            ]
        },
        "camera_view_matrix": [
            [
                0.0,
                0.0,
                -1.0,
                0.0
            ],
            [
                -1.0,
                0.0,
                0.0,
                0.0
            ],
            [
                0.0,
                1.0,
                0.0,
                0.0
            ],
            [
                0.0,
                0.0,
                0.0,
                1.0
            ]
        ],
        "height": 500,
        "intrinsics": {
            "cx": 250.0,
            "cy": 250.0,
            "fx": 603.5535278320312,
            "fy": 603.5535278320312
        },
        "location_world": [
            0.0,
            0.0,
            0.0
        ],
        "quaternion_world_xyzw": [
            0.5,
            -0.5,
            -0.5,
            0.5
        ],
        "width": 500
    },
    "objects": [
        {
            "bounding_box_minx_maxx_miny_maxy": [
                208,
                499,
                1,
                386
            ],
            "class": "Cube",
            "local_cuboid": null,
            "local_to_world_matrix": [
                [
                    0.0009591683628968894,
                    0.003609332488849759,
                    -0.005920533090829849,
                    0.0
                ],
                [
                    -0.006785118952393532,
                    -0.0007432430284097791,
                    -0.001552340341731906,
                    0.0
                ],
                [
                    -0.0014290434774011374,
                    0.00595149677246809,
                    0.0033966933842748404,
                    0.0
                ],
                [
                    1.074218511581421,
                    -0.16462138295173645,
                    0.1315590739250183,
                    1.0
                ]
            ],
            "location": [
                0.16462138295173645,
                0.1315590739250183,
                -1.074218511581421
            ],
            "location_world": [
                1.074218511581421,
                -0.16462138295173645,
                0.1315590739250183
            ],
            "name": "hope_Cube_0",
            "projected_cuboid": [
                [
                    207.7362835407257,
                    211.1084908246994
                ],
                [
                    218.92398595809937,
                    257.6393187046051
                ],
                [
                    447.7274417877197,
                    385.94257831573486
                ],
                [
                    368.78955364227295,
                    303.9570748806
                ],
                [
                    313.10147047042847,
                    33.15801918506622
                ],
                [
                    378.0202567577362,
                    -6.410509347915649
                ],
                [
                    606.295108795166,
                    155.39996325969696
                ],
                [
                    474.33456778526306,
                    141.81537926197052
                ],
                [
                    372.23485112190247,
                    188.1157010793686
                ]
            ],
            "provenance": "nvisii",
            "quaternion_xyzw": [
                -0.3542580008506775,
                0.5219451785087585,
                0.6966941952705383,
                -0.3416018486022949
            ],
            "quaternion_xyzw_world": [
                -0.4353044033050537,
                0.2605554163455963,
                0.6029915809631348,
                0.6156477332115173
            ],
            "segmentation_id": 1,
            "visibility": 1
        }
    ]
}