{"camera_data": {}, "objects": [{"class": "Cube", "location": [0.07549174622547483, -7.392279014398069, 26.722409465794463], "quaternion_xyzw": [0.35978897206775784, -0.9184446982168346, -0.030642595841448662, 0.16146907820357184], "projected_cuboid": [[298.7308545617103, -48.450256892367406], [392.562577438665, 27.091453331356263], [303.33245886348385, 133.0845685560564], [217.485417511913, 54.38852592985714], [336.99176876723953, 4.594731871965223], [416.83372932319264, 69.96525147164905], [341.5157596969695, 157.2879292127584], [267.37643005237703, 89.81516133391821], [321.81226005333207, 62.540441429637525]]}, {"class": "Cube", "location": [-4.143424001736252, -2.4929070350254823, 15.280416914808853], "quaternion_xyzw": [0.2661381025524621, 0.2268210941856264, -0.5730691681494713, 0.7411574934645696], "projected_cuboid": [[71.89162963598525, -31.886308632291616], [73.23553131063619, 142.18577263737484], [244.77744588440981, 179.45640887095138], [278.0771988998077, 20.262156406297464], [-18.675072501654824, 61.739282034570095], [2.824663227358485, 260.1876359860498], [219.71935887214204, 301.4634502196486], [256.76657921136035, 124.93915111692613], [146.05144140158728, 135.3431786655638]]}, {"class": "Cube", "location": [-1949887446.6483827, -1950303885.5421586, 6133760836.310277], "quaternion_xyzw": [0.08007544964033611, -0.261150199508093, 0.7455091567405893, 0.6079511434956898], "projected_cuboid": [[116.07082362757646, 36.027270323634184], [116.07082368461198, 36.0272697988423], [116.07082314018385, 36.027269685240896], [116.07082308314833, 36.02727021003281], [116.07082358975953, 36.02727043670569], [116.07082364679505, 36.027269911913805], [116.07082310236689, 36.0272697983124], [116.0708230453314, 36.02727032310432], [116.07082336497169, 36.02727006097328]]}]}