{"camera_data": {}, "objects": [{"class": "Cube", "location": [-25.30965951485868, 3.059510271058785, 72.57946078234723], "quaternion_xyzw": [0.17836985354946214, 0.1343815550920336, 0.8913743880402181, 0.3944331291128027], "projected_cuboid": [[111.58515440166988, 298.7645687555084], [135.91353976340585, 266.7682113009391], [112.6360756986295, 238.26988903549403], [89.23717351285703, 269.8648307989807], [78.71196587180756, 298.01251755431], [104.12485498594143, 263.9126776081862], [80.22074265667206, 233.67796609517043], [55.83356488082637, 267.3211605043572], [96.29833008168615, 267.0417528282543]]}]}