{"camera_data": {}, "objects": [{"class": "Cube", "location": [-11.85806153497885, -5.769058119486303, 26.71126775095369], "quaternion_xyzw": [0.9474957675125995, 0.26240924963496365, 0.16844950343702156, 0.07083728568731693], "projected_cuboid": [[54.871505966563575, 175.91472870635855], [-73.0723788940362, 99.69702198933379], [7.654655131286347, -6.676151211254961], [125.60370509525018, 72.08282567505807], [58.09134537019821, 191.19343822649526], [-48.20103341798068, 128.5519409403148], [18.532114655076782, 38.244170070166774], [117.81497382191972, 102.78681569262201], [35.21582031922327, 101.44982641198939]]}, {"class": "Cube", "location": [-16.967042595364294, 5.007482854623827, 47.67374496345045], "quaternion_xyzw": [-0.5993222252871679, -0.7630345800556676, 0.008865916673841632, 0.24189356220792776], "projected_cuboid": [[39.50662616235792, 339.2722304051424], [40.06135983538917, 278.17669045237204], [97.01128096243386, 300.10549465547757], [94.1995251138963, 362.3718704926401], [87.16761367130798, 313.56590107985096], [89.39068181310247, 256.9654516434976], [142.68009188711906, 276.21973274175286], [138.47975922687928, 333.84717983835435], [91.69073180068412, 307.38090858404195]]}, {"class": "Cube", "location": [34.80960084382644, 37.712328837305, 452.6988906579493], "quaternion_xyzw": [0.31250944283370724, 0.4179364374385359, 0.7232691723125444, 0.4522705902258927], "projected_cuboid": [[372.3623029227227, 298.79588851250384], [375.2158662447563, 292.3397293200683], [371.91334056371596, 290.13077693049013], [369.0902023473317, 296.52595229933326], [366.70452577934685, 296.7969401669222], [369.5678914251269, 290.30640924930225], [366.30402755359444, 288.10625580741714], [363.4713038698608, 294.535154003771], [369.3271784007685, 293.44050857727973]]}, {"class": "Cube", "location": [-2.67394288876044, 5.1358965310911655, 27.731205033305887], "quaternion_xyzw": [0.7344396014774677, -0.003173311310096148, 0.5155246824034156, 0.44138724914728206], "projected_cuboid": [[355.3396845953728, 382.0066922645061], [298.37995735034104, 344.3277304969641], [246.81682502965617, 260.12886600786203], [304.1706531192436, 304.199639388381], [269.08267999926244, 454.0975124293664], [199.61665199594677, 428.2475736531793], [160.3132595413811, 335.4567869533665], [227.4036835906664, 369.8703795304456], [258.14425442097945, 358.80758952732094]]}]}