{"camera_data": {}, "objects": [{"class": "Cube", "location": [2.4307680026026515, -15.703543004161455, 59.75735106769136], "quaternion_xyzw": [-0.8043758612356667, 0.3270763580471404, -0.10775477880417898, 0.48413782904547004], "projected_cuboid": [[390.45648327270385, 83.3229032539418], [349.497296698421, 118.33562593969137], [327.85131029754996, 91.2863761831916], [371.6392817417458, 53.2725797302858], [362.5741501900667, 53.476330310803206], [323.5677659914569, 87.42558799898475], [300.99142545751346, 59.32066677990761], [342.55082751580284, 22.56475312706246], [346.09449123511564, 71.42119492950337]]}, {"class": "Cube", "location": [-8.249386691085702, -4.323148321868713, 20.84635357476281], "quaternion_xyzw": [-0.5115734706558488, 0.5231846559840982, -0.5563303574176761, 0.3937853898755651], "projected_cuboid": [[157.21576320793247, 53.239256488116524], [175.06953109630362, 184.0972921863073], [117.50743017651592, 142.99718167984867], [97.3579525566036, -20.775460426809616], [27.826045177505705, 80.08455300448955], [41.00302877301118, 209.84845210306204], [-51.78038951153434, 176.5306721351531], [-64.5346596227256, 14.429085239072094], [66.14353808437261, 106.96476011822926]]}]}