{"camera_data": {}, "objects": [{"class": "Cube", "location": [-14.647829365473038, -9.914547221823817, 46.0084531263009], "quaternion_xyzw": [-0.20596413598566268, 0.12921788062455736, 0.8568697350326829, 0.45459407299215493], "projected_cuboid": [[123.1085681525137, 162.1889095526489], [165.1504109030489, 118.68169610439749], [111.72721036402007, 83.22999534927999], [67.1710707367165, 124.80970375330226], [120.45855224057092, 123.31059013952193], [166.76789629728998, 77.56785060099716], [108.11211750103266, 38.803815205191654], [58.75786940934739, 82.22873630556387], [115.76399771242549, 101.76057635886573]]}, {"class": "Cube", "location": [-0.5161033661138507, 1.1040839405639815, 8.197643947926547], "quaternion_xyzw": [0.16572931247610237, 0.4179959881494658, -0.8909045760181643, 0.06404830448220637], "projected_cuboid": [[72.76446407602978, 291.6889304778199], [350.6023416569523, 278.0643927804697], [455.8779772169091, 58.33171991419516], [60.77300918855616, 24.285263765115957], [77.88212949769948, 633.1949165675994], [442.89230471014423, 551.8108562040067], [660.3362449368735, 390.2866670865155], [61.620747911140086, 474.82377495186626], [279.6127483134009, 326.3991962045313]]}]}