{"camera_data": {}, "objects": [{"class": "Cube", "location": [-13.87920148520964, -11.456588923887336, 47.330392833399024], "quaternion_xyzw": [0.2530975532477699, 0.3253123024957142, -0.8662449791013208, 0.2823706262462187], "projected_cuboid": [[82.70677083008422, 75.08887928714819], [141.31140143151802, 105.21174331359342], [176.09916097000286, 58.720135962658674], [117.17023129801316, 24.11208412255462], [83.45591101570213, 113.20243182882331], [146.0187746672243, 142.9290650001044], [183.50749400893451, 94.83205976775415], [120.59727144083953, 60.17988386117068], [131.88603728471145, 84.72130158430525]]}, {"class": "Cube", "location": [-0.2000336567601031, 1.3762628054034463, 22.447939710114127], "quaternion_xyzw": [0.6930996054271531, -0.7136754573651707, 0.012521137719828894, 0.10061560327076605], "projected_cuboid": [[381.1700527191338, 189.52579134562149], [386.87720734964716, 351.4744930230726], [224.97956972784309, 354.34039535161605], [225.7331143014934, 197.0357692290558], [385.38720094575217, 219.6065452283308], [390.07927630425974, 349.7701832209999], [260.0751025494615, 352.11190626242694], [259.58125286198396, 224.9657129396034], [314.283591613809, 279.32978264675774]]}]}