{
    "camera_data": {
        "camera_look_at": {
            "at": [
                1.0,
                0.0,
                0.0
            ],
            "eye": [
                0.0,
                0.0,
                0.0
            ],
            "up": [
                0.0,
                0.0,
                1.0
            ]
        },
        "camera_view_matrix": [
            [
                0.0,
                0.0,
                -1.0,
                0.0
            ],
            [
                -1.0,
                0.0,
                0.0,
                0.0
            ],
            [
                0.0,
                1.0,
                0.0,
                0.0
            ],
            [
                0.0,
                0.0,
                0.0,
                1.0
            ]
        ],
        "height": 500,
        "intrinsics": {
            "cx": 250.0,
            "cy": 250.0,
            "fx": 603.5535278320312,
            "fy": 603.5535278320312
        },
        "location_world": [
            0.0,
            0.0,
            0.0
        ],
        "quaternion_world_xyzw": [
            0.5,
            -0.5,
            -0.5,
            0.5
        ],
        "width": 500
    },
    "objects": [
        {
            "bounding_box_minx_maxx_miny_maxy": [
                0,
                336,
                1,
                234
            ],
            "class": "Cube",
            "local_cuboid": null,
            "local_to_world_matrix": [
                [
                    -0.00409434549510479,
                    0.005650848150253296,
                    0.0005515988450497389,
                    0.0
                ],
                [
                    0.0042380052618682384,
                    0.002589124720543623,
                    0.004933128133416176,
                    0.0
                ],
                [
                    0.003778313286602497,
                    0.0032193721272051334,
                    -0.004935584496706724,
                    0.0
                ],
                [
                    0.68292635679245,
                    0.12233265489339828,
                    0.16072624921798706,
                    1.0
                ]
            ],
            "location": [
                -0.12233265489339828,
                0.16072624921798706,
                -0.68292635679245
            ],
            "location_world": [
                0.68292635679245,
                0.12233265489339828,
                0.16072624921798706
            ],
            "name": "hope_Cube_0",
            "projected_cuboid": [
                [
                    -57.65587091445923,
                    204.28672432899475
                ],
                [
                    -72.24717736244202,
                    47.35852777957916
                ],
                [
                    -20.27714252471924,
                    -220.87052464485168
                ],
                [
                    22.639021277427673,
                    -119.87954378128052
                ],
                [
                    207.77611434459686,
                    233.84565114974976
                ],
                [
                    144.3977802991867,
                    100.60864686965942
                ],
                [
                    229.91999983787537,
                    -95.64858675003052
                ],
                [
                    336.8625342845917,
                    13.82496953010559
                ],
                [
                    106.88357055187225,
                    32.67568349838257
                ]
            ],
            "provenance": "nvisii",
            "quaternion_xyzw": [
                -0.08331060409545898,
                0.8734637498855591,
                -0.3750907778739929,
                -0.299044132232666
            ],
            "quaternion_xyzw_world": [
                0.4330998957157135,
                0.8154546022415161,
                0.3570532500743866,
                0.14131970703601837
            ],
            "segmentation_id": 1,
            "visibility": 1
        }
    ]
}