{
    "camera_data": {
        "camera_look_at": {
            "at": [
                1.0,
                0.0,
                0.0
            ],
            "eye": [
                0.0,
                0.0,
                0.0
            ],
            "up": [
                0.0,
                0.0,
                1.0
            ]
        },
        "camera_view_matrix": [
            [
                0.0,
                0.0,
                -1.0,
                0.0
            ],
            [
                -1.0,
                0.0,
                0.0,
                0.0
            ],
            [
                0.0,
                1.0,
                0.0,
                0.0
            ],
            [
                0.0,
                0.0,
                0.0,
                1.0
            ]
        ],
        "height": 500,
        "intrinsics": {
            "cx": 250.0,
            "cy": 250.0,
            "fx": 603.5535278320312,
            "fy": 603.5535278320312
        },
        "location_world": [
            0.0,
            0.0,
            0.0
        ],
        "quaternion_world_xyzw": [
            0.5,
            -0.5,
            -0.5,
            0.5
        ],
        "width": 500
    },
    "objects": [
        {
            "bounding_box_minx_maxx_miny_maxy": [
                21,
                499,
                222,
                500
            ],
            "class": "Cube",
            "local_cuboid": null,
            "local_to_world_matrix": [
                [
                    0.004801501054316759,
                    0.008710061199963093,
                    -0.0010394379496574402,
                    0.0
                ],
                [
                    -0.0006439152057282627,
                    0.0015317511279135942,
                    0.009860989637672901,
                    0.0
                ],
                [
                    0.008748196996748447,
                    -0.004667823668569326,
                    0.0012963246554136276,
                    0.0
                ],
                [
                    0.5743542313575745,
                    -0.24240446090698242,
                    -0.4925595819950104,
                    1.0
                ]
            ],
            "location": [
                0.24240446090698242,
                -0.4925595819950104,
                -0.5743542313575745
            ],
            "location_world": [
                0.5743542313575745,
                -0.24240446090698242,
                -0.4925595819950104
            ],
            "name": "hope_Cube_0",
            "projected_cuboid": [
                [
                    343.4308171272278,
                    571.3350772857666
                ],
                [
                    294.37127709388733,
                    245.2642023563385
                ],
                [
                    20.50863206386566,
                    328.8026750087738
                ],
                [
                    133.21590423583984,
                    949.0525126457214
                ],
                [
                    767.3099637031555,
                    639.3517851829529
                ],
                [
                    721.1671471595764,
                    194.54094767570496
                ],
                [
                    1041.8355464935303,
                    267.6016688346863
                ],
                [
                    1129.8232078552246,
                    1528.2135009765625
                ],
                [
                    470.6723690032959,
                    515.9982442855835
                ]
            ],
            "provenance": "nvisii",
            "quaternion_xyzw": [
                -0.06654839217662811,
                0.965909481048584,
                0.05021795630455017,
                0.24508830904960632
            ],
            "quaternion_xyzw_world": [
                0.5471157431602478,
                0.3685758411884308,
                0.35224539041519165,
                0.6638820767402649
            ],
            "segmentation_id": 1,
            "visibility": 1
        }
    ]
}