{
    "camera_data": {
        "camera_look_at": {
            "at": [
                1.0,
                0.0,
                0.0
            ],
            "eye": [
                0.0,
                0.0,
                0.0
            ],
            "up": [
                0.0,
                0.0,
                1.0
            ]
        },
        "camera_view_matrix": [
            [
                0.0,
                0.0,
                -1.0,
                0.0
            ],
            [
                -1.0,
                0.0,
                0.0,
                0.0
            ],
            [
                0.0,
                1.0,
                0.0,
                0.0
            ],
            [
                0.0,
                0.0,
                0.0,
                1.0
            ]
        ],
        "height": 500,
        "intrinsics": {
            "cx": 250.0,
            "cy": 250.0,
            "fx": 603.5535278320312,
            "fy": 603.5535278320312
        },
        "location_world": [
            0.0,
            0.0,
            0.0
        ],
        "quaternion_world_xyzw": [
            0.5,
            -0.5,
            -0.5,
            0.5
        ],
        "width": 500
    },
    "objects": [
        {
            "bounding_box_minx_maxx_miny_maxy": [
                -1,
                -1,
                -1,
                -1
            ],
            "class": "Cube",
            "local_cuboid": null,
            "local_to_world_matrix": [
                [
                    0.0009783717105165124,
                    0.00018122748588211834,
                    -9.972709813155234e-05,
                    0.0
                ],
                [
                    -0.00017266864597331733,
                    0.0009809777839109302,
                    8.870233432389796e-05,
                    0.0
                ],
                [
                    0.00011390537838451564,
                    -6.956409924896434e-05,
                    0.0009910531807690859,
                    0.0
                ],
                [
                    0.9106002449989319,
                    -0.6776149272918701,
                    0.22799938917160034,
                    1.0
                ]
            ],
            "location": [
                0.6776149272918701,
                0.22799938917160034,
                -0.9106002449989319
            ],
            "location_world": [
                0.9106002449989319,
                -0.6776149272918701,
                0.22799938917160034
            ],
            "name": "hope_Cube_50mm_0",
            "projected_cuboid": [
                [
                    684.2561960220337,
                    88.94047141075134
                ],
                [
                    656.4339399337769,
                    84.56353843212128
                ],
                [
                    656.6673517227173,
                    115.92578887939453
                ],
                [
                    684.6573352813721,
                    120.0389713048935
                ],
                [
                    714.3040895462036,
                    76.69244706630707
                ],
                [
                    685.2304935455322,
                    71.9522088766098
                ],
                [
                    685.6643557548523,
                    104.98638451099396
                ],
                [
                    714.9211764335632,
                    109.43427681922913
                ],
                [
                    684.9356889724731,
                    96.68348729610443
                ]
            ],
            "provenance": "nvisii",
            "quaternion_xyzw": [
                -0.4593406915664673,
                0.5881825685501099,
                0.4946260452270508,
                0.4454125761985779
            ],
            "quaternion_xyzw_world": [
                0.039814211428165436,
                0.053742341697216034,
                0.08902769535779953,
                0.9937809705734253
            ],
            "segmentation_id": 1,
            "visibility": 0
        }
    ]
}