{
    "camera_data": {
        "camera_look_at": {
            "at": [
                1.0,
                0.0,
                0.0
            ],
            "eye": [
                0.0,
                0.0,
                0.0
            ],
            "up": [
                0.0,
                0.0,
                1.0
            ]
        },
        "camera_view_matrix": [
            [
                0.0,
                0.0,
                -1.0,
                0.0
            ],
            [
                -1.0,
                0.0,
                0.0,
                0.0
            ],
            [
                0.0,
                1.0,
                0.0,
                0.0
            ],
            [
                0.0,
                0.0,
                0.0,
                1.0
            ]
        ],
        "height": 500,
        "intrinsics": {
            "cx": 250.0,
            "cy": 250.0,
            "fx": 603.5535278320312,
            "fy": 603.5535278320312
        },
        "location_world": [
            0.0,
            0.0,
            0.0
        ],
        "quaternion_world_xyzw": [
            0.5,
            -0.5,
            -0.5,
            0.5
        ],
        "width": 500
    },
    "objects": [
        {
            "bounding_box_minx_maxx_miny_maxy": [
                455,
                499,
                1,
                80
            ],
            "class": "Cube",
            "local_cuboid": null,
            "local_to_world_matrix": [
                [
                    0.002427849220111966,
                    0.004344431683421135,
                    0.00048110506031662226,
                    0.0
                ],
                [
                    0.0038034645840525627,
                    -0.002370973117649555,
                    0.002216335851699114,
                    0.0
                ],
                [
                    0.002153881127014756,
                    -0.0007102128001861274,
                    -0.004456051625311375,
                    0.0
                ],
                [
                    1.1123452186584473,
                    -0.5085257887840271,
                    0.4442146420478821,
                    1.0
                ]
            ],
            "location": [
                0.5085257887840271,
                0.4442146420478821,
                -1.1123452186584473
            ],
            "location_world": [
                1.1123452186584473,
                -0.5085257887840271,
                0.4442146420478821
            ],
            "name": "hope_Cube_0",
            "projected_cuboid": [
                [
                    455.4680585861206,
                    80.35942912101746
                ],
                [
                    478.3858060836792,
                    55.926695466041565
                ],
                [
                    480.80164194107056,
                    -62.73654103279114
                ],
                [
                    456.0891389846802,
                    -56.11598491668701
                ],
                [
                    596.6237783432007,
                    74.86467063426971
                ],
                [
                    600.9705066680908,
                    48.949241638183594
                ],
                [
                    614.7459745407104,
                    -82.47208595275879
                ],
                [
                    612.5555634498596,
                    -78.80741357803345
                ],
                [
                    533.8237285614014,
                    0.25562942028045654
                ]
            ],
            "provenance": "nvisii",
            "quaternion_xyzw": [
                0.1722082942724228,
                0.8280895948410034,
                -0.4987090826034546,
                0.18947599828243256
            ],
            "quaternion_xyzw_world": [
                0.8442414999008179,
                0.4825572073459625,
                0.15605643391609192,
                0.17332413792610168
            ],
            "segmentation_id": 1,
            "visibility": 1
        },
        {
            "bounding_box_minx_maxx_miny_maxy": [
                235,
                453,
                1,
                192
            ],
            "class": "Cube",
            "local_cuboid": null,
            "local_to_world_matrix": [
                [
                    -0.0004958545905537903,
                    -0.003819473320618272,
                    0.0031883791089057922,
                    0.0
                ],
                [
                    0.0031483976636081934,
                    0.002240164205431938,
                    0.003173209959641099,
                    0.0
                ],
                [
                    -0.003852496389299631,
                    0.002322346670553088,
                    0.002182883908972144,
                    0.0
                ],
                [
                    1.0710439682006836,
                    -0.23683495819568634,
                    0.24784094095230103,
                    1.0
                ]
            ],
            "location": [
                0.23683495819568634,
                0.24784094095230103,
                -1.0710439682006836
            ],
            "location_world": [
                1.0710439682006836,
                -0.23683495819568634,
                0.24784094095230103
            ],
            "name": "hope_Cube_1",
            "projected_cuboid": [
                [
                    422.01119661331177,
                    10.341927409172058
                ],
                [
                    337.4561369419098,
                    -41.48468375205994
                ],
                [
                    378.0211806297302,
                    51.49263143539429
                ],
                [
                    454.00315523147583,
                    107.34826326370239
                ],
                [
                    300.9251356124878,
                    113.8337254524231
                ],
                [
                    234.85572636127472,
                    48.89558255672455
                ],
                [
                    289.44864869117737,
                    127.12937593460083
                ],
                [
                    352.0151376724243,
                    191.90378487110138
                ],
                [
                    344.92558240890503,
                    78.25431227684021
                ]
            ],
            "provenance": "nvisii",
            "quaternion_xyzw": [
                -0.29948022961616516,
                -0.15830999612808228,
                0.3049437999725342,
                0.8900893926620483
            ],
            "quaternion_xyzw_world": [
                0.06367767602205276,
                -0.5269314646720886,
                -0.5214678645133972,
                0.6681016683578491
            ],
            "segmentation_id": 2,
            "visibility": 1
        },
        {
            "bounding_box_minx_maxx_miny_maxy": [
                43,
                191,
                403,
                500
            ],
            "class": "Cube",
            "local_cuboid": null,