{
    "camera_data": {
        "camera_look_at": {
            "at": [
                1.0,
                0.0,
                0.0
            ],
            "eye": [
                0.0,
                0.0,
                0.0
            ],
            "up": [
                0.0,
                0.0,
                1.0
            ]
        },
        "camera_view_matrix": [
            [
                0.0,
                0.0,
                -1.0,
                0.0
            ],
            [
                -1.0,
                0.0,
                0.0,
                0.0
            ],
            [
                0.0,
                1.0,
                0.0,
                0.0
            ],
            [
                0.0,
                0.0,
                0.0,
                1.0
            ]
        ],
        "height": 500,
        "intrinsics": {
            "cx": 250.0,
            "cy": 250.0,
            "fx": 603.5535278320312,
            "fy": 603.5535278320312
        },
        "location_world": [
            0.0,
            0.0,
            0.0
        ],
        "quaternion_world_xyzw": [
            0.5,
            -0.5,
            -0.5,
            0.5
        ],
        "width": 500
    },
    "objects": [
        {
            "bounding_box_minx_maxx_miny_maxy": [
                151,
                499,
                251,
                500
            ],
            "class": "Cube",
            "local_cuboid": null,
            "local_to_world_matrix": [
                [
                    0.009731914848089218,
                    0.0022743253502994776,
                    0.00034245496499352157,
                    0.0
                ],
                [
                    -0.002026947680860758,
                    0.007777458988130093,
                    0.0059500099159777164,
                    0.0
                ],
                [
                    0.0010868828976526856,
                    -0.005859912373125553,
                    0.00802995078265667,
                    0.0
                ],
                [
                    1.3677102327346802,
                    -0.3482077419757843,
                    -0.5054543018341064,
                    1.0
                ]
            ],
            "location": [
                0.3482077419757843,
                -0.5054543018341064,
                -1.3677102327346802
            ],
            "location_world": [
                1.3677102327346802,
                -0.3482077419757843,
                -0.5054543018341064
            ],
            "name": "hope_Cube_0",
            "projected_cuboid": [
                [
                    411.31582856178284,
                    359.10817980766296
                ],
                [
                    269.2335546016693,
                    249.46735799312592
                ],
                [
                    150.6536900997162,
                    412.9062294960022
                ],
                [
                    305.1987886428833,
                    515.850841999054
                ],
                [
                    539.0783548355103,
                    414.1853451728821
                ],
                [
                    343.49560737609863,
                    259.06071066856384
                ],
                [
                    171.0297167301178,
                    502.8797388076782
                ],
                [
                    392.22925901412964,
                    643.1668996810913
                ],
                [
                    320.4682171344757,
                    413.4654998779297
                ]
            ],
            "provenance": "nvisii",
            "quaternion_xyzw": [
                -0.2675139307975769,
                0.6948240399360657,
                0.3618505597114563,
                0.5609990954399109
            ],
            "quaternion_xyzw_world": [
                0.31322935223579407,
                0.019744131714105606,
                0.1140807718038559,
                0.9425938129425049
            ],
            "segmentation_id": 1,
            "visibility": 1
        }
    ]
}