{
    "camera_data": {
        "camera_look_at": {
            "at": [
                1.0,
                0.0,
                0.0
            ],
            "eye": [
                0.0,
                0.0,
                0.0
            ],
            "up": [
                0.0,
                0.0,
                1.0
            ]
        },
        "camera_view_matrix": [
            [
                0.0,
                0.0,
                -1.0,
                0.0
            ],
            [
                -1.0,
                0.0,
                0.0,
                0.0
            ],
            [
                0.0,
                1.0,
                0.0,
                0.0
            ],
            [
                0.0,
                0.0,
                0.0,
                1.0
            ]
        ],
        "height": 500,
        "intrinsics": {
            "cx": 250.0,
            "cy": 250.0,
            "fx": 603.5535278320312,
            "fy": 603.5535278320312
        },
        "location_world": [
            0.0,
            0.0,
            0.0
        ],
        "quaternion_world_xyzw": [
            0.5,
            -0.5,
            -0.5,
            0.5
        ],
        "width": 500
    },
    "objects": [
        {
            "bounding_box_minx_maxx_miny_maxy": [
                285,
                490,
                77,
                320
            ],
            "class": "Cube",
            "local_cuboid": null,
            "local_to_world_matrix": [
                [
                    -0.005652005318552256,
                    0.0024672141298651695,
                    0.0033117535058408976,
                    0.0
                ],
                [
                    0.003301068441942334,
                    -0.0006739557138644159,
                    0.006135857198387384,
                    0.0
                ],
                [
                    0.0024814920034259558,
                    0.006516030058264732,
                    -0.000619321595877409,
                    0.0
                ],
                [
                    1.2103561162948608,
                    -0.2905379831790924,
                    -0.06638451665639877,
                    1.0
                ]
            ],
            "location": [
                0.2905379831790924,
                -0.06638451665639877,
                -1.2103561162948608
            ],
            "location_world": [
                1.2103561162948608,
                -0.2905379831790924,
                -0.06638451665639877
            ],
            "name": "hope_Cube_0",
            "projected_cuboid": [
                [
                    285.1946949958801,
                    249.50574338436127
                ],
                [
                    296.4043915271759,
                    106.70994222164154
                ],
                [
                    469.0868556499481,
                    75.59551298618317
                ],
                [
                    484.79917645454407,
                    230.88541626930237
                ],
                [
                    330.8260440826416,
                    320.29950618743896
                ],
                [
                    335.2585434913635,
                    195.66325843334198
                ],
                [
                    477.7078628540039,
                    178.18063497543335
                ],
                [
                    491.08046293258667,
                    312.57060170173645
                ],
                [
                    393.49669218063354,
                    209.3804031610489
                ]
            ],
            "provenance": "nvisii",
            "quaternion_xyzw": [
                0.17712199687957764,
                0.8036649227142334,
                -0.17421923577785492,
                -0.540738582611084
            ],
            "quaternion_xyzw_world": [
                0.3071337640285492,
                0.6707503795623779,
                0.6736531257629395,
                -0.044207483530044556
            ],
            "segmentation_id": 1,
            "visibility": 1
        },
        {
            "bounding_box_minx_maxx_miny_maxy": [
                0,
                204,
                1,
                241
            ],
            "class": "Cube",
            "local_cuboid": null,
            "local_to_world_matrix": [
                [
                    0.0026014710310846567,
                    0.00623429287225008,
                    0.0018346537835896015,
                    0.0
                ],
                [
                    -0.0049198092892766,
                    0.003180491039529443,
                    -0.0038314443081617355,
                    0.0
                ],
                [
                    -0.004245920106768608,
                    0.00013446444063447416,
                    0.00556363957002759,
                    0.0
                ],
                [
                    0.9449422955513,
                    0.23318849503993988,
                    0.38778167963027954,
                    1.0
                ]
            ],
            "location": [
                -0.23318849503993988,
                0.38778167963027954,
                -0.9449422955513
            ],
            "location_world": [
                0.9449422955513,
                0.23318849503993988,
                0.38778167963027954
            ],
            "name": "hope_Cube_1",
            "projected_cuboid": [
                [
                    -12.038767337799072,
                    -132.45925307273865
                ],
                [
                    -255.92607259750366,
                    -99.71174597740173
                ],
                [
                    -127.82678008079529,
                    178.56651544570923
                ],
                [
                    41.43862426280975,
                    90.71628749370575
                ],
                [
                    187.0572865009308,
                    -125.1990795135498
                ],
                [
                    -24.140477180480957,
                    -80.99651336669922
                ],
                [
                    59.98310446739197,
                    240.82337319850922
                ],
                [
                    204.7239989042282,
                    125.85324048995972
                ],
                [
                    20.384639501571655,
                    35.588428378105164
                ]
            ],
            "provenance": "nvisii",
            "quaternion_xyzw": [
                -0.11200012266635895,
                0.4291573762893677,
                0.8724280595779419,
                0.20530331134796143
            ],
            "quaternion_xyzw_world": [
                -0.17498371005058289,
                -0.26828691363334656,
                0.4921410083770752,
                0.8094444274902344
            ],
            "segmentation_id": 2,
            "visibility": 1
        }
    ]
}