{
    "camera_data": {
        "camera_look_at": {
            "at": [
                1.0,
                0.0,
                0.0
            ],
            "eye": [
                0.0,
                0.0,
                0.0
            ],
            "up": [
                0.0,
                0.0,
                1.0
            ]
        },
        "camera_view_matrix": [
            [
                0.0,
                0.0,
                -1.0,
                0.0
            ],
            [
                -1.0,
                0.0,
                0.0,
                0.0
            ],
            [
                0.0,
                1.0,
                0.0,
                0.0
            ],
            [
                0.0,
                0.0,
                0.0,
                1.0
            ]
        ],
        "height": 500,
        "intrinsics": {
            "cx": 250.0,
            "cy": 250.0,
            "fx": 603.5535278320312,
            "fy": 603.5535278320312
        },
        "location_world": [
            0.0,
            0.0,
            0.0
        ],
        "quaternion_world_xyzw": [
            0.5,
            -0.5,
            -0.5,
            0.5
        ],
        "width": 500
    },
    "objects": [
        {
            "bounding_box_minx_maxx_miny_maxy": [
                47,
                353,
                272,
                500
            ],
            "class": "Cube",
            "local_cuboid": null,
            "local_to_world_matrix": [
                [
                    -0.008516103960573673,
                    0.005053200758993626,
                    -0.0013932478614151478,
                    0.0
                ],
                [
                    -0.00028540953644551337,
                    -0.003101054346188903,
                    -0.00950273685157299,
                    0.0
                ],
                [
                    -0.0052339774556458,
                    -0.008052864111959934,
                    0.0027851122431457043,
                    0.0
                ],
                [
                    1.6229190826416016,
                    0.19108979403972626,
                    -0.16405987739562988,
                    1.0
                ]
            ],
            "location": [
                -0.19108979403972626,
                -0.16405987739562988,
                -1.6229190826416016
            ],
            "location_world": [
                1.6229190826416016,
                0.19108979403972626,
                -0.16405987739562988
            ],
            "name": "hope_Cube_50mm_0",
            "projected_cuboid": [
                [
                    195.22100687026978,
                    310.99069118499756
                ],
                [
                    268.5873508453369,
                    538.3934378623962
                ],
                [
                    106.2123030424118,
                    544.011116027832
                ],
                [
                    46.81019484996796,
                    355.17823696136475
                ],
                [
                    298.3423173427582,
                    271.09846472740173
                ],
                [
                    354.10165786743164,
                    440.8928155899048
                ],
                [
                    215.6772017478943,
                    458.35432410240173
                ],
                [
                    168.3419942855835,
                    311.02725863456726
                ],
                [
                    207.57992565631866,
                    400.02262592315674
                ]
            ],
            "provenance": "nvisii",
            "quaternion_xyzw": [
                0.4799885153770447,
                0.08895033597946167,
                0.862987756729126,
                -0.1301959753036499
            ],
            "quaternion_xyzw_world": [
                -0.21212245523929596,
                -0.5619149804115295,
                0.7810612916946411,
                0.17087681591510773
            ],
            "segmentation_id": 1,
            "visibility": 1
        },
        {
            "bounding_box_minx_maxx_miny_maxy": [
                0,
                181,
                36,
                348
            ],
            "class": "Cube",
            "local_cuboid": null,
            "local_to_world_matrix": [
                [
                    0.008480106480419636,
                    0.002183186123147607,
                    0.00482923211529851,
                    0.0
                ],
                [
                    0.001512449816800654,
                    -0.009730095975100994,
                    0.001742901629768312,
                    0.0
                ],
                [
                    0.0050793979316949844,
                    -0.000747601967304945,
                    -0.008581421338021755,
                    0.0
                ],
                [
                    1.3350369930267334,
                    0.7083867192268372,
                    0.10937673598527908,
                    1.0
                ]
            ],
            "location": [
                -0.7083867192268372,
                0.10937673598527908,
                -1.3350369930267334
            ],
            "location_world": [
                1.3350369930267334,
                0.7083867192268372,
                0.10937673598527908
            ],
            "name": "hope_Cube_50mm_1",
            "projected_cuboid": [
                [
                    -18.34172010421753,
                    244.38562989234924
                ],
                [
                    161.07986867427826,
                    214.5669460296631
                ],
                [
                    130.8969259262085,
                    35.4064404964447
                ],
                [
                    -82.22067356109619,
                    61.017170548439026
                ],
                [
                    -56.65695667266846,
                    359.067440032959
                ],
                [
                    182.338148355484,
                    313.1691515445709
                ],
                [
                    145.2512890100479,
                    86.49133145809174
                ],
                [
                    -157.4978232383728,
                    126.88267230987549
                ],
                [
                    45.510247349739075,
                    182.75797367095947
                ]
            ],
            "provenance": "nvisii",
            "quaternion_xyzw": [
                0.5280461311340332,
                0.6893019080162048,
                -0.3660903573036194,
                0.3346758484840393
            ],
            "quaternion_xyzw_world": [
                0.9590571522712708,
                0.09633513540029526,
                0.2582909166812897,
                0.06492062658071518
            ],
            "segmentation_id": 2,
            "visibility": 1
        }
    ]
}