{
    "camera_data": {
        "camera_look_at": {
            "at": [
                1.0,
                0.0,
                0.0
            ],
            "eye": [
                0.0,
                0.0,
                0.0
            ],
            "up": [
                0.0,
                0.0,
                1.0
            ]
        },
        "camera_view_matrix": [
            [
                0.0,
                0.0,
                -1.0,
                0.0
            ],
            [
                -1.0,
                0.0,
                0.0,
                0.0
            ],
            [
                0.0,
                1.0,
                0.0,
                0.0
            ],
            [
                0.0,
                0.0,
                0.0,
                1.0
            ]
        ],
        "height": 500,
        "intrinsics": {
            "cx": 250.0,
            "cy": 250.0,
            "fx": 603.5535278320312,
            "fy": 603.5535278320312
        },
        "location_world": [
            0.0,
            0.0,
            0.0
        ],
        "quaternion_world_xyzw": [
            0.5,
            -0.5,
            -0.5,
            0.5
        ],
        "width": 500
    },
    "objects": [
        {
            "bounding_box_minx_maxx_miny_maxy": [
                -1,
                -1,
                -1,
                -1
            ],
            "class": "Cube",
            "local_cuboid": null,
            "local_to_world_matrix": [
                [
                    0.0009900233708322048,
                    4.5673172280658036e-05,
                    0.0001332957617705688,
                    0.0
                ],
                [
                    3.723839108715765e-05,
                    -0.000997183728031814,
                    6.510083039756864e-05,
                    0.0
                ],
                [
                    0.00013589372974820435,
                    -5.94876182731241e-05,
                    -0.0009889360517263412,
                    0.0
                ],
                [
                    0.340202271938324,
                    0.487804651260376,
                    0.21638771891593933,
                    1.0
                ]
            ],
            "location": [
                -0.487804651260376,
                0.21638771891593933,
                -0.340202271938324
            ],
            "location_world": [
                0.340202271938324,
                0.487804651260376,
                0.21638771891593933
            ],
            "name": "hope_Cube_0",
            "projected_cuboid": [
                [
                    -548.7174391746521,
                    -69.50831413269043
                ],
                [
                    -463.41556310653687,
                    -73.20809364318848
                ],
                [
                    -481.6937446594238,
                    -161.37081384658813
                ],
                [
                    -568.6929821968079,
                    -158.05557370185852
                ],
                [
                    -668.3952212333679,
                    -106.49606585502625
                ],
                [
                    -569.2323446273804,
                    -110.55213212966919
                ],
                [
                    -592.6834940910339,
                    -213.42545747756958
                ],
                [
                    -694.1455602645874,
                    -209.89495515823364
                ],
                [
                    -568.9464211463928,
                    -135.7257068157196
                ]
            ],
            "provenance": "nvisii",
            "quaternion_xyzw": [
                0.506240963935852,
                0.5582713484764099,
                -0.4595319926738739,
                0.46998241543769836
            ],
            "quaternion_xyzw_world": [
                0.9970133900642395,
                0.0207899808883667,
                0.06749895960092545,
                0.031240412965416908
            ],
            "segmentation_id": 1,
            "visibility": 0
        }
    ]
}