{
    "camera_data": {
        "camera_look_at": {
            "at": [
                1.0,
                0.0,
                0.0
            ],
            "eye": [
                0.0,
                0.0,
                0.0
            ],
            "up": [
                0.0,
                0.0,
                1.0
            ]
        },
        "camera_view_matrix": [
            [
                0.0,
                0.0,
                -1.0,
                0.0
            ],
            [
                -1.0,
                0.0,
                0.0,
                0.0
            ],
            [
                0.0,
                1.0,
                0.0,
                0.0
            ],
            [
                0.0,
                0.0,
                0.0,
                1.0
            ]
        ],
        "height": 500,
        "intrinsics": {
            "cx": 250.0,
            "cy": 250.0,
            "fx": 603.5535278320312,
            "fy": 603.5535278320312
        },
        "location_world": [
            0.0,
            0.0,
            0.0
        ],
        "quaternion_world_xyzw": [
            0.5,
            -0.5,
            -0.5,
            0.5
        ],
        "width": 500
    },
    "objects": [
        {
            "bounding_box_minx_maxx_miny_maxy": [
                338,
                499,
                104,
                246
            ],
            "class": "Cube",
            "local_cuboid": null,
            "local_to_world_matrix": [
                [
                    0.002711192239075899,
                    -0.004193018190562725,
                    -0.00026083842385560274,
                    0.0
                ],
                [
                    -0.001011184765957296,
                    -0.0003499960876069963,
                    -0.004884159192442894,
                    0.0
                ],
                [
                    0.004077615216374397,
                    0.0027011302299797535,
                    -0.001037764479406178,
                    0.0
                ],
                [
                    1.477974534034729,
                    -0.3929394483566284,
                    0.2863237261772156,
                    1.0
                ]
            ],
            "location": [
                0.3929394483566284,
                0.2863237261772156,
                -1.477974534034729
            ],
            "location_world": [
                1.477974534034729,
                -0.3929394483566284,
                0.2863237261772156
            ],
            "name": "hope_Cube_0",
            "projected_cuboid": [
                [
                    407.5964391231537,
                    157.01109170913696
                ],
                [
                    419.19851303100586,
                    246.35300040245056
                ],
                [
                    502.46405601501465,
                    223.34152460098267
                ],
                [
                    486.30785942077637,
                    122.189462184906
                ],
                [
                    338.04458379745483,
                    143.46927404403687
                ],
                [
                    348.3167588710785,
                    240.62912166118622
                ],
                [
                    429.06659841537476,
                    214.20949697494507
                ],
                [
                    414.0729308128357,
                    102.92911529541016
                ],
                [
                    416.8905019760132,
                    181.77133798599243
                ]
            ],
            "provenance": "nvisii",
            "quaternion_xyzw": [
                -0.9527536630630493,
                -0.00467894971370697,
                0.28403574228286743,
                -0.10752774775028229
            ],
            "quaternion_xyzw_world": [
                -0.6744980812072754,
                0.3857833743095398,
                -0.2829345762729645,
                0.5622913837432861
            ],
            "segmentation_id": 1,
            "visibility": 1
        }
    ]
}