{
    "camera_data": {
        "camera_look_at": {
            "at": [
                1.0,
                0.0,
                0.0
            ],
            "eye": [
                0.0,
                0.0,
                0.0
            ],
            "up": [
                0.0,
                0.0,
                1.0
            ]
        },
        "camera_view_matrix": [
            [
                0.0,
                0.0,
                -1.0,
                0.0
            ],
            [
                -1.0,
                0.0,
                0.0,
                0.0
            ],
            [
                0.0,
                1.0,
                0.0,
                0.0
            ],
            [
                0.0,
                0.0,
                0.0,
                1.0
            ]
        ],
        "height": 500,
        "intrinsics": {
            "cx": 250.0,
            "cy": 250.0,
            "fx": 603.5535278320312,
            "fy": 603.5535278320312
        },
        "location_world": [
            0.0,
            0.0,
            0.0
        ],
        "quaternion_world_xyzw": [
            0.5,
            -0.5,
            -0.5,
            0.5
        ],
        "width": 500
    },
    "objects": [
        {
            "bounding_box_minx_maxx_miny_maxy": [
                0,
                398,
                340,
                500
            ],
            "class": "Cube",
            "local_cuboid": null,
            "local_to_world_matrix": [
                [
                    0.0019528770353645086,
                    0.00012389048060867935,
                    0.00980667769908905,
                    0.0
                ],
                [
                    0.004422569181770086,
                    -0.008935959078371525,
                    -0.0007678088149987161,
                    0.0
                ],
                [
                    0.008753693662583828,
                    0.004487014841288328,
                    -0.0017998742405325174,
                    0.0
                ],
                [
                    0.37718990445137024,
                    0.45639467239379883,
                    -0.31767401099205017,
                    1.0
                ]
            ],
            "location": [
                -0.45639467239379883,
                -0.31767401099205017,
                -0.37718990445137024
            ],
            "location_world": [
                0.37718990445137024,
                0.45639467239379883,
                -0.31767401099205017
            ],
            "name": "hope_Cube_50mm_0",
            "projected_cuboid": [
                [
                    -285.0540280342102,
                    359.97825860977173
                ],
                [
                    162.97119855880737,
                    358.65187644958496
                ],
                [
                    390.1880085468292,
                    342.8666293621063
                ],
                [
                    -761.8488073348999,
                    330.146461725235
                ],
                [
                    -373.6962676048279,
                    920.4233884811401
                ],
                [
                    156.77718818187714,
                    757.6319575309753
                ],
                [
                    442.8933262825012,
                    1265.312671661377
                ],
                [
                    -1629.7918558120728,
                    3103.638172149658
                ],
                [
                    -38.31210732460022,
                    666.846513748169
                ]
            ],
            "provenance": "nvisii",
            "quaternion_xyzw": [
                0.6963765621185303,
                0.6728628277778625,
                -0.23119285702705383,
                -0.09415504336357117
            ],
            "quaternion_xyzw_world": [
                0.7531386017799377,
                0.15091709792613983,
                0.6161007881164551,
                -0.17443081736564636
            ],
            "segmentation_id": 1,
            "visibility": 1
        },
        {
            "bounding_box_minx_maxx_miny_maxy": [
                0,
                241,
                1,
                262
            ],
            "class": "Cube",
            "local_cuboid": null,
            "local_to_world_matrix": [
                [
                    -0.0021348141599446535,
                    -0.006069226656109095,
                    -0.007655523717403412,
                    0.0
                ],
                [
                    0.009736861102283001,
                    -0.000682092912029475,
                    -0.0021744591649621725,
                    0.0
                ],
                [
                    0.0007975509506650269,
                    -0.007918284274637699,
                    0.006055136676877737,
                    0.0
                ],
                [
                    1.2544509172439575,
                    0.40498247742652893,
                    0.4165489673614502,
                    1.0
                ]
            ],
            "location": [
                -0.40498247742652893,
                0.4165489673614502,
                -1.2544509172439575
            ],
            "location_world": [
                1.2544509172439575,
                0.40498247742652893,
                0.4165489673614502
            ],
            "name": "hope_Cube_50mm_1",
            "projected_cuboid": [
                [
                    222.66767919063568,
                    63.875481486320496
                ],
                [
                    242.51149594783783,
                    155.35449981689453
                ],
                [
                    99.07250106334686,
                    262.64306902885437
                ],
                [
                    19.43601667881012,
                    212.29776740074158
                ],
                [
                    86.92200481891632,
                    -95.1583981513977
                ],
                [
                    142.01800525188446,
                    33.60702097415924
                ],
                [
                    4.948064684867859,
                    131.7070722579956
                ],
                [
                    -103.66883873939514,
                    36.03824973106384
                ],
                [
                    93.68722140789032,
                    104.05994951725006
                ]
            ],
            "provenance": "nvisii",
            "quaternion_xyzw": [
                -0.6899499297142029,
                0.25267890095710754,
                -0.3642691373825073,
                0.5722153782844543
            ],
            "quaternion_xyzw_world": [
                0.24960672855377197,
                0.3673413097858429,
                -0.6868777871131897,
                0.5752875208854675
            ],
            "segmentation_id": 2,
            "visibility": 1
        }
    ]
}