{
    "camera_data": {
        "camera_look_at": {
            "at": [
                1.0,
                0.0,
                0.0
            ],
            "eye": [
                0.0,
                0.0,
                0.0
            ],
            "up": [
                0.0,
                0.0,
                1.0
            ]
        },
        "camera_view_matrix": [
            [
                0.0,
                0.0,
                -1.0,
                0.0
            ],
            [
                -1.0,
                0.0,
                0.0,
                0.0
            ],
            [
                0.0,
                1.0,
                0.0,
                0.0
            ],
            [
                0.0,
                0.0,
                0.0,
                1.0
            ]
        ],
        "height": 500,
        "intrinsics": {
            "cx": 250.0,
            "cy": 250.0,
            "fx": 603.5535278320312,
            "fy": 603.5535278320312
        },
        "location_world": [
            0.0,
            0.0,
            0.0
        ],
        "quaternion_world_xyzw": [
            0.5,
            -0.5,
            -0.5,
            0.5
        ],
        "width": 500
    },
    "objects": [
        {
            "bounding_box_minx_maxx_miny_maxy": [
                147,
                316,
                207,
                353
            ],
            "class": "Cube",
            "local_cuboid": null,
            "local_to_world_matrix": [
                [
                    -0.0017749738181009889,
                    -0.0013924130471423268,
                    -0.00446213549003005,
                    0.0
                ],
                [
                    0.0022044642828404903,
                    0.003959517925977707,
                    -0.002112475223839283,
                    0.0
                ],
                [
                    0.004121869336813688,
                    -0.0027172411791980267,
                    -0.0007917028269730508,
                    0.0
                ],
                [
                    1.3753491640090942,
                    -0.056973688304424286,
                    -0.03458419069647789,
                    1.0
                ]
            ],
            "location": [
                0.056973688304424286,
                -0.03458419069647789,
                -1.3753491640090942
            ],
            "location_world": [
                1.3753491640090942,
                -0.056973688304424286,
                -0.03458419069647789
            ],
            "name": "hope_Cube_0",
            "projected_cuboid": [
                [
                    317.22113490104675,
                    319.83697414398193
                ],
                [
                    235.04607379436493,
                    356.134295463562
                ],
                [
                    171.46436870098114,
                    354.6261191368103
                ],
                [
                    261.72420382499695,
                    312.1013045310974
                ],
                [
                    285.70908308029175,
                    227.33789682388306
                ],
                [
                    210.12699604034424,
                    267.9060399532318
                ],
                [
                    146.9007283449173,
                    253.74847650527954
                ],
                [
                    229.02044653892517,
                    205.64517378807068
                ],
                [
                    232.27287828922272,
                    286.8749499320984
                ]
            ],
            "provenance": "nvisii",
            "quaternion_xyzw": [
                -0.7945677042007446,
                0.5299519300460815,
                -0.28268295526504517,
                0.08890123665332794
            ],
            "quaternion_xyzw_world": [
                0.053484197705984116,
                0.7591506838798523,
                -0.3181000053882599,
                0.5653689503669739
            ],
            "segmentation_id": 1,
            "visibility": 1
        },
        {
            "bounding_box_minx_maxx_miny_maxy": [
                111,
                327,
                301,
                500
            ],
            "class": "Cube",
            "local_cuboid": null,
            "local_to_world_matrix": [
                [
                    -0.004285955801606178,
                    -0.0014904579147696495,
                    0.002099788747727871,
                    0.0
                ],
                [
                    -0.0004926175461150706,
                    -0.0035273681860417128,
                    -0.0035092730540782213,
                    0.0
                ],
                [
                    0.0025274306535720825,
                    -0.00321499677374959,
                    0.0028767844196408987,
                    0.0
                ],
                [
                    1.1372270584106445,
                    0.15535402297973633,
                    -0.2136894166469574,
                    1.0
                ]
            ],
            "location": [
                -0.15535402297973633,
                -0.2136894166469574,
                -1.1372270584106445
            ],
            "location_world": [
                1.1372270584106445,
                0.15535402297973633,
                -0.2136894166469574
            ],
            "name": "hope_Cube_1",
            "projected_cuboid": [
                [
                    229.1773557662964,
                    299.28576946258545
                ],
                [
                    328.3086121082306,
                    399.5218873023987
                ],
                [
                    235.84473133087158,
                    511.70945167541504
                ],
                [
                    126.11261010169983,
                    395.5146074295044
                ],
                [
                    198.19122552871704,
                    339.67000246047974
                ],
                [
                    280.16892075538635,
                    423.9383041858673
                ],
                [
                    199.57759976387024,
                    518.0065631866455
                ],
                [
                    110.50993204116821,
                    422.76108264923096
                ],
                [
                    213.96109461784363,
                    411.7228090763092
                ]
            ],
            "provenance": "nvisii",
            "quaternion_xyzw": [
                0.7914278507232666,
                0.35550665855407715,
                0.4738873243331909,
                -0.15062439441680908
            ],
            "quaternion_xyzw_world": [
                0.2612113952636719,
                -0.37959209084510803,
                0.8857231140136719,
                -0.056329142302274704
            ],
            "segmentation_id": 2,
            "visibility": 1
        },
        {
            "bounding_box_minx_maxx_miny_maxy": [
                134,
                258,
                142,
                249
            ],
            "class": "Cube",
            "local_cuboid": null,