{
    "camera_data": {
        "camera_look_at": {
            "at": [
                1.0,
                0.0,
                0.0
            ],
            "eye": [
                0.0,
                0.0,
                0.0
            ],
            "up": [
                0.0,
                0.0,
                1.0
            ]
        },
        "camera_view_matrix": [
            [
                0.0,
                0.0,
                -1.0,
                0.0
            ],
            [
                -1.0,
                0.0,
                0.0,
                0.0
            ],
            [
                0.0,
                1.0,
                0.0,
                0.0
            ],
            [
                0.0,
                0.0,
                0.0,
                1.0
            ]
        ],
        "height": 500,
        "intrinsics": {
            "cx": 250.0,
            "cy": 250.0,
            "fx": 603.5535278320312,
            "fy": 603.5535278320312
        },
        "location_world": [
            0.0,
            0.0,
            0.0
        ],
        "quaternion_world_xyzw": [
            0.5,
            -0.5,
            -0.5,
            0.5
        ],
        "width": 500
    },
    "objects": [
        {
            "bounding_box_minx_maxx_miny_maxy": [
                114,
                356,
                313,
                500
            ],
            "class": "Cube",
            "local_cuboid": null,
            "local_to_world_matrix": [
                [
                    -0.00012382460408844054,
                    0.006347296759486198,
                    -0.00294898496940732,
                    0.0
                ],
                [
                    0.002564472146332264,
                    0.002785466844215989,
                    0.005887670908123255,
                    0.0
                ],
                [
                    0.006512155756354332,
                    -0.0009762225090526044,
                    -0.0023746255319565535,
                    0.0
                ],
                [
                    1.2288119792938232,
                    -0.054786719381809235,
                    -0.5492162108421326,
                    1.0
                ]
            ],
            "location": [
                0.054786719381809235,
                -0.5492162108421326,
                -1.2288119792938232
            ],
            "location_world": [
                1.2288119792938232,
                -0.054786719381809235,
                -0.5492162108421326
            ],
            "name": "hope_Cube_0",
            "projected_cuboid": [
                [
                    215.44772386550903,
                    546.5807914733887
                ],
                [
                    162.94808685779572,
                    404.36503291130066
                ],
                [
                    114.41880464553833,
                    386.4005208015442
                ],
                [
                    177.14667320251465,
                    570.0149536132812
                ],
                [
                    352.9389500617981,
                    481.4563989639282
                ],
                [
                    289.07665610313416,
                    345.30189633369446
                ],
                [
                    275.09841322898865,
                    311.36834621429443
                ],
                [
                    356.7342460155487,
                    484.9204421043396
                ],
                [
                    243.06783080101013,
                    437.6702308654785
                ]
            ],
            "provenance": "nvisii",
            "quaternion_xyzw": [
                -0.2135741114616394,
                0.9589264988899231,
                -0.18395183980464935,
                0.0317467600107193
            ],
            "quaternion_xyzw_world": [
                0.48052552342414856,
                0.6623528599739075,
                0.2648269236087799,
                0.5101478099822998
            ],
            "segmentation_id": 1,
            "visibility": 1
        },
        {
            "bounding_box_minx_maxx_miny_maxy": [
                30,
                319,
                112,
                358
            ],
            "class": "Cube",
            "local_cuboid": null,
            "local_to_world_matrix": [
                [
                    -0.0012744392734020948,
                    0.001451629213988781,
                    0.006728192791342735,
                    0.0
                ],
                [
                    -0.004752088338136673,
                    0.004764469340443611,
                    -0.001928079640492797,
                    0.0
                ],
                [
                    -0.004979303572326899,
                    -0.0049185981042683125,
                    0.0001180350809590891,
                    0.0
                ],
                [
                    1.2897893190383911,
                    0.020763128995895386,
                    0.08934241533279419,
                    1.0
                ]
            ],
            "location": [
                -0.020763128995895386,
                0.08934241533279419,
                -1.2897893190383911
            ],
            "location_world": [
                1.2897893190383911,
                0.020763128995895386,
                0.08934241533279419
            ],
            "name": "hope_Cube_1",
            "projected_cuboid": [
                [
                    285.09724140167236,
                    111.2862378358841
                ],
                [
                    133.90827178955078,
                    139.44518566131592
                ],
                [
                    29.498398303985596,
                    166.59939289093018
                ],
                [
                    171.4046597480774,
                    138.8445496559143
                ],
                [
                    319.82117891311646,
                    288.27089071273804
                ],
                [
                    187.27046251296997,
                    358.384370803833
                ],
                [
                    77.37283408641815,
                    339.0038311481476
                ],
                [
                    205.1602602005005,
                    284.1453552246094
                ],
                [
                    177.90526151657104,
                    228.79528999328613
                ]
            ],
            "provenance": "nvisii",
            "quaternion_xyzw": [
                0.2986365854740143,
                0.2348438799381256,
                0.7406322360038757,
                0.5541915893554688
            ],
            "quaternion_xyzw_world": [
                0.17351992428302765,
                -0.679308295249939,
                0.35996055603027344,
                0.6155155897140503
            ],
            "segmentation_id": 2,
            "visibility": 1
        }
    ]
}