{
    "camera_data": {
        "camera_look_at": {
            "at": [
                1.0,
                0.0,
                0.0
            ],
            "eye": [
                0.0,
                0.0,
                0.0
            ],
            "up": [
                0.0,
                0.0,
                1.0
            ]
        },
        "camera_view_matrix": [
            [
                0.0,
                0.0,
                -1.0,
                0.0
            ],
            [
                -1.0,
                0.0,
                0.0,
                0.0
            ],
            [
                0.0,
                1.0,
                0.0,
                0.0
            ],
            [
                0.0,
                0.0,
                0.0,
                1.0
            ]
        ],
        "height": 500,
        "intrinsics": {
            "cx": 250.0,
            "cy": 250.0,
            "fx": 603.5535278320312,
            "fy": 603.5535278320312
        },
        "location_world": [
            0.0,
            0.0,
            0.0
        ],
        "quaternion_world_xyzw": [
            0.5,
            -0.5,
            -0.5,
            0.5
        ],
        "width": 500
    },
    "objects": [
        {
            "bounding_box_minx_maxx_miny_maxy": [
                0,
                184,
                166,
                437
            ],
            "class": "Cube",
            "local_cuboid": null,
            "local_to_world_matrix": [
                [
                    0.003444744274020195,
                    0.0023517555091530085,
                    -0.009088617749512196,
                    0.0
                ],
                [
                    0.008878976106643677,
                    0.002328257542103529,
                    0.0039677429012954235,
                    0.0
                ],
                [
                    0.0030491810757666826,
                    -0.009436548687517643,
                    -0.0012860929127782583,
                    0.0
                ],
                [
                    1.3736871480941772,
                    0.44068992137908936,
                    -0.2157502919435501,
                    1.0
                ]
            ],
            "location": [
                -0.44068992137908936,
                -0.2157502919435501,
                -1.3736871480941772
            ],
            "location_world": [
                1.3736871480941772,
                0.44068992137908936,
                -0.2157502919435501
            ],
            "name": "hope_Cube_0",
            "projected_cuboid": [
                [
                    146.43555879592896,
                    436.6878867149353
                ],
                [
                    134.1707408428192,
                    334.3552052974701
                ],
                [
                    -31.316637992858887,
                    320.1553225517273
                ],
                [
                    -70.80039381980896,
                    429.2079508304596
                ],
                [
                    185.3950321674347,
                    259.15515422821045
                ],
                [
                    162.3939573764801,
                    190.6711906194687
                ],
                [
                    -17.71339774131775,
                    161.7598980665207
                ],
                [
                    -57.825714349746704,
                    228.26741635799408
                ],
                [
                    61.294153332710266,
                    294.08717155456543
                ]
            ],
            "provenance": "nvisii",
            "quaternion_xyzw": [
                -0.4101732075214386,
                0.695857048034668,
                -0.36519965529441833,
                0.4627852439880371
            ],
            "quaternion_xyzw_world": [
                0.55683434009552,
                0.5042223334312439,
                -0.27115052938461304,
                0.6018078923225403
            ],
            "segmentation_id": 1,
            "visibility": 1
        }
    ]
}