{
    "camera_data": {
        "camera_look_at": {
            "at": [
                1.0,
                0.0,
                0.0
            ],
            "eye": [
                0.0,
                0.0,
                0.0
            ],
            "up": [
                0.0,
                0.0,
                1.0
            ]
        },
        "camera_view_matrix": [
            [
                0.0,
                0.0,
                -1.0,
                0.0
            ],
            [
                -1.0,
                0.0,
                0.0,
                0.0
            ],
            [
                0.0,
                1.0,
                0.0,
                0.0
            ],
            [
                0.0,
                0.0,
                0.0,
                1.0
            ]
        ],
        "height": 500,
        "intrinsics": {
            "cx": 250.0,
            "cy": 250.0,
            "fx": 603.5535278320312,
            "fy": 603.5535278320312
        },
        "location_world": [
            0.0,
            0.0,
            0.0
        ],
        "quaternion_world_xyzw": [
            0.5,
            -0.5,
            -0.5,
            0.5
        ],
        "width": 500
    },
    "objects": [
        {
            "bounding_box_minx_maxx_miny_maxy": [
                -1,
                -1,
                -1,
                -1
            ],
            "class": "Cube",
            "local_cuboid": null,
            "local_to_world_matrix": [
                [
                    0.0003959192254114896,
                    0.0007881625788286328,
                    0.00047121953684836626,
                    0.0
                ],
                [
                    0.000792930368334055,
                    -3.461229789536446e-05,
                    -0.0006083285552449524,
                    0.0
                ],
                [
                    -0.0004631517513189465,
                    0.000614493212196976,
                    -0.0006386616732925177,
                    0.0
                ],
                [
                    0.2695700228214264,
                    -0.07222341746091843,
                    -0.4202062487602234,
                    1.0
                ]
            ],
            "location": [
                0.07222341746091843,
                -0.4202062487602234,
                -0.2695700228214264
            ],
            "location_world": [
                0.2695700228214264,
                -0.07222341746091843,
                -0.4202062487602234
            ],
            "name": "hope_Cube_0",
            "projected_cuboid": [
                [
                    333.71463418006897,
                    1206.154465675354
                ],
                [
                    326.3188302516937,
                    1142.5838470458984
                ],
                [
                    377.0504593849182,
                    1021.7969417572021
                ],
                [
                    390.76852798461914,
                    1063.8558864593506
                ],
                [
                    436.26534938812256,
                    1339.7668600082397
                ],
                [
                    414.2306447029114,
                    1253.4126043319702
                ],
                [
                    461.64435148239136,
                    1116.6796684265137
                ],
                [
                    488.7279272079468,
                    1175.6763458251953
                ],
                [
                    402.43256092071533,
                    1158.092737197876
                ]
            ],
            "provenance": "nvisii",
            "quaternion_xyzw": [
                0.29875338077545166,
                0.42328545451164246,
                -0.8455239534378052,
                -0.12909367680549622
            ],
            "quaternion_xyzw_world": [
                0.7192345261573792,
                0.5495748519897461,
                0.002804291434586048,
                -0.4250427484512329
            ],
            "segmentation_id": 1,
            "visibility": 0
        }
    ]
}