{
    "camera_data": {
        "camera_look_at": {
            "at": [
                1.0,
                0.0,
                0.0
            ],
            "eye": [
                0.0,
                0.0,
                0.0
            ],
            "up": [
                0.0,
                0.0,
                1.0
            ]
        },
        "camera_view_matrix": [
            [
                0.0,
                0.0,
                -1.0,
                0.0
            ],
            [
                -1.0,
                0.0,
                0.0,
                0.0
            ],
            [
                0.0,
                1.0,
                0.0,
                0.0
            ],
            [
                0.0,
                0.0,
                0.0,
                1.0
            ]
        ],
        "height": 500,
        "intrinsics": {
            "cx": 250.0,
            "cy": 250.0,
            "fx": 603.5535278320312,
            "fy": 603.5535278320312
        },
        "location_world": [
            0.0,
            0.0,
            0.0
        ],
        "quaternion_world_xyzw": [
            0.5,
            -0.5,
            -0.5,
            0.5
        ],
        "width": 500
    },
    "objects": [
        {
            "bounding_box_minx_maxx_miny_maxy": [
                341,
                499,
                88,
                323
            ],
            "class": "Cube",
            "local_cuboid": null,
            "local_to_world_matrix": [
                [
                    -0.00473443791270256,
                    0.001367379678413272,
                    -0.0008458064403384924,
                    0.0
                ],
                [
                    0.0006148524698801339,
                    0.003970095422118902,
                    0.002976625459268689,
                    0.0
                ],
                [
                    0.001485621789470315,
                    0.002714519388973713,
                    -0.0039273821748793125,
                    0.0
                ],
                [
                    0.993045449256897,
                    -0.44133666157722473,
                    0.009282170794904232,
                    1.0
                ]
            ],
            "location": [
                0.44133666157722473,
                0.009282170794904232,
                -0.993045449256897
            ],
            "location_world": [
                0.993045449256897,
                -0.44133666157722473,
                0.009282170794904232
            ],
            "name": "hope_Cube_0",
            "projected_cuboid": [
                [
                    474.58165884017944,
                    322.84247875213623
                ],
                [
                    340.14835953712463,
                    225.16563534736633
                ],
                [
                    442.2048032283783,
                    86.54318749904633
                ],
                [
                    592.3068523406982,
                    187.79468536376953
                ],
                [
                    464.2215669155121,
                    285.60593724250793
                ],
                [
                    357.0435047149658,
                    208.5067629814148
                ],
                [
                    438.37249279022217,
                    98.46103191375732
                ],
                [
                    555.2889108657837,
                    177.7421236038208
                ],
                [
                    454.7429084777832,
                    199.90549981594086
                ]
            ],
            "provenance": "nvisii",
            "quaternion_xyzw": [
                -0.32723212242126465,
                0.7358542680740356,
                -0.30863678455352783,
                -0.5061435103416443
            ],
            "quaternion_xyzw_world": [
                0.10555766522884369,
                0.9389333128929138,
                0.30306440591812134,
                0.1241530254483223
            ],
            "segmentation_id": 1,
            "visibility": 1
        }
    ]
}