{
    "camera_data": {
        "camera_look_at": {
            "at": [
                1.0,
                0.0,
                0.0
            ],
            "eye": [
                0.0,
                0.0,
                0.0
            ],
            "up": [
                0.0,
                0.0,
                1.0
            ]
        },
        "camera_view_matrix": [
            [
                0.0,
                0.0,
                -1.0,
                0.0
            ],
            [
                -1.0,
                0.0,
                0.0,
                0.0
            ],
            [
                0.0,
                1.0,
                0.0,
                0.0
            ],
            [
                0.0,
                0.0,
                0.0,
                1.0
            ]
        ],
        "height": 500,
        "intrinsics": {
            "cx": 250.0,
            "cy": 250.0,
            "fx": 603.5535278320312,
            "fy": 603.5535278320312
        },
        "location_world": [
            0.0,
            0.0,
            0.0
        ],
        "quaternion_world_xyzw": [
            0.5,
            -0.5,
            -0.5,
            0.5
        ],
        "width": 500
    },
    "objects": [
        {
            "bounding_box_minx_maxx_miny_maxy": [
                56,
                282,
                167,
                393
            ],
            "class": "Cube",
            "local_cuboid": null,
            "local_to_world_matrix": [
                [
                    -0.0005830891313962638,
                    0.004733254201710224,
                    -0.005124091170728207,
                    0.0
                ],
                [
                    -0.002616782207041979,
                    0.004618036560714245,
                    0.004563572350889444,
                    0.0
                ],
                [
                    0.006466255523264408,
                    0.0022956570610404015,
                    0.001384738483466208,
                    0.0
                ],
                [
                    1.5600789785385132,
                    0.09910602122545242,
                    -0.16692256927490234,
                    1.0
                ]
            ],
            "location": [
                -0.09910602122545242,
                -0.16692256927490234,
                -1.5600789785385132
            ],
            "location_world": [
                1.5600789785385132,
                0.09910602122545242,
                -0.16692256927490234
            ],
            "name": "hope_Cube_0",
            "projected_cuboid": [
                [
                    152.83626317977905,
                    342.06482768058777
                ],
                [
                    56.361839175224304,
                    262.33962178230286
                ],
                [
                    61.686545610427856,
                    298.8739609718323
                ],
                [
                    180.19720911979675,
                    393.7714099884033
                ],
                [
                    236.73324286937714,
                    251.46058201789856
                ],
                [
                    148.84799718856812,
                    165.7993197441101
                ],
                [
                    177.37317085266113,
                    177.15907096862793
                ],
                [
                    282.72634744644165,
                    281.3688814640045
                ],
                [
                    163.36046159267426,
                    271.3344395160675
                ]
            ],
            "provenance": "nvisii",
            "quaternion_xyzw": [
                -0.38588622212409973,
                0.9016469717025757,
                0.15850046277046204,
                -0.11402729153633118
            ],
            "quaternion_xyzw_world": [
                0.12161649018526077,
                0.6215299963951111,
                0.3941442370414734,
                0.6660031676292419
            ],
            "segmentation_id": 1,
            "visibility": 1
        }
    ]
}