{
    "camera_data": {
        "camera_look_at": {
            "at": [
                1.0,
                0.0,
                0.0
            ],
            "eye": [
                0.0,
                0.0,
                0.0
            ],
            "up": [
                0.0,
                0.0,
                1.0
            ]
        },
        "camera_view_matrix": [
            [
                0.0,
                0.0,
                -1.0,
                0.0
            ],
            [
                -1.0,
                0.0,
                0.0,
                0.0
            ],
            [
                0.0,
                1.0,
                0.0,
                0.0
            ],
            [
                0.0,
                0.0,
                0.0,
                1.0
            ]
        ],
        "height": 400,
        "intrinsics": {
            "cx": 200.0,
            "cy": 200.0,
            "fx": 482.84283447265625,
            "fy": 482.84283447265625
        },
        "location_world": [
            0.0,
            0.0,
            0.0
        ],
        "quaternion_world_xyzw": [
            0.5,
            -0.5,
            -0.5,
            0.5
        ],
        "width": 400
    },
    "objects": [
        {
            "bounding_box_minx_maxx_miny_maxy": [
                189,
                298,
                314,
                400
            ],
            "class": "Cube",
            "local_cuboid": null,
            "local_to_world_matrix": [
                [
                    0.0034065369982272387,
                    0.0005911773187108338,
                    -0.003611926920711994,
                    0.0
                ],
                [
                    0.0017192648956552148,
                    0.00409757299348712,
                    0.0022921652998775244,
                    0.0
                ],
                [
                    0.00323104253038764,
                    -0.002803641138598323,
                    0.0025884287897497416,
                    0.0
                ],
                [
                    1.6356987953186035,
                    -0.24885426461696625,
                    -0.6700181365013123,
                    1.0
                ]
            ],
            "location": [
                0.24885426461696625,
                -0.6700181365013123,
                -1.6356987953186035
            ],
            "location_world": [
                1.6356987953186035,
                -0.24885426461696625,
                -0.6700181365013123
            ],
            "name": "distract_Cube_0",
            "projected_cuboid": [
                [
                    281.51705265045166,
                    386.42375469207764
                ],
                [
                    225.39734840393066,
                    348.61738681793213
                ],
                [
                    188.5601282119751,
                    398.7316608428955
                ],
                [
                    248.27697277069092,
                    442.8886890411377
                ],
                [
                    298.77731800079346,
                    352.43475437164307
                ],
                [
                    236.22736930847168,
                    312.5800132751465
                ],
                [
                    196.4816927909851,
                    364.43872451782227
                ],
                [
                    263.58230113983154,
                    411.7073059082031
                ],
                [
                    242.11363792419434,
                    376.2364149093628
                ]
            ],
            "provenance": "nvisii",
            "quaternion_xyzw": [
                -0.5170928835868835,
                0.7454658150672913,
                0.058296769857406616,
                0.41653013229370117
            ],
            "quaternion_xyzw_world": [
                0.29330316185951233,
                0.3938659131526947,
                -0.06493018567562103,
                0.8686928153038025
            ],
            "segmentation_id": 1,
            "visibility": 1
        },
        {
            "bounding_box_minx_maxx_miny_maxy": [
                364,
                399,
                163,
                195
            ],
            "class": "Cube",
            "local_cuboid": null,
            "local_to_world_matrix": [
                [
                    0.0001100832232623361,
                    0.003679681569337845,
                    -0.003383463015779853,
                    0.0
                ],
                [
                    0.0014505854342132807,
                    0.00321514206007123,
                    0.003543820232152939,
                    0.0
                ],
                [
                    0.004783689044415951,
                    -0.0010596236679702997,
                    -0.0009967517107725143,
                    0.0
                ],
                [
                    0.9052603244781494,
                    -0.571147620677948,
                    -0.10749231278896332,
                    1.0
                ]
            ],
            "location": [
                0.571147620677948,
                -0.10749231278896332,
                -0.9052603244781494
            ],
            "location_world": [
                0.9052603244781494,
                -0.571147620677948,
                -0.10749231278896332
            ],
            "name": "distract_Cube_1",
            "projected_cuboid": [
                [
                    437.58907318115234,
                    301.96118354797363
                ],
                [
                    351.36992931365967,
                    217.47093200683594
                ],
                [
                    363.70952129364014,
                    194.37439441680908
                ],
                [
                    477.2202491760254,
                    302.371883392334
                ],
                [
                    525.7830619812012,
                    222.5924253463745
                ],
                [
                    433.2867622375488,
                    142.93622970581055
                ],
                [
                    468.6098098754883,
                    98.85101318359375
                ],
                [
                    592.6365852355957,
                    198.75848293304443
                ],
                [
                    451.6813278198242,
                    209.69085693359375
                ]
            ],
            "provenance": "nvisii",
            "quaternion_xyzw": [
                -0.3577839732170105,
                0.9221494197845459,
                -0.1326974630355835,
                0.06342284381389618
            ],
            "quaternion_xyzw_world": [
                0.38024288415908813,
                0.6746039986610413,
                0.18412259221076965,
                0.6053293943405151
            ],
            "segmentation_id": 2,
            "visibility": 1
        },
        {
            "bounding_box_minx_maxx_miny_maxy": [
                325,
                339,
                388,
                400
            ],
            "class": "Green",
            "local_cuboid": null,