{
    "camera_data": {
        "camera_look_at": {
            "at": [
                1.0,
                0.0,
                0.0
            ],
            "eye": [
                0.10000000149011612,
                0.0,
                0.0
            ],
            "up": [
                0.0,
                0.0,
                1.0
            ]
        },
        "camera_view_matrix": [
            [
                0.0,
                0.0,
                1.0,
                0.0
            ],
            [
                -1.0,
                0.0,
                0.0,
                0.0
            ],
            [
                0.0,
                -1.0,
                0.0,
                0.0
            ],
            [
                0.0,
                0.0,
                -0.10000000149011612,
                1.0
            ]
        ],
        "height": 761,
        "intrinsics": {
            "cx": 358.0,
            "cy": 380.5,
            "fx": 189.840087890625,
            "fy": 189.840087890625
        },
        "location_worldframe": [
            0.10000000149011612,
            0.0,
            0.0
        ],
        "quaternion_xyzw_worldframe": [
            -0.5,
            0.5,
            -0.5,
            0.5
        ],
        "width": 716
    },
    "objects": [
        {
            "bounding_box_minx_maxx_miny_maxy": [
                295,
                352,
                276,
                308
            ],
            "class": "pez",
            "local_cuboid": null,
            "local_to_world_matrix": [
                [
                    -0.026832489296793938,
                    7.999955177307129,
                    -0.005344121716916561,
                    0.0
                ],
                [
                    -1.560725450515747,
                    5.1818824431393296e-06,
                    7.846283912658691,
                    0.0
                ],
                [
                    7.846238136291504,
                    0.02735736407339573,
                    1.5607141256332397,
                    -0.0
                ],
                [
                    1.769187331199646,
                    0.3866081237792969,
                    0.7693362832069397,
                    1.0
                ]
            ],
            "location": [
                -0.3866081237792969,
                -0.7693362832069397,
                1.669187307357788
            ],
            "location_worldframe": [
                1.769187331199646,
                0.3866081237792969,
                0.7693362832069397
            ],
            "name": "hope_pez_0",
            "projected_cuboid": [
                [
                    286.45725536346436,
                    307.61054676771164
                ],
                [
                    352.96395206451416,
                    307.6522998511791
                ],
                [
                    352.87136447429657,
                    290.46529281139374
                ],
                [
                    285.25099205970764,
                    290.40228897333145
                ],
                [
                    265.90861439704895,
                    297.3541206717491
                ],
                [
                    351.56276190280914,
                    297.4233840703964
                ],
                [
                    351.412645816803,
                    274.96802693605423
                ],
                [
                    263.90232944488525,
                    274.862566947937
                ],
                [
                    314.5309692621231,
                    293.5024724304676
                ]
            ],
            "provenance": "nvisii",
            "px_count_all": 0,
            "px_count_visib": 0,
            "quaternion_xyzw": [
                1.0786494016647339,
                0.5542630553245544,
                4.330324649810791,
                1.0888283252716064
            ],
            "quaternion_xyzw_worldframe": [
                2.437204360961914,
                2.447383165359497,
                0.804291844367981,
                2.9717695713043213
            ],
            "segmentation_id": 1,
            "visibility": 1
        },
        {
            "bounding_box_minx_maxx_miny_maxy": [
                231,
                344,
                291,
                376
            ],
            "class": "pez",
            "local_cuboid": null,
            "local_to_world_matrix": [
                [
                    -3.6869120597839355,
                    6.777666091918945,
                    2.1142210960388184,
                    -0.0
                ],
                [
                    -5.549351215362549,
                    -4.236998558044434,
                    3.9054512977600098,
                    0.0
                ],
                [
                    4.428474426269531,
                    0.33331194519996643,
                    6.654135704040527,
                    -0.0
                ],
                [
                    1.4202213287353516,
                    0.42362895607948303,
                    0.34308984875679016,
                    1.0
                ]
            ],
            "location": [
                -0.42362895607948303,
                -0.34308984875679016,
                1.3202213048934937
            ],
            "location_worldframe": [
                1.4202213287353516,
                0.42362895607948303,
                0.34308984875679016
            ],
            "name": "hope_pez_1",
            "projected_cuboid": [
                [
                    251.540189743042,
                    300.18149161338806
                ],
                [
                    336.1885914802551,
                    335.3967588841915
                ],
                [
                    345.04221844673157,
                    322.4587234258652
                ],
                [
                    254.96407413482666,
                    280.85371485352516
                ],
                [
                    231.45079517364502,
                    344.4978197813034
                ],
                [
                    334.82696282863617,
                    376.06541883945465
                ],
                [
                    345.1951085329056,
                    364.22103747725487
                ],
                [
                    233.45268440246582,
                    325.4689370393753
                ],
                [
                    297.5853490829468,
                    331.6663556098938
                ]
            ],
            "provenance": "nvisii",
            "px_count_all": 0,
            "px_count_visib": 0,
            "quaternion_xyzw": [
                -0.05998983979225159,
                -1.0846227407455444,
                2.450435161590576,
                -0.35185563564300537
            ],
            "quaternion_xyzw_worldframe": [
                0.828839123249054,
                0.5369732975959778,
                1.9734516143798828,
                1.5616061687469482
            ],
            "segmentation_id": 2,
            "visibility": 1
        },
        {
            "bounding_box_minx_maxx_miny_maxy": [
                263,
                341,
                312,
                360
            ],
            "class": "pez",
            "local_cuboid": null,