{
    "camera_data": {
        "camera_look_at": {
            "at": [
                1.0,
                0.0,
                0.0
            ],
            "eye": [
                0.10000000149011612,
                0.0,
                0.0
            ],
            "up": [
                0.0,
                0.0,
                1.0
            ]
        },
        "camera_view_matrix": [
            [
                0.0,
                0.0,
                1.0,
                0.0
            ],
            [
                -1.0,
                0.0,
                0.0,
                0.0
            ],
            [
                0.0,
                -1.0,
                0.0,
                0.0
            ],
            [
                0.0,
                0.0,
                -0.10000000149011612,
                1.0
            ]
        ],
        "height": 761,
        "intrinsics": {
            "cx": 358.0,
            "cy": 380.5,
            "fx": 189.840087890625,
            "fy": 189.840087890625
        },
        "location_worldframe": [
            0.10000000149011612,
            0.0,
            0.0
        ],
        "quaternion_xyzw_worldframe": [
            -0.5,
            0.5,
            -0.5,
            0.5
        ],
        "width": 716
    },
    "objects": [
        {
            "bounding_box_minx_maxx_miny_maxy": [
                257,
                348,
                296,
                321
            ],
            "class": "pez",
            "local_cuboid": null,
            "local_to_world_matrix": [
                [
                    0.3027242124080658,
                    7.881625652313232,
                    1.3373039960861206,
                    -0.0
                ],
                [
                    -2.4196577072143555,
                    -1.185156226158142,
                    7.532642841339111,
                    0.0
                ],
                [
                    7.6192946434021,
                    -0.6895177364349365,
                    2.3390047550201416,
                    -0.0
                ],
                [
                    1.7539618015289307,
                    0.4339330792427063,
                    0.6566687822341919,
                    1.0
                ]
            ],
            "location": [
                -0.4339330792427063,
                -0.6566687822341919,
                1.6539617776870728
            ],
            "location_worldframe": [
                1.7539618015289307,
                0.4339330792427063,
                0.6566687822341919
            ],
            "name": "hope_pez_0",
            "projected_cuboid": [
                [
                    282.99728763103485,
                    310.92902106046677
                ],
                [
                    348.3478237390518,
                    321.2484509944916
                ],
                [
                    350.54675233364105,
                    303.9731297194958
                ],
                [
                    283.45506167411804,
                    293.6183423399925
                ],
                [
                    257.31800532341003,
                    307.6613943576813
                ],
                [
                    340.64455330371857,
                    320.83293864130974
                ],
                [
                    343.2203404903412,
                    298.5076941847801
                ],
                [
                    257.0418429374695,
                    285.28292095661163
                ],
                [
                    308.6942808628082,
                    305.6288515329361
                ]
            ],
            "provenance": "nvisii",
            "px_count_all": 0,
            "px_count_visib": 0,
            "quaternion_xyzw": [
                0.9969416260719299,
                0.15538257360458374,
                3.6895556449890137,
                0.4826177954673767
            ],
            "quaternion_xyzw_worldframe": [
                2.179630994796753,
                1.6653071641921997,
                1.0273067951202393,
                2.506866216659546
            ],
            "segmentation_id": 1,
            "visibility": 1
        },
        {
            "bounding_box_minx_maxx_miny_maxy": [
                251,
                359,
                304,
                392
            ],
            "class": "pez",
            "local_cuboid": null,
            "local_to_world_matrix": [
                [
                    -4.582089424133301,
                    6.479372501373291,
                    1.0110664367675781,
                    -0.0
                ],
                [
                    -6.445290565490723,
                    -4.67711877822876,
                    0.7634505033493042,
                    0.0
                ],
                [
                    1.2094441652297974,
                    -0.3773024380207062,
                    7.899044036865234,
                    -0.0
                ],
                [
                    1.3806533813476562,
                    0.3117861747741699,
                    0.17233982682228088,
                    1.0
                ]
            ],
            "location": [
                -0.3117861747741699,
                -0.17233982682228088,
                1.2806533575057983
            ],
            "location_worldframe": [
                1.3806533813476562,
                0.3117861747741699,
                0.17233982682228088
            ],
            "name": "hope_pez_1",
            "projected_cuboid": [
                [
                    259.8302252292633,
                    313.87289693951607
                ],
                [
                    348.87789249420166,
                    340.316047757864
                ],
                [
                    360.35636377334595,
                    334.6572008728981
                ],
                [
                    264.5897693634033,
                    302.96155297756195
                ],
                [
                    250.64190447330475,
                    382.11868607997894
                ],
                [
                    345.8855358362198,
                    392.4380252957344
                ],
                [
                    357.62892413139343,
                    391.4011608362198
                ],
                [
                    254.52202653884888,
                    379.3458141386509
                ],
                [
                    312.28247141838074,
                    355.45352497696877
                ]
            ],
            "provenance": "nvisii",
            "px_count_all": 0,
            "px_count_visib": 0,
            "quaternion_xyzw": [
                -0.19942662119865417,
                -1.6706516742706299,
                1.9765076637268066,
                -0.4146641492843628
            ],
            "quaternion_xyzw_worldframe": [
                0.26054683327674866,
                0.045309245586395264,
                2.130625009536743,
                1.5165342092514038
            ],
            "segmentation_id": 2,
            "visibility": 1
        },
        {
            "bounding_box_minx_maxx_miny_maxy": [
                299,
                347,
                315,
                330
            ],
            "class": "pez",
            "local_cuboid": null,