{
    "camera_data": {
        "camera_look_at": {
            "at": [
                1.0,
                0.0,
                0.0
            ],
            "eye": [
                0.10000000149011612,
                0.0,
                0.0
            ],
            "up": [
                0.0,
                0.0,
                1.0
            ]
        },
        "camera_view_matrix": [
            [
                0.0,
                0.0,
                1.0,
                0.0
            ],
            [
                -1.0,
                0.0,
                0.0,
                0.0
            ],
            [
                0.0,
                -1.0,
                0.0,
                0.0
            ],
            [
                0.0,
                0.0,
                -0.10000000149011612,
                1.0
            ]
        ],
        "height": 761,
        "intrinsics": {
            "cx": 358.0,
            "cy": 380.5,
            "fx": 189.840087890625,
            "fy": 189.840087890625
        },
        "location_worldframe": [
            0.10000000149011612,
            0.0,
            0.0
        ],
        "quaternion_xyzw_worldframe": [
            -0.5,
            0.5,
            -0.5,
            0.5
        ],
        "width": 716
    },
    "objects": [
        {
            "bounding_box_minx_maxx_miny_maxy": [
                314,
                328,
                276,
                283
            ],
            "class": "pez",
            "local_cuboid": null,
            "local_to_world_matrix": [
                [
                    0.14222809672355652,
                    7.998685359954834,
                    0.028290987014770508,
                    -0.0
                ],
                [
                    -1.5607259273529053,
                    2.458691312767769e-07,
                    7.846281051635742,
                    0.0
                ],
                [
                    7.844992160797119,
                    -0.14501449465751648,
                    1.5604692697525024,
                    -0.0
                ],
                [
                    1.7638620138168335,
                    0.3870554566383362,
                    0.7682773470878601,
                    1.0
                ]
            ],
            "location": [
                -0.3870554566383362,
                -0.7682773470878601,
                1.6638619899749756
            ],
            "location_worldframe": [
                1.7638620138168335,
                0.3870554566383362,
                0.7682773470878601
            ],
            "name": "hope_pez_0",
            "projected_cuboid": [
                [
                    286.9463756084442,
                    307.6416177749634
                ],
                [
                    353.345889210701,
                    307.418722987175
                ],
                [
                    353.25910568237305,
                    290.11305645108223
                ],
                [
                    285.7493945360184,
                    290.44914495944977
                ],
                [
                    265.36653208732605,
                    297.40778052806854
                ],
                [
                    350.8349709510803,
                    297.0376499891281
                ],
                [
                    350.66769874095917,
                    274.380694180727
                ],
                [
                    263.3509649038315,
                    274.944258749485
                ],
                [
                    314.3392004966736,
                    293.3432391881943
                ]
            ],
            "provenance": "nvisii",
            "px_count_all": 0,
            "px_count_visib": 0,
            "quaternion_xyzw": [
                -1.0161445140838623,
                0.5392203330993652,
                4.268598556518555,
                -1.0692453384399414
            ],
            "quaternion_xyzw_worldframe": [
                2.43045973777771,
                2.377358913421631,
                2.907383918762207,
                0.8219941854476929
            ],
            "segmentation_id": 1,
            "visibility": 1
        },
        {
            "bounding_box_minx_maxx_miny_maxy": [
                228,
                371,
                251,
                406
            ],
            "class": "pez",
            "local_cuboid": null,
            "local_to_world_matrix": [
                [
                    4.200010299682617,
                    5.17813777923584,
                    4.421175003051758,
                    -0.0
                ],
                [
                    6.6049485206604,
                    -4.360116481781006,
                    -1.1679155826568604,
                    0.0
                ],
                [
                    1.6536515951156616,
                    4.26336145401001,
                    -6.564233779907227,
                    -0.0
                ],
                [
                    0.9611659049987793,
                    0.32437634468078613,
                    0.26562878489494324,
                    1.0
                ]
            ],
            "location": [
                -0.32437634468078613,
                -0.26562878489494324,
                0.8611658811569214
            ],
            "location_worldframe": [
                0.9611659049987793,
                0.32437634468078613,
                0.26562878489494324
            ],
            "name": "hope_pez_1",
            "projected_cuboid": [
                [
                    227.8338190317154,
                    327.91767260432243
                ],
                [
                    281.9913284778595,
                    404.7940350174904
                ],
                [
                    315.419780254364,
                    406.41303861141205
                ],
                [
                    257.3369538784027,
                    337.9045066833496
                ],
                [
                    262.4771761894226,
                    250.02519753575325
                ],
                [
                    345.98870730400085,
                    291.68856063485146
                ],
                [
                    371.69558024406433,
                    314.6070345342159
                ],
                [
                    290.1429840326309,
                    270.5916869044304
                ],
                [
                    286.99340558052063,
                    322.44400438666344
                ]
            ],
            "provenance": "nvisii",
            "px_count_all": 0,
            "px_count_visib": 0,
            "quaternion_xyzw": [
                -0.44607171416282654,
                1.697409749031067,
                1.7775425910949707,
                -0.9866341352462769
            ],
            "quaternion_xyzw_worldframe": [
                2.0077574253082275,
                1.4671950340270996,
                0.7564193606376648,
                -0.676286518573761
            ],
            "segmentation_id": 2,
            "visibility": 1
        },
        {
            "bounding_box_minx_maxx_miny_maxy": [
                329,
                389,
                173,
                298
            ],
            "class": "lentilky",
            "local_cuboid": null,