{
    "camera_data": {
        "camera_look_at": {
            "at": [
                1.0,
                0.0,
                0.0
            ],
            "eye": [
                0.10000000149011612,
                0.0,
                0.0
            ],
            "up": [
                0.0,
                0.0,
                1.0
            ]
        },
        "camera_view_matrix": [
            [
                0.0,
                0.0,
                1.0,
                0.0
            ],
            [
                -1.0,
                0.0,
                0.0,
                0.0
            ],
            [
                0.0,
                -1.0,
                0.0,
                0.0
            ],
            [
                0.0,
                0.0,
                -0.10000000149011612,
                1.0
            ]
        ],
        "height": 761,
        "intrinsics": {
            "cx": 358.0,
            "cy": 380.5,
            "fx": 189.840087890625,
            "fy": 189.840087890625
        },
        "location_worldframe": [
            0.10000000149011612,
            0.0,
            0.0
        ],
        "quaternion_xyzw_worldframe": [
            -0.5,
            0.5,
            -0.5,
            0.5
        ],
        "width": 716
    },
    "objects": [
        {
            "bounding_box_minx_maxx_miny_maxy": [
                278,
                352,
                280,
                308
            ],
            "class": "pez",
            "local_cuboid": null,
            "local_to_world_matrix": [
                [
                    -0.0003510494134388864,
                    8.000000953674316,
                    -0.0034328270703554153,
                    0.0
                ],
                [
                    -1.4518615007400513,
                    0.0033102931920439005,
                    7.867155075073242,
                    0.0
                ],
                [
                    7.8671555519104,
                    0.0009658434428274632,
                    1.4518591165542603,
                    -0.0
                ],
                [
                    1.7720566987991333,
                    0.3881414532661438,
                    0.7666669487953186,
                    1.0
                ]
            ],
            "location": [
                -0.3881414532661438,
                -0.7666669487953186,
                1.6720566749572754
            ],
            "location_worldframe": [
                1.7720566987991333,
                0.3881414532661438,
                0.7666669487953186
            ],
            "name": "hope_pez_0",
            "projected_cuboid": [
                [
                    286.5089797973633,
                    308.31728744506836
                ],
                [
                    352.88903272151947,
                    308.28991320729256
                ],
                [
                    352.79518616199493,
                    291.18727415800095
                ],
                [
                    285.38433611392975,
                    291.21478447318077
                ],
                [
                    265.7688047885895,
                    297.46742779016495
                ],
                [
                    351.2785975933075,
                    297.43241053819656
                ],
                [
                    351.1247899532318,
                    275.0839422047138
                ],
                [
                    263.89678144454956,
                    275.11923161149025
                ],
                [
                    314.4323215484619,
                    293.9556782245636
                ]
            ],
            "provenance": "nvisii",
            "px_count_all": 0,
            "px_count_visib": 0,
            "quaternion_xyzw": [
                -1.1171666383743286,
                0.6111392974853516,
                4.410854339599609,
                -1.1157625913619995
            ],
            "quaternion_xyzw_worldframe": [
                2.5102946758270264,
                2.5116987228393555,
                3.016322135925293,
                0.7833929657936096
            ],
            "segmentation_id": 1,
            "visibility": 1
        },
        {
            "bounding_box_minx_maxx_miny_maxy": [
                229,
                348,
                269,
                353
            ],
            "class": "pez",
            "local_cuboid": null,
            "local_to_world_matrix": [
                [
                    -3.6878268718719482,
                    6.758439064025879,
                    2.173349380493164,
                    -0.0
                ],
                [
                    -3.843907356262207,
                    -3.959932804107666,
                    5.791658878326416,
                    0.0
                ],
                [
                    5.968611240386963,
                    1.6255604028701782,
                    5.072793483734131,
                    -0.0
                ],
                [
                    1.398543119430542,
                    0.42214614152908325,
                    0.47875264286994934,
                    1.0
                ]
            ],
            "location": [
                -0.42214614152908325,
                -0.47875264286994934,
                1.298543095588684
            ],
            "location_worldframe": [
                1.398543119430542,
                0.42214614152908325,
                0.47875264286994934
            ],
            "name": "hope_pez_1",
            "projected_cuboid": [
                [
                    247.55245780944824,
                    289.5454322397709
                ],
                [
                    332.61348140239716,
                    327.23869171738625
                ],
                [
                    340.8996332883835,
                    310.6453450322151
                ],
                [
                    252.68218159675598,
                    266.66224774718285
                ],
                [
                    228.88290321826935,
                    311.5701724290848
                ],
                [
                    338.8748905658722,
                    353.3324411213398
                ],
                [
                    349.6786609888077,
                    334.06973204016685
                ],
                [
                    234.2431890964508,
                    282.6799416542053
                ],
                [
                    296.7851780653,
                    311.0095788836479
                ]
            ],
            "provenance": "nvisii",
            "px_count_all": 0,
            "px_count_visib": 0,
            "quaternion_xyzw": [
                -0.1615404486656189,
                -0.5914835333824158,
                2.691732883453369,
                -0.2593693137168884
            ],
            "quaternion_xyzw_worldframe": [
                1.0990391969680786,
                1.001210331916809,
                1.8520631790161133,
                1.431153416633606
            ],
            "segmentation_id": 2,
            "visibility": 1
        },
        {
            "bounding_box_minx_maxx_miny_maxy": [
                263,
                338,
                308,
                358
            ],
            "class": "pez",
            "local_cuboid": null,