{
    "camera_data": {
        "camera_look_at": {
            "at": [
                1.0,
                0.0,
                0.0
            ],
            "eye": [
                0.10000000149011612,
                0.0,
                0.0
            ],
            "up": [
                0.0,
                0.0,
                1.0
            ]
        },
        "camera_view_matrix": [
            [
                0.0,
                0.0,
                1.0,
                0.0
            ],
            [
                -1.0,
                0.0,
                0.0,
                0.0
            ],
            [
                0.0,
                -1.0,
                0.0,
                0.0
            ],
            [
                0.0,
                0.0,
                -0.10000000149011612,
                1.0
            ]
        ],
        "height": 761,
        "intrinsics": {
            "cx": 358.0,
            "cy": 380.5,
            "fx": 189.840087890625,
            "fy": 189.840087890625
        },
        "location_worldframe": [
            0.10000000149011612,
            0.0,
            0.0
        ],
        "quaternion_xyzw_worldframe": [
            -0.5,
            0.5,
            -0.5,
            0.5
        ],
        "width": 716
    },
    "objects": [
        {
            "bounding_box_minx_maxx_miny_maxy": [
                258,
                328,
                287,
                314
            ],
            "class": "pez",
            "local_cuboid": null,
            "local_to_world_matrix": [
                [
                    0.5040140748023987,
                    7.918869972229004,
                    1.0185577869415283,
                    -0.0
                ],
                [
                    -2.7091965675354004,
                    -0.7904074192047119,
                    7.4856858253479,
                    0.0
                ],
                [
                    7.510407447814941,
                    -0.8165456652641296,
                    2.631925344467163,
                    -0.0
                ],
                [
                    1.735426425933838,
                    0.4140578508377075,
                    0.6821842789649963,
                    1.0
                ]
            ],
            "location": [
                -0.4140578508377075,
                -0.6821842789649963,
                1.63542640209198
            ],
            "location_worldframe": [
                1.735426425933838,
                0.4140578508377075,
                0.6821842789649963
            ],
            "name": "hope_pez_0",
            "projected_cuboid": [
                [
                    285.17521917819977,
                    308.46914982795715
                ],
                [
                    351.163711309433,
                    315.5256704092026
                ],
                [
                    352.61801290512085,
                    297.667688369751
                ],
                [
                    284.644638299942,
                    290.8102263510227
                ],
                [
                    259.4374694824219,
                    306.8244956433773
                ],
                [
                    343.2778903245926,
                    315.82222843170166
                ],
                [
                    344.8495534658432,
                    292.7452243566513
                ],
                [
                    257.7783613204956,
                    284.08244609832764
                ],
                [
                    310.4369077682495,
                    301.8127875328064
                ]
            ],
            "provenance": "nvisii",
            "px_count_all": 0,
            "px_count_visib": 0,
            "quaternion_xyzw": [
                1.0823042392730713,
                0.08230966329574585,
                3.756615161895752,
                0.6125268340110779
            ],
            "quaternion_xyzw_worldframe": [
                2.154350996017456,
                1.6845736503601074,
                0.9897371530532837,
                2.684568166732788
            ],
            "segmentation_id": 1,
            "visibility": 1
        },
        {
            "bounding_box_minx_maxx_miny_maxy": [
                246,
                351,
                295,
                388
            ],
            "class": "pez",
            "local_cuboid": null,
            "local_to_world_matrix": [
                [
                    -5.20458459854126,
                    5.893845081329346,
                    1.4747748374938965,
                    -0.0
                ],
                [
                    -5.539573669433594,
                    -5.401010990142822,
                    2.0352554321289062,
                    0.0
                ],
                [
                    2.4950931072235107,
                    0.3028784692287445,
                    7.594918251037598,
                    -0.0
                ],
                [
                    1.4192216396331787,
                    0.35558924078941345,
                    0.22736379504203796,
                    1.0
                ]
            ],
            "location": [
                -0.35558924078941345,
                -0.22736379504203796,
                1.3192216157913208
            ],
            "location_worldframe": [
                1.4192216396331787,
                0.35558924078941345,
                0.22736379504203796
            ],
            "name": "hope_pez_1",
            "projected_cuboid": [
                [
                    255.93523025512695,
                    307.71568924188614
                ],
                [
                    338.6710869073868,
                    340.8255215585232
                ],
                [
                    350.5052490234375,
                    332.9541014432907
                ],
                [
                    264.1339371204376,
                    293.50587436556816
                ],
                [
                    246.11697673797607,
                    370.01453295350075
                ],
                [
                    338.9554432630539,
                    388.38550412654877
                ],
                [
                    351.940815448761,
                    383.4937936067581
                ],
                [
                    254.33290374279022,
                    360.89172235131264
                ],
                [
                    307.330304980278,
                    348.28231382369995
                ]
            ],
            "provenance": "nvisii",
            "px_count_all": 0,
            "px_count_visib": 0,
            "quaternion_xyzw": [
                -0.35004502534866333,
                -1.3878836631774902,
                2.107672929763794,
                -0.5362377762794495
            ],
            "quaternion_xyzw_worldframe": [
                0.4529910385608673,
                0.2667982280254364,
                2.1909196376800537,
                1.304636836051941
            ],
            "segmentation_id": 2,
            "visibility": 1
        },
        {
            "bounding_box_minx_maxx_miny_maxy": [
                312,
                346,
                316,
                331
            ],
            "class": "pez",
            "local_cuboid": null,