{
    "camera_data": {
        "camera_look_at": {
            "at": [
                1.0,
                0.0,
                0.0
            ],
            "eye": [
                0.10000000149011612,
                0.0,
                0.0
            ],
            "up": [
                0.0,
                0.0,
                1.0
            ]
        },
        "camera_view_matrix": [
            [
                0.0,
                0.0,
                1.0,
                0.0
            ],
            [
                -1.0,
                0.0,
                0.0,
                0.0
            ],
            [
                0.0,
                -1.0,
                0.0,
                0.0
            ],
            [
                0.0,
                0.0,
                -0.10000000149011612,
                1.0
            ]
        ],
        "height": 761,
        "intrinsics": {
            "cx": 358.0,
            "cy": 380.5,
            "fx": 189.840087890625,
            "fy": 189.840087890625
        },
        "location_worldframe": [
            0.10000000149011612,
            0.0,
            0.0
        ],
        "quaternion_xyzw_worldframe": [
            -0.5,
            0.5,
            -0.5,
            0.5
        ],
        "width": 716
    },
    "objects": [
        {
            "bounding_box_minx_maxx_miny_maxy": [
                275,
                353,
                283,
                312
            ],
            "class": "pez",
            "local_cuboid": null,
            "local_to_world_matrix": [
                [
                    0.5916053652763367,
                    7.943688869476318,
                    0.7401456832885742,
                    -0.0
                ],
                [
                    -1.9596004486083984,
                    -0.5747565627098083,
                    7.73496150970459,
                    0.0
                ],
                [
                    7.7336907386779785,
                    -0.753304123878479,
                    1.9033035039901733,
                    -0.0
                ],
                [
                    1.7455720901489258,
                    0.3967387080192566,
                    0.72920161485672,
                    1.0
                ]
            ],
            "location": [
                -0.3967387080192566,
                -0.72920161485672,
                1.6455720663070679
            ],
            "location_worldframe": [
                1.7455720901489258,
                0.3967387080192566,
                0.72920161485672
            ],
            "name": "hope_pez_0",
            "projected_cuboid": [
                [
                    287.32449316978455,
                    307.60988906025887
                ],
                [
                    353.1133213043213,
                    311.96720093488693
                ],
                [
                    354.2021803855896,
                    294.2492425441742
                ],
                [
                    286.99788665771484,
                    290.2679805755615
                ],
                [
                    262.03803062438965,
                    300.08889093995094
                ],
                [
                    346.1484897136688,
                    305.45918568968773
                ],
                [
                    347.36787617206573,
                    282.2447887957096
                ],
                [
                    260.9294548034668,
                    277.51913806796074
                ],
                [
                    312.73126196861267,
                    296.8768972158432
                ]
            ],
            "provenance": "nvisii",
            "px_count_all": 0,
            "px_count_visib": 0,
            "quaternion_xyzw": [
                -0.8029423952102661,
                0.38891303539276123,
                4.1409912109375,
                -1.2402905225753784
            ],
            "quaternion_xyzw_worldframe": [
                2.483626127243042,
                2.0462779998779297,
                2.897655487060547,
                0.8544226288795471
            ],
            "segmentation_id": 1,
            "visibility": 1
        },
        {
            "bounding_box_minx_maxx_miny_maxy": [
                239,
                351,
                288,
                381
            ],
            "class": "pez",
            "local_cuboid": null,
            "local_to_world_matrix": [
                [
                    -4.448797225952148,
                    6.441341876983643,
                    1.6484278440475464,
                    -0.0
                ],
                [
                    -6.522178649902344,
                    -4.613166332244873,
                    0.42412203550338745,
                    0.0
                ],
                [
                    1.292048692703247,
                    -1.1080635786056519,
                    7.816828727722168,
                    -0.0
                ],
                [
                    1.4308894872665405,
                    0.3959050476551056,
                    0.28033244609832764,
                    1.0
                ]
            ],
            "location": [
                -0.3959050476551056,
                -0.28033244609832764,
                1.3308894634246826
            ],
            "location_worldframe": [
                1.4308894872665405,
                0.3959050476551056,
                0.28033244609832764
            ],
            "name": "hope_pez_1",
            "projected_cuboid": [
                [
                    255.01315259933472,
                    296.381688863039
                ],
                [
                    341.48590755462646,
                    331.7980104982853
                ],
                [
                    351.78487396240234,
                    326.39229026436806
                ],
                [
                    258.6119270324707,
                    285.0473256111145
                ],
                [
                    239.22226333618164,
                    359.4695547223091
                ],
                [
                    333.3697805404663,
                    381.41489374637604
                ],
                [
                    343.4284545183182,
                    380.31534296274185
                ],
                [
                    241.0921528339386,
                    355.24562138319016
                ],
                [
                    302.02820909023285,
                    341.0136032104492
                ]
            ],
            "provenance": "nvisii",
            "px_count_all": 0,
            "px_count_visib": 0,
            "quaternion_xyzw": [
                -0.07632163166999817,
                -1.6901332139968872,
                1.9569681882858276,
                -0.5049088597297668
            ],
            "quaternion_xyzw_worldframe": [
                0.34771114587783813,
                -0.08087604492902756,
                2.114166021347046,
                1.5329355001449585
            ],
            "segmentation_id": 2,
            "visibility": 1
        },
        {
            "bounding_box_minx_maxx_miny_maxy": [
                323,
                343,
                314,
                323
            ],
            "class": "pez",
            "local_cuboid": null,