{
    "camera_data": {
        "camera_look_at": {
            "at": [
                1.0,
                0.0,
                0.0
            ],
            "eye": [
                0.0,
                0.0,
                0.0
            ],
            "up": [
                0.0,
                0.0,
                1.0
            ]
        },
        "camera_view_matrix": [
            [
                0.0,
                0.0,
                -1.0,
                0.0
            ],
            [
                -1.0,
                0.0,
                0.0,
                0.0
            ],
            [
                0.0,
                1.0,
                0.0,
                0.0
            ],
            [
                0.0,
                0.0,
                0.0,
                1.0
            ]
        ],
        "height": 500,
        "intrinsics": {
            "cx": 250.0,
            "cy": 250.0,
            "fx": 603.5535278320312,
            "fy": 603.5535278320312
        },
        "location_world": [
            0.0,
            0.0,
            0.0
        ],
        "quaternion_world_xyzw": [
            0.5,
            -0.5,
            -0.5,
            0.5
        ],
        "width": 500
    },
    "objects": [
        {
            "bounding_box_minx_maxx_miny_maxy": [
                61,
                264,
                305,
                500
            ],
            "class": "Cube",
            "local_cuboid": null,
            "local_to_world_matrix": [
                [
                    -0.002144342288374901,
                    0.006246432662010193,
                    -0.002320324769243598,
                    0.0
                ],
                [
                    -0.006542882416397333,
                    -0.0015121366595849395,
                    0.001975896069779992,
                    0.0
                ],
                [
                    0.0012619507033377886,
                    0.0027740856166929007,
                    0.006301740650087595,
                    0.0
                ],
                [
                    1.6742587089538574,
                    0.2663649916648865,
                    -0.44202470779418945,
                    1.0
                ]
            ],
            "location": [
                -0.2663649916648865,
                -0.44202470779418945,
                -1.6742587089538574
            ],
            "location_world": [
                1.6742587089538574,
                0.2663649916648865,
                -0.44202470779418945
            ],
            "name": "hope_Cube_0",
            "projected_cuboid": [
                [
                    70.315420627594,
                    375.1124143600464
                ],
                [
                    60.391247272491455,
                    361.00125312805176
                ],
                [
                    117.24862456321716,
                    517.2472596168518
                ],
                [
                    115.86177349090576,
                    499.75281953811646
                ],
                [
                    188.40466439723969,
                    327.6897668838501
                ],
                [
                    206.19606971740723,
                    303.80311608314514
                ],
                [
                    265.32039046287537,
                    445.17791271209717
                ],
                [
                    235.46475172042847,
                    442.6881670951843
                ],
                [
                    158.68443250656128,
                    406.8635106086731
                ]
            ],
            "provenance": "nvisii",
            "quaternion_xyzw": [
                -0.03761831670999527,
                0.7672836780548096,
                0.5978707671165466,
                -0.22893497347831726
            ],
            "quaternion_xyzw_world": [
                -0.048570211976766586,
                0.21798308193683624,
                0.7782356142997742,
                0.5869189500808716
            ],
            "segmentation_id": 1,
            "visibility": 1
        }
    ]
}