{
    "camera_data": {
        "camera_look_at": {
            "at": [
                1.0,
                0.0,
                0.0
            ],
            "eye": [
                0.0,
                0.0,
                0.0
            ],
            "up": [
                0.0,
                0.0,
                1.0
            ]
        },
        "camera_view_matrix": [
            [
                0.0,
                0.0,
                -1.0,
                0.0
            ],
            [
                -1.0,
                0.0,
                0.0,
                0.0
            ],
            [
                0.0,
                1.0,
                0.0,
                0.0
            ],
            [
                0.0,
                0.0,
                0.0,
                1.0
            ]
        ],
        "height": 500,
        "intrinsics": {
            "cx": 250.0,
            "cy": 250.0,
            "fx": 603.5535278320312,
            "fy": 603.5535278320312
        },
        "location_world": [
            0.0,
            0.0,
            0.0
        ],
        "quaternion_world_xyzw": [
            0.5,
            -0.5,
            -0.5,
            0.5
        ],
        "width": 500
    },
    "objects": [
        {
            "bounding_box_minx_maxx_miny_maxy": [
                0,
                197,
                290,
                500
            ],
            "class": "Cube",
            "local_cuboid": null,
            "local_to_world_matrix": [
                [
                    8.775710739428177e-05,
                    0.009654659777879715,
                    0.0026038112118840218,
                    0.0
                ],
                [
                    -0.0013543152017518878,
                    -0.002568442840129137,
                    0.009569165296852589,
                    0.0
                ],
                [
                    0.009907479397952557,
                    -0.0004366147331893444,
                    0.0012850058265030384,
                    0.0
                ],
                [
                    1.7487472295761108,
                    0.5451130270957947,
                    -0.6998619437217712,
                    1.0
                ]
            ],
            "location": [
                -0.5451130270957947,
                -0.6998619437217712,
                -1.7487472295761108
            ],
            "location_world": [
                1.7487472295761108,
                0.5451130270957947,
                -0.6998619437217712
            ],
            "name": "hope_Cube_0",
            "projected_cuboid": [
                [
                    15.79207181930542,
                    431.98806047439575
                ],
                [
                    47.72001504898071,
                    288.8164818286896
                ],
                [
                    -31.260937452316284,
                    329.2244076728821
                ],
                [
                    -70.15243172645569,
                    517.7556276321411
                ],
                [
                    161.37512028217316,
                    471.79046273231506
                ],
                [
                    198.49291443824768,
                    329.6917974948883
                ],
                [
                    171.45784199237823,
                    384.3720555305481
                ],
                [
                    123.29404056072235,
                    570.9637999534607
                ],
                [
                    80.74703812599182,
                    412.11920976638794
                ]
            ],
            "provenance": "nvisii",
            "quaternion_xyzw": [
                0.13073375821113586,
                0.9890816807746887,
                0.06671136617660522,
                0.013254046440124512
            ],
            "quaternion_xyzw_world": [
                0.5331790447235107,
                0.38919126987457275,
                0.5866364240646362,
                0.4691566824913025
            ],
            "segmentation_id": 1,
            "visibility": 1
        }
    ]
}