{
    "camera_data": {
        "camera_look_at": {
            "at": [
                1.0,
                0.0,
                0.0
            ],
            "eye": [
                0.0,
                0.0,
                0.0
            ],
            "up": [
                0.0,
                0.0,
                1.0
            ]
        },
        "camera_view_matrix": [
            [
                0.0,
                0.0,
                -1.0,
                0.0
            ],
            [
                -1.0,
                0.0,
                0.0,
                0.0
            ],
            [
                0.0,
                1.0,
                0.0,
                0.0
            ],
            [
                0.0,
                0.0,
                0.0,
                1.0
            ]
        ],
        "height": 500,
        "intrinsics": {
            "cx": 250.0,
            "cy": 250.0,
            "fx": 603.5535278320312,
            "fy": 603.5535278320312
        },
        "location_world": [
            0.0,
            0.0,
            0.0
        ],
        "quaternion_world_xyzw": [
            0.5,
            -0.5,
            -0.5,
            0.5
        ],
        "width": 500
    },
    "objects": [
        {
            "bounding_box_minx_maxx_miny_maxy": [
                -1,
                -1,
                -1,
                -1
            ],
            "class": "Cube",
            "local_cuboid": null,
            "local_to_world_matrix": [
                [
                    -0.0014156770193949342,
                    0.004783336538821459,
                    -0.00033992051612585783,
                    0.0
                ],
                [
                    0.0012390479678288102,
                    0.000707254686858505,
                    0.004792134277522564,
                    0.0
                ],
                [
                    0.004632560536265373,
                    0.0012725871056318283,
                    -0.0013856053119525313,
                    0.0
                ],
                [
                    1.7849818468093872,
                    -0.5366418361663818,
                    -0.14698097109794617,
                    1.0
                ]
            ],
            "location": [
                0.5366418361663818,
                -0.14698097109794617,
                -1.7849818468093872
            ],
            "location_world": [
                1.7849818468093872,
                -0.5366418361663818,
                -0.14698097109794617
            ],
            "name": "hope_Cube_0",
            "projected_cuboid": [
                [
                    374.64606761932373,
                    311.5133047103882
                ],
                [
                    359.5656156539917,
                    234.50294137001038
                ],
                [
                    397.17909693717957,
                    207.72744715213776
                ],
                [
                    415.82387685775757,
                    294.64060068130493
                ],
                [
                    444.64296102523804,
                    303.9664328098297
                ],
                [
                    427.9264807701111,
                    229.91812229156494
                ],
                [
                    472.9963541030884,
                    203.61435413360596
                ],
                [
                    493.62248182296753,
                    286.7688536643982
                ],
                [
                    422.4822223186493,
                    259.0327858924866
                ]
            ],
            "provenance": "nvisii",
            "quaternion_xyzw": [
                -0.053427278995513916,
                0.9800008535385132,
                -0.13391079008579254,
                -0.13715621829032898
            ],
            "quaternion_xyzw_world": [
                0.4616640508174896,
                0.6522475481033325,
                0.46490949392318726,
                0.3811805248260498
            ],
            "segmentation_id": 1,
            "visibility": 0
        },
        {
            "bounding_box_minx_maxx_miny_maxy": [
                0,
                78,
                118,
                249
            ],
            "class": "Cube",
            "local_cuboid": null,
            "local_to_world_matrix": [
                [
                    -0.002392407041043043,
                    0.004256756976246834,
                    0.0010753633687272668,
                    0.0
                ],
                [
                    0.0037806786131113768,
                    0.0013747257180511951,
                    0.0029692749958485365,
                    0.0
                ],
                [
                    0.0022322305012494326,
                    0.0022338638082146645,
                    -0.0038764667697250843,
                    0.0
                ],
                [
                    1.6837852001190186,
                    0.6397463083267212,
                    0.12601546943187714,
                    1.0
                ]
            ],
            "location": [
                -0.6397463083267212,
                0.12601546943187714,
                -1.6837852001190186
            ],
            "location_world": [
                1.6837852001190186,
                0.6397463083267212,
                0.12601546943187714
            ],
            "name": "hope_Cube_1",
            "projected_cuboid": [
                [
                    -38.166821002960205,
                    229.88325357437134
                ],
                [
                    -31.217336654663086,
                    183.9701384305954
                ],
                [
                    -10.715633630752563,
                    113.20288479328156
                ],
                [
                    -15.688300132751465,
                    153.853178024292
                ],
                [
                    52.37977206707001,
                    249.2554634809494
                ],
                [
                    50.30322074890137,
                    204.26273345947266
                ],
                [
                    74.34616982936859,
                    139.21263813972473
                ],
                [
                    79.25286889076233,
                    179.89499866962433
                ],
                [
                    21.206378936767578,
                    182.03628063201904
                ]
            ],
            "provenance": "nvisii",
            "quaternion_xyzw": [
                -0.017604529857635498,
                0.8502429723739624,
                -0.45029163360595703,
                -0.27205580472946167
            ],
            "quaternion_xyzw_world": [
                0.5054371356964111,
                0.7950974702835083,
                0.32720133662223816,
                0.0727500319480896
            ],
            "segmentation_id": 2,
            "visibility": 1
        },
        {
            "bounding_box_minx_maxx_miny_maxy": [
                -1,
                -1,
                -1,
                -1
            ],
            "class": "Cube",
            "local_cuboid": null,