{
    "camera_data": {
        "camera_look_at": {
            "at": [
                1.0,
                0.0,
                0.0
            ],
            "eye": [
                0.0,
                0.0,
                0.0
            ],
            "up": [
                0.0,
                0.0,
                1.0
            ]
        },
        "camera_view_matrix": [
            [
                0.0,
                0.0,
                -1.0,
                0.0
            ],
            [
                -1.0,
                0.0,
                0.0,
                0.0
            ],
            [
                0.0,
                1.0,
                0.0,
                0.0
            ],
            [
                0.0,
                0.0,
                0.0,
                1.0
            ]
        ],
        "height": 500,
        "intrinsics": {
            "cx": 250.0,
            "cy": 250.0,
            "fx": 603.5535278320312,
            "fy": 603.5535278320312
        },
        "location_world": [
            0.0,
            0.0,
            0.0
        ],
        "quaternion_world_xyzw": [
            0.5,
            -0.5,
            -0.5,
            0.5
        ],
        "width": 500
    },
    "objects": [
        {
            "bounding_box_minx_maxx_miny_maxy": [
                0,
                11,
                302,
                476
            ],
            "class": "Cube",
            "local_cuboid": null,
            "local_to_world_matrix": [
                [
                    0.004227426368743181,
                    0.001533336122520268,
                    -0.00218580593355,
                    0.0
                ],
                [
                    0.0017769638216122985,
                    -0.004670841619372368,
                    0.00016013041022233665,
                    0.0
                ],
                [
                    -0.001992803765460849,
                    -0.0009122074698098004,
                    -0.00449406448751688,
                    0.0
                ],
                [
                    0.9851816296577454,
                    0.663773775100708,
                    -0.26132655143737793,
                    1.0
                ]
            ],
            "location": [
                -0.663773775100708,
                -0.26132655143737793,
                -0.9851816296577454
            ],
            "location_world": [
                0.9851816296577454,
                0.663773775100708,
                -0.26132655143737793
            ],
            "name": "hope_Cube_0",
            "projected_cuboid": [
                [
                    -143.8295543193817,
                    498.32308292388916
                ],
                [
                    11.889457702636719,
                    474.51961040496826
                ],
                [
                    8.796483278274536,
                    346.02266550064087
                ],
                [
                    -133.56119394302368,
                    357.7382266521454
                ],
                [
                    -188.39117884635925,
                    482.0827841758728
                ],
                [
                    7.4723511934280396,
                    454.3725848197937
                ],
                [
                    4.1695088148117065,
                    301.17127299308777
                ],
                [
                    -171.00948095321655,
                    311.26347184181213
                ],
                [
                    -70.6523060798645,
                    400.8426070213318
                ]
            ],
            "provenance": "nvisii",
            "quaternion_xyzw": [
                0.25629377365112305,
                0.4848021864891052,
                -0.6467615365982056,
                0.5300753712654114
            ],
            "quaternion_xyzw_world": [
                0.9589664340019226,
                0.17259728908538818,
                -0.21787048876285553,
                0.05591113120317459
            ],
            "segmentation_id": 1,
            "visibility": 1
        }
    ]
}