{
    "camera_data": {
        "camera_look_at": {
            "at": [
                1.0,
                0.0,
                0.0
            ],
            "eye": [
                0.0,
                0.0,
                0.0
            ],
            "up": [
                0.0,
                0.0,
                1.0
            ]
        },
        "camera_view_matrix": [
            [
                0.0,
                0.0,
                -1.0,
                0.0
            ],
            [
                -1.0,
                0.0,
                0.0,
                0.0
            ],
            [
                0.0,
                1.0,
                0.0,
                0.0
            ],
            [
                0.0,
                0.0,
                0.0,
                1.0
            ]
        ],
        "height": 500,
        "intrinsics": {
            "cx": 250.0,
            "cy": 250.0,
            "fx": 603.5535278320312,
            "fy": 603.5535278320312
        },
        "location_world": [
            0.0,
            0.0,
            0.0
        ],
        "quaternion_world_xyzw": [
            0.5,
            -0.5,
            -0.5,
            0.5
        ],
        "width": 500
    },
    "objects": [
        {
            "bounding_box_minx_maxx_miny_maxy": [
                -1,
                -1,
                -1,
                -1
            ],
            "class": "Cube",
            "local_cuboid": null,
            "local_to_world_matrix": [
                [
                    -0.00048614933621138334,
                    -0.0006621012580581009,
                    -0.0005703340284526348,
                    0.0
                ],
                [
                    0.0005866498686373234,
                    0.00023645121837034822,
                    -0.0007745533366687596,
                    0.0
                ],
                [
                    0.0006476888083852828,
                    -0.0007111349259503186,
                    0.0002734708832576871,
                    0.0
                ],
                [
                    0.8887493014335632,
                    -0.46341073513031006,
                    -0.22423377633094788,
                    1.0
                ]
            ],
            "location": [
                0.46341073513031006,
                -0.22423377633094788,
                -0.8887493014335632
            ],
            "location_world": [
                0.8887493014335632,
                -0.46341073513031006,
                -0.22423377633094788
            ],
            "name": "hope_Cube_50mm_0",
            "projected_cuboid": [
                [
                    586.4894390106201,
                    406.6065549850464
                ],
                [
                    568.0476427078247,
                    426.97328329086304
                ],
                [
                    555.5038452148438,
                    442.6901340484619
                ],
                [
                    574.2122530937195,
                    422.0926761627197
                ],
                [
                    555.7839870452881,
                    383.6885094642639
                ],
                [
                    538.7673377990723,
                    404.2423963546753
                ],
                [
                    525.519847869873,
                    418.7359809875488
                ],
                [
                    542.7200794219971,
                    397.9102373123169
                ],
                [
                    555.6460618972778,
                    412.74258494377136
                ]
            ],
            "provenance": "nvisii",
            "quaternion_xyzw": [
                -0.8781149387359619,
                0.22969239950180054,
                -0.3408677577972412,
                0.24487704038619995
            ],
            "quaternion_xyzw_world": [
                -0.03133887052536011,
                0.6018990278244019,
                -0.6170836687088013,
                0.5059083104133606
            ],
            "segmentation_id": 1,
            "visibility": 0
        }
    ]
}