{
    "camera_data": {
        "camera_look_at": {
            "at": [
                1.0,
                0.0,
                0.0
            ],
            "eye": [
                0.0,
                0.0,
                0.0
            ],
            "up": [
                0.0,
                0.0,
                1.0
            ]
        },
        "camera_view_matrix": [
            [
                0.0,
                0.0,
                -1.0,
                0.0
            ],
            [
                -1.0,
                0.0,
                0.0,
                0.0
            ],
            [
                0.0,
                1.0,
                0.0,
                0.0
            ],
            [
                0.0,
                0.0,
                0.0,
                1.0
            ]
        ],
        "height": 500,
        "intrinsics": {
            "cx": 250.0,
            "cy": 250.0,
            "fx": 603.5535278320312,
            "fy": 603.5535278320312
        },
        "location_world": [
            0.0,
            0.0,
            0.0
        ],
        "quaternion_world_xyzw": [
            0.5,
            -0.5,
            -0.5,
            0.5
        ],
        "width": 500
    },
    "objects": [
        {
            "bounding_box_minx_maxx_miny_maxy": [
                213,
                499,
                244,
                500
            ],
            "class": "Cube",
            "local_cuboid": null,
            "local_to_world_matrix": [
                [
                    0.0014480885583907366,
                    0.0048265280202031136,
                    -0.004858772736042738,
                    0.0
                ],
                [
                    -0.002717342460528016,
                    0.004963477607816458,
                    0.004120672587305307,
                    0.0
                ],
                [
                    0.006286421790719032,
                    0.0010336929699406028,
                    0.0029004118405282497,
                    0.0
                ],
                [
                    1.249691367149353,
                    -0.3145833909511566,
                    -0.3856396973133087,
                    1.0
                ]
            ],
            "location": [
                0.3145833909511566,
                -0.3856396973133087,
                -1.249691367149353
            ],
            "location_world": [
                1.249691367149353,
                -0.3145833909511566,
                -0.3856396973133087
            ],
            "name": "hope_Cube_0",
            "projected_cuboid": [
                [
                    320.29813528060913,
                    431.76978826522827
                ],
                [
                    213.01811933517456,
                    355.5329144001007
                ],
                [
                    232.7289879322052,
                    477.09906101226807
                ],
                [
                    367.51091480255127,
                    559.9327087402344
                ],
                [
                    430.27758598327637,
                    334.3958556652069
                ],
                [
                    328.80836725234985,
                    242.97429621219635
                ],
                [
                    389.6099925041199,
                    335.6662392616272
                ],
                [
                    513.4519934654236,
                    442.36892461776733
                ],
                [
                    347.29135036468506,
                    394.34266090393066
                ]
            ],
            "provenance": "nvisii",
            "quaternion_xyzw": [
                -0.393665075302124,
                0.891099214553833,
                0.22515341639518738,
                0.01660853624343872
            ],
            "quaternion_xyzw_world": [
                0.14444462954998016,
                0.5215011835098267,
                0.3529895544052124,
                0.7632631659507751
            ],
            "segmentation_id": 1,
            "visibility": 1
        },
        {
            "bounding_box_minx_maxx_miny_maxy": [
                134,
                268,
                346,
                500
            ],
            "class": "Cube",
            "local_cuboid": null,
            "local_to_world_matrix": [
                [
                    0.0011760859051719308,
                    0.004229232668876648,
                    -0.005452560260891914,
                    0.0
                ],
                [
                    0.004611818585544825,
                    0.003632708452641964,
                    0.0038124220445752144,
                    0.0
                ],
                [
                    0.0051330262795090675,
                    -0.004232850857079029,
                    -0.002176011214032769,
                    0.0
                ],
                [
                    1.4318957328796387,
                    -0.09267418086528778,
                    -0.6184295415878296,
                    1.0
                ]
            ],
            "location": [
                0.09267418086528778,
                -0.6184295415878296,
                -1.4318957328796387
            ],
            "location_world": [
                1.4318957328796387,
                -0.09267418086528778,
                -0.6184295415878296
            ],
            "name": "hope_Cube_1",
            "projected_cuboid": [
                [
                    285.221129655838,
                    557.2184324264526
                ],
                [
                    220.5318659543991,
                    455.0921320915222
                ],
                [
                    133.99836421012878,
                    446.7587471008301
                ],
                [
                    196.1735337972641,
                    567.1069622039795
                ],
                [
                    369.9467182159424,
                    461.53122186660767
                ],
                [
                    292.0061945915222,
                    368.52210760116577
                ],
                [
                    214.28166329860687,
                    345.0976610183716
                ],
                [
                    293.8554286956787,
                    452.6020884513855
                ],
                [
                    250.724196434021,
                    454.06681299209595
                ]
            ],
            "provenance": "nvisii",
            "quaternion_xyzw": [
                -0.38225698471069336,
                0.8488370180130005,
                -0.2855936288833618,
                0.2275775820016861
            ],
            "quaternion_xyzw_world": [
                0.4898756444454193,
                0.6445550322532654,
                -0.023295598104596138,
                0.5865389704704285
            ],
            "segmentation_id": 2,
            "visibility": 1
        }
    ]
}