{
    "camera_data": {
        "camera_look_at": {
            "at": [
                1.0,
                0.0,
                0.0
            ],
            "eye": [
                0.0,
                0.0,
                0.0
            ],
            "up": [
                0.0,
                0.0,
                1.0
            ]
        },
        "camera_view_matrix": [
            [
                0.0,
                0.0,
                -1.0,
                0.0
            ],
            [
                -1.0,
                0.0,
                0.0,
                0.0
            ],
            [
                0.0,
                1.0,
                0.0,
                0.0
            ],
            [
                0.0,
                0.0,
                0.0,
                1.0
            ]
        ],
        "height": 500,
        "intrinsics": {
            "cx": 250.0,
            "cy": 250.0,
            "fx": 603.5535278320312,
            "fy": 603.5535278320312
        },
        "location_world": [
            0.0,
            0.0,
            0.0
        ],
        "quaternion_world_xyzw": [
            0.5,
            -0.5,
            -0.5,
            0.5
        ],
        "width": 500
    },
    "objects": [
        {
            "bounding_box_minx_maxx_miny_maxy": [
                256,
                499,
                1,
                218
            ],
            "class": "Cube",
            "local_cuboid": null,
            "local_to_world_matrix": [
                [
                    0.003338843584060669,
                    -0.0012534515699371696,
                    0.009342429228127003,
                    0.0
                ],
                [
                    0.004427984356880188,
                    0.008958130143582821,
                    -0.0003806041204370558,
                    0.0
                ],
                [
                    -0.008321362547576427,
                    0.004263890907168388,
                    0.0035460053477436304,
                    0.0
                ],
                [
                    1.4239498376846313,
                    -0.5993343591690063,
                    0.43471598625183105,
                    1.0
                ]
            ],
            "location": [
                0.5993343591690063,
                0.43471598625183105,
                -1.4239498376846313
            ],
            "location_world": [
                1.4239498376846313,
                -0.5993343591690063,
                0.43471598625183105
            ],
            "name": "hope_Cube_50mm_0",
            "projected_cuboid": [
                [
                    493.4273958206177,
                    -101.58568620681763
                ],
                [
                    280.22831678390503,
                    -42.84858703613281
                ],
                [
                    340.1694595813751,
                    75.30957460403442
                ],
                [
                    509.3951225280762,
                    46.06831073760986
                ],
                [
                    495.91055512428284,
                    95.54381668567657
                ],
                [
                    256.0158669948578,
                    129.28646802902222
                ],
                [
                    327.30263471603394,
                    218.1243598461151
                ],
                [
                    512.932538986206,
                    206.14959299564362
                ],
                [
                    397.63152599334717,
                    82.77519047260284
                ]
            ],
            "provenance": "nvisii",
            "quaternion_xyzw": [
                -0.28777995705604553,
                -0.03338479995727539,
                0.6604641079902649,
                0.6927158832550049
            ],
            "quaternion_xyzw_world": [
                -0.14445653557777405,
                -0.5493924021720886,
                -0.17670825123786926,
                0.8037875890731812
            ],
            "segmentation_id": 1,
            "visibility": 1
        },
        {
            "bounding_box_minx_maxx_miny_maxy": [
                0,
                400,
                126,
                500
            ],
            "class": "Cube",
            "local_cuboid": null,
            "local_to_world_matrix": [
                [
                    -0.009453732520341873,
                    0.00010309159551979974,
                    0.0032582704443484545,
                    0.0
                ],
                [
                    -0.0030892451759427786,
                    -0.003474827855825424,
                    -0.00885336846113205,
                    0.0
                ],
                [
                    0.0010409221285954118,
                    -0.009376296773552895,
                    0.0033168564550578594,
                    0.0
                ],
                [
                    0.9848558902740479,
                    0.23956236243247986,
                    -0.0036082216538488865,
                    1.0
                ]
            ],
            "location": [
                -0.23956236243247986,
                -0.0036082216538488865,
                -0.9848558902740479
            ],
            "location_world": [
                0.9848558902740479,
                0.23956236243247986,
                -0.0036082216538488865
            ],
            "name": "hope_Cube_50mm_1",
            "projected_cuboid": [
                [
                    243.9747005701065,
                    124.72076714038849
                ],
                [
                    411.58637404441833,
                    524.3881940841675
                ],
                [
                    -71.74414396286011,
                    725.7444858551025
                ],
                [
                    -148.09808135032654,
                    254.2378306388855
                ],
                [
                    248.752623796463,
                    251.0373294353485
                ],
                [
                    344.5371985435486,
                    495.6786632537842
                ],
                [
                    77.37968862056732,
                    604.144275188446
                ],
                [
                    11.950865387916565,
                    334.83171463012695
                ],
                [
                    148.46289157867432,
                    399.58253502845764
                ]
            ],
            "provenance": "nvisii",
            "quaternion_xyzw": [
                0.7034059762954712,
                0.23930343985557556,
                0.669244647026062,
                -0.008089631795883179
            ],
            "quaternion_xyzw_world": [
                0.1326875537633896,
                -0.5626288056373596,
                0.8100218772888184,
                0.0985262542963028
            ],
            "segmentation_id": 2,
            "visibility": 1
        }
    ]
}