{
    "camera_data": {
        "camera_look_at": {
            "at": [
                1.0,
                0.0,
                0.0
            ],
            "eye": [
                0.0,
                0.0,
                0.0
            ],
            "up": [
                0.0,
                0.0,
                1.0
            ]
        },
        "camera_view_matrix": [
            [
                0.0,
                0.0,
                -1.0,
                0.0
            ],
            [
                -1.0,
                0.0,
                0.0,
                0.0
            ],
            [
                0.0,
                1.0,
                0.0,
                0.0
            ],
            [
                0.0,
                0.0,
                0.0,
                1.0
            ]
        ],
        "height": 500,
        "intrinsics": {
            "cx": 250.0,
            "cy": 250.0,
            "fx": 603.5535278320312,
            "fy": 603.5535278320312
        },
        "location_world": [
            0.0,
            0.0,
            0.0
        ],
        "quaternion_world_xyzw": [
            0.5,
            -0.5,
            -0.5,
            0.5
        ],
        "width": 500
    },
    "objects": [
        {
            "bounding_box_minx_maxx_miny_maxy": [
                78,
                105,
                440,
                467
            ],
            "class": "Cube",
            "local_cuboid": null,
            "local_to_world_matrix": [
                [
                    -0.00025324049056507647,
                    -0.0009497715509496629,
                    -0.00018385671137366444,
                    0.0
                ],
                [
                    0.0006620513740926981,
                    -0.00030872406205162406,
                    0.0006829183548688889,
                    0.0
                ],
                [
                    -0.0007053773733787239,
                    5.122000220580958e-05,
                    0.0007069790153764188,
                    0.0
                ],
                [
                    1.7038856744766235,
                    0.4576464891433716,
                    -0.5952837467193604,
                    1.0
                ]
            ],
            "location": [
                -0.4576464891433716,
                -0.5952837467193604,
                -1.7038856744766235
            ],
            "location_world": [
                1.7038856744766235,
                0.4576464891433716,
                -0.5952837467193604
            ],
            "name": "hope_Cube_0",
            "projected_cuboid": [
                [
                    93.64968538284302,
                    459.17195081710815
                ],
                [
                    102.10967063903809,
                    443.0992007255554
                ],
                [
                    105.97723722457886,
                    451.4070749282837
                ],
                [
                    97.76583313941956,
                    467.30971336364746
                ],
                [
                    77.88550853729248,
                    454.32913303375244
                ],
                [
                    86.58583462238312,
                    438.46720457077026
                ],
                [
                    90.7365083694458,
                    446.8081593513489
                ],
                [
                    82.293301820755,
                    462.50617504119873
                ],
                [
                    92.15882420539856,
                    452.8444707393646
                ]
            ],
            "provenance": "nvisii",
            "quaternion_xyzw": [
                -0.374658465385437,
                -0.08332079648971558,
                -0.13480311632156372,
                0.9135189056396484
            ],
            "quaternion_xyzw_world": [
                0.2951713800430298,
                -0.24368907511234283,
                -0.7531506419181824,
                0.5350267291069031
            ],
            "segmentation_id": 1,
            "visibility": 1
        }
    ]
}