{
    "camera_data": {
        "camera_look_at": {
            "at": [
                1.0,
                0.0,
                0.0
            ],
            "eye": [
                0.0,
                0.0,
                0.0
            ],
            "up": [
                0.0,
                0.0,
                1.0
            ]
        },
        "camera_view_matrix": [
            [
                0.0,
                0.0,
                -1.0,
                0.0
            ],
            [
                -1.0,
                0.0,
                0.0,
                0.0
            ],
            [
                0.0,
                1.0,
                0.0,
                0.0
            ],
            [
                0.0,
                0.0,
                0.0,
                1.0
            ]
        ],
        "height": 500,
        "intrinsics": {
            "cx": 250.0,
            "cy": 250.0,
            "fx": 603.5535278320312,
            "fy": 603.5535278320312
        },
        "location_world": [
            0.0,
            0.0,
            0.0
        ],
        "quaternion_world_xyzw": [
            0.5,
            -0.5,
            -0.5,
            0.5
        ],
        "width": 500
    },
    "objects": [
        {
            "bounding_box_minx_maxx_miny_maxy": [
                136,
                499,
                437,
                500
            ],
            "class": "Cube",
            "local_cuboid": null,
            "local_to_world_matrix": [
                [
                    0.0006654391763731837,
                    0.0069403275847435,
                    0.0006237478228285909,
                    0.0
                ],
                [
                    0.001917570480145514,
                    -0.0007847793167456985,
                    0.00668633496388793,
                    0.0
                ],
                [
                    0.006699264049530029,
                    -0.00046475385897792876,
                    -0.001975828083232045,
                    0.0
                ],
                [
                    0.5512255430221558,
                    -0.05969939008355141,
                    -0.5567600131034851,
                    1.0
                ]
            ],
            "location": [
                0.05969939008355141,
                -0.5567600131034851,
                -0.5512255430221558
            ],
            "location_world": [
                0.5512255430221558,
                -0.05969939008355141,
                -0.5567600131034851
            ],
            "name": "hope_Cube_0",
            "projected_cuboid": [
                [
                    166.12473130226135,
                    734.7203493118286
                ],
                [
                    204.29100096225739,
                    436.06075644493103
                ],
                [
                    145.176500082016,
                    441.49675965309143
                ],
                [
                    60.923755168914795,
                    991.320788860321
                ],
                [
                    460.47139167785645,
                    784.5028638839722
                ],
                [
                    464.86157178878784,
                    467.4083888530731
                ],
                [
                    590.0174975395203,
                    495.9145188331604
                ],
                [
                    614.3088340759277,
                    1109.7831726074219
                ],
                [
                    329.8998475074768,
                    642.4553990364075
                ]
            ],
            "provenance": "nvisii",
            "quaternion_xyzw": [
                0.05092117190361023,
                0.9878896474838257,
                -0.14075446128845215,
                0.040858879685401917
            ],
            "quaternion_xyzw_world": [
                0.6102120876312256,
                0.5184320211410522,
                0.4285987317562103,
                0.4185364544391632
            ],
            "segmentation_id": 1,
            "visibility": 1
        }
    ]
}