{
    "camera_data": {
        "camera_look_at": {
            "at": [
                1.0,
                0.0,
                0.0
            ],
            "eye": [
                0.0,
                0.0,
                0.0
            ],
            "up": [
                0.0,
                0.0,
                1.0
            ]
        },
        "camera_view_matrix": [
            [
                0.0,
                0.0,
                -1.0,
                0.0
            ],
            [
                -1.0,
                0.0,
                0.0,
                0.0
            ],
            [
                0.0,
                1.0,
                0.0,
                0.0
            ],
            [
                0.0,
                0.0,
                0.0,
                1.0
            ]
        ],
        "height": 500,
        "intrinsics": {
            "cx": 250.0,
            "cy": 250.0,
            "fx": 603.5535278320312,
            "fy": 603.5535278320312
        },
        "location_world": [
            0.0,
            0.0,
            0.0
        ],
        "quaternion_world_xyzw": [
            0.5,
            -0.5,
            -0.5,
            0.5
        ],
        "width": 500
    },
    "objects": [
        {
            "bounding_box_minx_maxx_miny_maxy": [
                124,
                499,
                247,
                500
            ],
            "class": "Cube",
            "local_cuboid": null,
            "local_to_world_matrix": [
                [
                    0.0004393535782583058,
                    0.0035962527617812157,
                    -0.009320618584752083,
                    0.0
                ],
                [
                    -0.007543690502643585,
                    0.006236035842448473,
                    0.0020505094435065985,
                    0.0
                ],
                [
                    0.006549785379320383,
                    0.006941096857190132,
                    0.0029868846759200096,
                    0.0
                ],
                [
                    1.287311315536499,
                    -0.34512844681739807,
                    -0.4036453068256378,
                    1.0
                ]
            ],
            "location": [
                0.34512844681739807,
                -0.4036453068256378,
                -1.287311315536499
            ],
            "location_world": [
                1.287311315536499,
                -0.34512844681739807,
                -0.4036453068256378
            ],
            "name": "hope_Cube_0",
            "projected_cuboid": [
                [
                    283.72490406036377,
                    481.9979667663574
                ],
                [
                    121.98111414909363,
                    505.6198835372925
                ],
                [
                    343.1969881057739,
                    735.165536403656
                ],
                [
                    478.0844449996948,
                    628.4120082855225
                ],
                [
                    359.6012592315674,
                    290.21716117858887
                ],
                [
                    221.4406579732895,
                    246.270552277565
                ],
                [
                    493.5561716556549,
                    367.1790361404419
                ],
                [
                    580.1326036453247,
                    383.07130336761475
                ],
                [
                    353.94737124443054,
                    443.572461605072
                ]
            ],
            "provenance": "nvisii",
            "quaternion_xyzw": [
                -0.5220876932144165,
                0.7449253797531128,
                0.3534104526042938,
                -0.2182011902332306
            ],
            "quaternion_xyzw_world": [
                -0.17438702285289764,
                0.5659018754959106,
                0.3972246050834656,
                0.7011111378669739
            ],
            "segmentation_id": 1,
            "visibility": 1
        }
    ]
}