{
    "camera_data": {
        "camera_look_at": {
            "at": [
                1.0,
                0.0,
                0.0
            ],
            "eye": [
                0.0,
                0.0,
                0.0
            ],
            "up": [
                0.0,
                0.0,
                1.0
            ]
        },
        "camera_view_matrix": [
            [
                0.0,
                0.0,
                -1.0,
                0.0
            ],
            [
                -1.0,
                0.0,
                0.0,
                0.0
            ],
            [
                0.0,
                1.0,
                0.0,
                0.0
            ],
            [
                0.0,
                0.0,
                0.0,
                1.0
            ]
        ],
        "height": 500,
        "intrinsics": {
            "cx": 250.0,
            "cy": 250.0,
            "fx": 603.5535278320312,
            "fy": 603.5535278320312
        },
        "location_world": [
            0.0,
            0.0,
            0.0
        ],
        "quaternion_world_xyzw": [
            0.5,
            -0.5,
            -0.5,
            0.5
        ],
        "width": 500
    },
    "objects": [
        {
            "bounding_box_minx_maxx_miny_maxy": [
                232,
                499,
                1,
                170
            ],
            "class": "Cube",
            "local_cuboid": null,
            "local_to_world_matrix": [
                [
                    -0.004179911222308874,
                    0.004132394213229418,
                    0.0038015395402908325,
                    0.0
                ],
                [
                    0.0011287396773695946,
                    -0.004024090711027384,
                    0.005615396425127983,
                    0.0
                ],
                [
                    0.005500393453985453,
                    0.003966113086789846,
                    0.0017365597886964679,
                    0.0
                ],
                [
                    0.6590597033500671,
                    -0.1341402232646942,
                    0.20930378139019012,
                    1.0
                ]
            ],
            "location": [
                0.1341402232646942,
                0.20930378139019012,
                -0.6590597033500671
            ],
            "location_world": [
                0.6590597033500671,
                -0.1341402232646942,
                0.20930378139019012
            ],
            "name": "hope_Cube_0",
            "projected_cuboid": [
                [
                    190.41618704795837,
                    -53.277164697647095
                ],
                [
                    357.14831948280334,
                    -256.8066120147705
                ],
                [
                    672.1629500389099,
                    -440.49930572509766
                ],
                [
                    438.1102919578552,
                    -127.61276960372925
                ],
                [
                    342.634379863739,
                    144.38311755657196
                ],
                [
                    464.0016555786133,
                    -26.372194290161133
                ],
                [
                    725.6087064743042,
                    -60.95534563064575
                ],
                [
                    574.5086669921875,
                    181.6943883895874
                ],
                [
                    456.1460316181183,
                    -57.089418172836304
                ]
            ],
            "provenance": "nvisii",
            "quaternion_xyzw": [
                0.3135400116443634,
                0.8913910984992981,
                0.024352863430976868,
                -0.3263768255710602
            ],
            "quaternion_xyzw_world": [
                0.42710068821907043,
                0.4399375319480896,
                0.7778303623199463,
                0.1379135698080063
            ],
            "segmentation_id": 1,
            "visibility": 1
        }
    ]
}