{
    "camera_data": {
        "camera_look_at": {
            "at": [
                1.0,
                0.0,
                0.0
            ],
            "eye": [
                0.0,
                0.0,
                0.0
            ],
            "up": [
                0.0,
                0.0,
                1.0
            ]
        },
        "camera_view_matrix": [
            [
                0.0,
                0.0,
                -1.0,
                0.0
            ],
            [
                -1.0,
                0.0,
                0.0,
                0.0
            ],
            [
                0.0,
                1.0,
                0.0,
                0.0
            ],
            [
                0.0,
                0.0,
                0.0,
                1.0
            ]
        ],
        "height": 400,
        "intrinsics": {
            "cx": 200.0,
            "cy": 200.0,
            "fx": 482.84283447265625,
            "fy": 482.84283447265625
        },
        "location_world": [
            0.0,
            0.0,
            0.0
        ],
        "quaternion_world_xyzw": [
            0.5,
            -0.5,
            -0.5,
            0.5
        ],
        "width": 400
    },
    "objects": [
        {
            "bounding_box_minx_maxx_miny_maxy": [
                297,
                399,
                178,
                296
            ],
            "class": "Cube",
            "local_cuboid": null,
            "local_to_world_matrix": [
                [
                    0.004542167764157057,
                    -0.0009200578206218779,
                    -0.0018767535220831633,
                    0.0
                ],
                [
                    -0.001841752789914608,
                    -0.0038845299277454615,
                    -0.0025531104765832424,
                    0.0
                ],
                [
                    -0.0009882593294605613,
                    0.003010634332895279,
                    -0.003867741208523512,
                    0.0
                ],
                [
                    1.7023829221725464,
                    -0.4134169816970825,
                    -0.06584824621677399,
                    1.0
                ]
            ],
            "location": [
                0.4134169816970825,
                -0.06584824621677399,
                -1.7023829221725464
            ],
            "location_world": [
                1.7023829221725464,
                -0.4134169816970825,
                -0.06584824621677399
            ],
            "name": "hope_Cube_0",
            "projected_cuboid": [
                [
                    297.3520040512085,
                    256.46204948425293
                ],
                [
                    357.8211784362793,
                    295.7977533340454
                ],
                [
                    394.92881298065186,
                    239.6890640258789
                ],
                [
                    334.2264652252197,
                    204.21645641326904
                ],
                [
                    297.2863435745239,
                    235.6926679611206
                ],
                [
                    367.0807123184204,
                    279.797887802124
                ],
                [
                    409.4266891479492,
                    215.83340167999268
                ],
                [
                    339.35296535491943,
                    176.7294406890869
                ],
                [
                    348.825740814209,
                    237.8021240234375
                ]
            ],
            "provenance": "nvisii",
            "quaternion_xyzw": [
                0.6117560267448425,
                0.16409945487976074,
                -0.6173050999641418,
                0.4666479825973511
            ],
            "quaternion_xyzw_world": [
                0.9299042820930481,
                -0.1484997272491455,
                -0.15404880046844482,
                -0.2991568446159363
            ],
            "segmentation_id": 1,
            "visibility": 1
        },
        {
            "bounding_box_minx_maxx_miny_maxy": [
                293,
                373,
                57,
                137
            ],
            "class": "Cube",
            "local_cuboid": null,
            "local_to_world_matrix": [
                [
                    0.004743017256259918,
                    -0.0007272211369127035,
                    0.0014053239719942212,
                    0.0
                ],
                [
                    0.0009109837119467556,
                    0.0048858653753995895,
                    -0.0005462848348543048,
                    0.0
                ],
                [
                    -0.0012937908759340644,
                    0.0007742532179690897,
                    0.004767246078699827,
                    0.0
                ],
                [
                    1.8023228645324707,
                    -0.6190570592880249,
                    0.41008079051971436,
                    1.0
                ]
            ],
            "location": [
                0.6190570592880249,
                0.41008079051971436,
                -1.8023228645324707
            ],
            "location_world": [
                1.8023228645324707,
                -0.6190570592880249,
                0.41008079051971436
            ],
            "name": "hope_Cube_1",
            "projected_cuboid": [
                [
                    357.97247886657715,
                    55.702221393585205
                ],
                [
                    293.26510429382324,
                    65.91941118240356
                ],
                [
                    299.5983362197876,
                    127.83938646316528
                ],
                [
                    362.31040954589844,
                    119.40453052520752
                ],
                [
                    370.02689838409424,
                    55.52488565444946
                ],
                [
                    295.95298767089844,
                    67.17473268508911
                ],
                [
                    303.04012298583984,
                    137.38422393798828
                ],
                [
                    374.5098352432251,
                    128.03707122802734
                ],
                [
                    331.4612865447998,
                    95.12323141098022
                ]
            ],
            "provenance": "nvisii",
            "quaternion_xyzw": [
                -0.498984694480896,
                0.3487623333930969,
                0.5528496503829956,
                0.5689783692359924
            ],
            "quaternion_xyzw_world": [
                -0.06704685091972351,
                -0.13704048097133636,
                -0.08317555487155914,
                0.9847875237464905
            ],
            "segmentation_id": 2,
            "visibility": 1
        },
        {
            "bounding_box_minx_maxx_miny_maxy": [
                0,
                102,
                247,
                400
            ],
            "class": "Cube",
            "local_cuboid": null,