{
    "camera_data": {
        "camera_look_at": {
            "at": [
                1.0,
                0.0,
                0.0
            ],
            "eye": [
                0.0,
                0.0,
                0.0
            ],
            "up": [
                0.0,
                0.0,
                1.0
            ]
        },
        "camera_view_matrix": [
            [
                0.0,
                0.0,
                -1.0,
                0.0
            ],
            [
                -1.0,
                0.0,
                0.0,
                0.0
            ],
            [
                0.0,
                1.0,
                0.0,
                0.0
            ],
            [
                0.0,
                0.0,
                0.0,
                1.0
            ]
        ],
        "height": 400,
        "intrinsics": {
            "cx": 200.0,
            "cy": 200.0,
            "fx": 482.84283447265625,
            "fy": 482.84283447265625
        },
        "location_world": [
            0.0,
            0.0,
            0.0
        ],
        "quaternion_world_xyzw": [
            0.5,
            -0.5,
            -0.5,
            0.5
        ],
        "width": 400
    },
    "objects": [
        {
            "bounding_box_minx_maxx_miny_maxy": [
                255,
                372,
                185,
                309
            ],
            "class": "Cube",
            "local_cuboid": null,
            "local_to_world_matrix": [
                [
                    0.0043187215924263,
                    -0.00013961076911073178,
                    -0.002515780972316861,
                    0.0
                ],
                [
                    -0.0019126273691654205,
                    -0.0034316102974116802,
                    -0.0030928838532418013,
                    0.0
                ],
                [
                    -0.001640274771489203,
                    0.003633810905739665,
                    -0.0030174392741173506,
                    0.0
                ],
                [
                    1.6846085786819458,
                    -0.28547564148902893,
                    -0.08273320645093918,
                    1.0
                ]
            ],
            "location": [
                0.28547564148902893,
                -0.08273320645093918,
                -1.6846085786819458
            ],
            "location_world": [
                1.6846085786819458,
                -0.28547564148902893,
                -0.08273320645093918
            ],
            "name": "hope_Cube_0",
            "projected_cuboid": [
                [
                    254.61454391479492,
                    260.93904972076416
                ],
                [
                    307.7984094619751,
                    309.5499038696289
                ],
                [
                    353.18922996520996,
                    262.4646186828613
                ],
                [
                    300.01680850982666,
                    218.4838056564331
                ],
                [
                    260.0993871688843,
                    229.9567699432373
                ],
                [
                    321.62275314331055,
                    283.79955291748047
                ],
                [
                    372.70848751068115,
                    231.42156600952148
                ],
                [
                    311.2842559814453,
                    183.40505361557007
                ],
                [
                    309.52093601226807,
                    247.21524715423584
                ]
            ],
            "provenance": "nvisii",
            "quaternion_xyzw": [
                0.5741176009178162,
                0.0797596126794815,
                -0.6925874948501587,
                0.42936015129089355
            ],
            "quaternion_xyzw_world": [
                0.8879124522209167,
                -0.11556534469127655,
                -0.23403522372245789,
                -0.3787926733493805
            ],
            "segmentation_id": 1,
            "visibility": 1
        },
        {
            "bounding_box_minx_maxx_miny_maxy": [
                331,
                399,
                98,
                213
            ],
            "class": "Cube",
            "local_cuboid": null,
            "local_to_world_matrix": [
                [
                    -0.0014817386399954557,
                    -0.004392247647047043,
                    -0.0018741949461400509,
                    0.0
                ],
                [
                    0.0031030301470309496,
                    0.0006060221930965781,
                    -0.0038734921254217625,
                    0.0
                ],
                [
                    0.0036298283375799656,
                    -0.0023110373876988888,
                    0.002546262461692095,
                    0.0
                ],
                [
                    1.588158130645752,
                    -0.6557523012161255,
                    0.25691142678260803,
                    1.0
                ]
            ],
            "location": [
                0.6557523012161255,
                0.25691142678260803,
                -1.588158130645752
            ],
            "location_world": [
                1.588158130645752,
                -0.6557523012161255,
                0.25691142678260803
            ],
            "name": "hope_Cube_1",
            "projected_cuboid": [
                [
                    442.12846755981445,
                    119.50571537017822
                ],
                [
                    413.0817413330078,
                    178.49431037902832
                ],
                [
                    402.48403549194336,
                    214.12935256958008
                ],
                [
                    434.0147018432617,
                    151.59568786621094
                ],
                [
                    369.8786973953247,
                    96.61251306533813
                ],
                [
                    347.97303676605225,
                    155.16374111175537
                ],
                [
                    330.8462619781494,
                    186.73015832901
                ],
                [
                    353.6111354827881,
                    124.44539070129395
                ],
                [
                    385.689902305603,
                    153.5996675491333
                ]
            ],
            "provenance": "nvisii",
            "quaternion_xyzw": [
                -0.9191182851791382,
                0.13492369651794434,
                -0.20632685720920563,
                0.30732131004333496
            ],
            "quaternion_xyzw_world": [
                -0.13527318835258484,
                0.4765237867832184,
                -0.6489213705062866,
                0.5775182247161865
            ],
            "segmentation_id": 2,
            "visibility": 1
        },
        {
            "bounding_box_minx_maxx_miny_maxy": [
                0,
                84,
                259,
                400
            ],
            "class": "Cube",
            "local_cuboid": null,