{
    "camera_data": {
        "camera_look_at": {
            "at": [
                1.0,
                0.0,
                0.0
            ],
            "eye": [
                0.0,
                0.0,
                0.0
            ],
            "up": [
                0.0,
                0.0,
                1.0
            ]
        },
        "camera_view_matrix": [
            [
                0.0,
                0.0,
                -1.0,
                0.0
            ],
            [
                -1.0,
                0.0,
                0.0,
                0.0
            ],
            [
                0.0,
                1.0,
                0.0,
                0.0
            ],
            [
                0.0,
                0.0,
                0.0,
                1.0
            ]
        ],
        "height": 400,
        "intrinsics": {
            "cx": 200.0,
            "cy": 200.0,
            "fx": 482.84283447265625,
            "fy": 482.84283447265625
        },
        "location_world": [
            0.0,
            0.0,
            0.0
        ],
        "quaternion_world_xyzw": [
            0.5,
            -0.5,
            -0.5,
            0.5
        ],
        "width": 400
    },
    "objects": [
        {
            "bounding_box_minx_maxx_miny_maxy": [
                211,
                324,
                198,
                321
            ],
            "class": "Cube",
            "local_cuboid": null,
            "local_to_world_matrix": [
                [
                    0.004530420061200857,
                    -3.4422948374412954e-05,
                    -0.002115208189934492,
                    0.0
                ],
                [
                    -0.0017415210604667664,
                    -0.002898893319070339,
                    -0.0036828690208494663,
                    0.0
                ],
                [
                    -0.0012009975034743547,
                    0.004073724616318941,
                    -0.0026386308018118143,
                    0.0
                ],
                [
                    1.6570889949798584,
                    -0.1392761468887329,
                    -0.10975576937198639,
                    1.0
                ]
            ],
            "location": [
                0.1392761468887329,
                -0.10975576937198639,
                -1.6570889949798584
            ],
            "location_world": [
                1.6570889949798584,
                -0.1392761468887329,
                -0.10975576937198639
            ],
            "name": "hope_Cube_0",
            "projected_cuboid": [
                [
                    210.6243371963501,
                    263.4242057800293
                ],
                [
                    253.51603031158447,
                    320.5451011657715
                ],
                [
                    309.0433120727539,
                    279.1390657424927
                ],
                [
                    264.8966312408447,
                    225.92601776123047
                ],
                [
                    211.66515350341797,
                    239.18147087097168
                ],
                [
                    261.4302635192871,
                    303.8918733596802
                ],
                [
                    325.0978469848633,
                    256.84993267059326
                ],
                [
                    273.70901107788086,
                    197.21122980117798
                ],
                [
                    263.3641004562378,
                    260.39533615112305
                ]
            ],
            "provenance": "nvisii",
            "quaternion_xyzw": [
                0.6130373477935791,
                0.06391823291778564,
                -0.7017636299133301,
                0.35725003480911255
            ],
            "quaternion_xyzw_world": [
                0.8679845929145813,
                -0.10230274498462677,
                -0.19102907180786133,
                -0.4468163251876831
            ],
            "segmentation_id": 1,
            "visibility": 1
        },
        {
            "bounding_box_minx_maxx_miny_maxy": [
                343,
                399,
                32,
                145
            ],
            "class": "Cube",
            "local_cuboid": null,
            "local_to_world_matrix": [
                [
                    -0.0004908150294795632,
                    -0.004881897941231728,
                    -0.0009623778169043362,
                    0.0
                ],
                [
                    0.003862108802422881,
                    -0.0009835087694227695,
                    0.0030194076243788004,
                    0.0
                ],
                [
                    -0.003137389663606882,
                    -0.00044696746044792235,
                    0.0038674287497997284,
                    0.0
                ],
                [
                    1.4322388172149658,
                    -0.5935291051864624,
                    0.2752338647842407,
                    1.0
                ]
            ],
            "location": [
                0.5935291051864624,
                0.2752338647842407,
                -1.4322388172149658
            ],
            "location_world": [
                1.4322388172149658,
                -0.5935291051864624,
                0.2752338647842407
            ],
            "name": "hope_Cube_1",
            "projected_cuboid": [
                [
                    461.5710258483887,
                    74.79872703552246
                ],
                [
                    444.1293716430664,
                    43.05317401885986
                ],
                [
                    415.1095390319824,
                    112.80639171600342
                ],
                [
                    426.98540687561035,
                    150.21783113479614
                ],
                [
                    370.5960750579834,
                    60.040152072906494
                ],
                [
                    364.69616889953613,
                    30.62211275100708
                ],
                [
                    343.3526277542114,
                    100.51418542861938
                ],
                [
                    345.93849182128906,
                    135.7641577720642
                ],
                [
                    395.2217102050781,
                    89.23137187957764
                ]
            ],
            "provenance": "nvisii",
            "quaternion_xyzw": [
                -0.43157270550727844,
                -0.0024482011795043945,
                -0.10864710807800293,
                0.8955081105232239
            ],
            "quaternion_xyzw_world": [
                0.2850671410560608,
                -0.17886823415756226,
                -0.719088077545166,
                0.6079927682876587
            ],
            "segmentation_id": 2,
            "visibility": 1
        },
        {
            "bounding_box_minx_maxx_miny_maxy": [
                0,
                75,
                273,
                400
            ],
            "class": "Cube",
            "local_cuboid": null,