{
    "camera_data": {
        "camera_look_at": {
            "at": [
                1.0,
                0.0,
                0.0
            ],
            "eye": [
                0.0,
                0.0,
                0.0
            ],
            "up": [
                0.0,
                0.0,
                1.0
            ]
        },
        "camera_view_matrix": [
            [
                0.0,
                0.0,
                -1.0,
                0.0
            ],
            [
                -1.0,
                0.0,
                0.0,
                0.0
            ],
            [
                0.0,
                1.0,
                0.0,
                0.0
            ],
            [
                0.0,
                0.0,
                0.0,
                1.0
            ]
        ],
        "height": 400,
        "intrinsics": {
            "cx": 200.0,
            "cy": 200.0,
            "fx": 482.84283447265625,
            "fy": 482.84283447265625
        },
        "location_world": [
            0.0,
            0.0,
            0.0
        ],
        "quaternion_world_xyzw": [
            0.5,
            -0.5,
            -0.5,
            0.5
        ],
        "width": 400
    },
    "objects": [
        {
            "bounding_box_minx_maxx_miny_maxy": [
                36,
                125,
                223,
                325
            ],
            "class": "Cube",
            "local_cuboid": null,
            "local_to_world_matrix": [
                [
                    -0.004271417390555143,
                    -0.000783827155828476,
                    0.002478026319295168,
                    0.0
                ],
                [
                    0.0008530053310096264,
                    -0.004925919696688652,
                    -8.778242772677913e-05,
                    0.0
                ],
                [
                    0.0024550724774599075,
                    0.00034776280517689884,
                    0.00434185191988945,
                    0.0
                ],
                [
                    1.5314748287200928,
                    0.49170613288879395,
                    -0.23732125759124756,
                    1.0
                ]
            ],
            "location": [
                -0.49170613288879395,
                -0.23732125759124756,
                -1.5314748287200928
            ],
            "location_world": [
                1.5314748287200928,
                0.49170613288879395,
                -0.23732125759124756
            ],
            "name": "hope_Cube_0",
            "projected_cuboid": [
                [
                    43.78015995025635,
                    221.71213626861572
                ],
                [
                    125.9307861328125,
                    222.49269485473633
                ],
                [
                    125.43537616729736,
                    299.0115165710449
                ],
                [
                    35.87236404418945,
                    300.5545139312744
                ],
                [
                    52.276551723480225,
                    254.18248176574707
                ],
                [
                    124.14908409118652,
                    254.0724754333496
                ],
                [
                    123.58396053314209,
                    322.8942394256592
                ],
                [
                    46.101176738739014,
                    324.8742341995239
                ],
                [
                    85.39689779281616,
                    274.4773864746094
                ]
            ],
            "provenance": "nvisii",
            "quaternion_xyzw": [
                0.6452395915985107,
                0.5737361311912537,
                0.30404630303382874,
                -0.40255263447761536
            ],
            "quaternion_xyzw_world": [
                0.25618839263916016,
                0.013501443900167942,
                0.9627873301506042,
                -0.08500488102436066
            ],
            "segmentation_id": 1,
            "visibility": 1
        },
        {
            "bounding_box_minx_maxx_miny_maxy": [
                0,
                50,
                1,
                141
            ],
            "class": "Cube",
            "local_cuboid": null,
            "local_to_world_matrix": [
                [
                    -0.004686433356255293,
                    0.0006520232418552041,
                    -0.0016162380343303084,
                    0.0
                ],
                [
                    -0.00046664668479934335,
                    -0.004937046207487583,
                    -0.0006386188906617463,
                    0.0
                ],
                [
                    -0.0016791665693745017,
                    -0.00044772643013857305,
                    0.004688276909291744,
                    0.0
                ],
                [
                    0.853158175945282,
                    0.5581091642379761,
                    0.27164754271507263,
                    1.0
                ]
            ],
            "location": [
                -0.5581091642379761,
                0.27164754271507263,
                -0.853158175945282
            ],
            "location_world": [
                0.853158175945282,
                0.5581091642379761,
                0.27164754271507263
            ],
            "name": "hope_Cube_1",
            "projected_cuboid": [
                [
                    -191.8414831161499,
                    -42.42284297943115
                ],
                [
                    -27.758193016052246,
                    -27.86855697631836
                ],
                [
                    -16.742277145385742,
                    147.46770858764648
                ],
                [
                    -163.4481906890869,
                    129.22558784484863
                ],
                [
                    -75.98071098327637,
                    -23.264503479003906
                ],
                [
                    48.60570430755615,
                    -11.984634399414062
                ],
                [
                    50.52865743637085,
                    120.4596996307373
                ],
                [
                    -63.76900672912598,
                    107.0626974105835
                ],
                [
                    -49.41835403442383,
                    53.29122543334961
                ]
            ],
            "provenance": "nvisii",
            "quaternion_xyzw": [
                0.40665897727012634,
                0.40830373764038086,
                0.6312610507011414,
                -0.519062876701355
            ],
            "quaternion_xyzw_world": [
                -0.16768060624599457,
                -0.055276691913604736,
                0.9826433062553406,
                0.05692146718502045
            ],
            "segmentation_id": 2,
            "visibility": 1
        },
        {
            "bounding_box_minx_maxx_miny_maxy": [
                0,
                41,
                313,
                400
            ],
            "class": "Cube",
            "local_cuboid": null,