{
    "camera_data": {
        "camera_look_at": {
            "at": [
                1.0,
                0.0,
                0.0
            ],
            "eye": [
                0.0,
                0.0,
                0.0
            ],
            "up": [
                0.0,
                0.0,
                1.0
            ]
        },
        "camera_view_matrix": [
            [
                0.0,
                0.0,
                -1.0,
                0.0
            ],
            [
                -1.0,
                0.0,
                0.0,
                0.0
            ],
            [
                0.0,
                1.0,
                0.0,
                0.0
            ],
            [
                0.0,
                0.0,
                0.0,
                1.0
            ]
        ],
        "height": 500,
        "intrinsics": {
            "cx": 250.0,
            "cy": 250.0,
            "fx": 603.5535278320312,
            "fy": 603.5535278320312
        },
        "location_world": [
            0.0,
            0.0,
            0.0
        ],
        "quaternion_world_xyzw": [
            0.5,
            -0.5,
            -0.5,
            0.5
        ],
        "width": 500
    },
    "objects": [
        {
            "bounding_box_minx_maxx_miny_maxy": [
                0,
                118,
                403,
                500
            ],
            "class": "Cube",
            "local_cuboid": null,
            "local_to_world_matrix": [
                [
                    0.003279244527220726,
                    0.0035435117315500975,
                    0.001300030155107379,
                    0.0
                ],
                [
                    0.0031935127917677164,
                    -0.003522738115862012,
                    0.0015465428587049246,
                    0.0
                ],
                [
                    0.0020119715481996536,
                    -0.00018396577797830105,
                    -0.00457363435998559,
                    0.0
                ],
                [
                    1.2768054008483887,
                    0.5604479908943176,
                    -0.5942010283470154,
                    1.0
                ]
            ],
            "location": [
                -0.5604479908943176,
                -0.5942010283470154,
                -1.2768054008483887
            ],
            "location_world": [
                1.2768054008483887,
                0.5604479908943176,
                -0.5942010283470154
            ],
            "name": "hope_Cube_0",
            "projected_cuboid": [
                [
                    -26.031494140625,
                    539.5685434341431
                ],
                [
                    69.82980668544769,
                    480.3447723388672
                ],
                [
                    53.7031888961792,
                    402.1182358264923
                ],
                [
                    -51.496028900146484,
                    456.34931325912476
                ],
                [
                    23.50272238254547,
                    609.2084646224976
                ],
                [
                    124.92227554321289,
                    535.1567268371582
                ],
                [
                    111.01773381233215,
                    451.3235092163086
                ],
                [
                    -1.2559890747070312,
                    520.1883316040039
                ],
                [
                    39.84425961971283,
                    497.1516728401184
                ]
            ],
            "provenance": "nvisii",
            "quaternion_xyzw": [
                0.30999332666397095,
                0.7778825759887695,
                -0.49924927949905396,
                0.22260499000549316
            ],
            "quaternion_xyzw_world": [
                0.9048650860786438,
                0.3722667992115021,
                0.18301081657409668,
                0.0956224650144577
            ],
            "segmentation_id": 1,
            "visibility": 1
        },
        {
            "bounding_box_minx_maxx_miny_maxy": [
                410,
                499,
                412,
                500
            ],
            "class": "Cube",
            "local_cuboid": null,
            "local_to_world_matrix": [
                [
                    -2.9188393000367796e-06,
                    0.004147253930568695,
                    -0.0027928969357162714,
                    0.0
                ],
                [
                    0.004697638098150492,
                    -0.0009542161133140326,
                    -0.0014218525029718876,
                    0.0
                ],
                [
                    -0.0017123621655628085,
                    -0.0026248341891914606,
                    -0.0038959032390266657,
                    0.0
                ],
                [
                    1.7213726043701172,
                    -0.6502904891967773,
                    -0.6371203660964966,
                    1.0
                ]
            ],
            "location": [
                0.6502904891967773,
                -0.6371203660964966,
                -1.7213726043701172
            ],
            "location_world": [
                1.7213726043701172,
                -0.6502904891967773,
                -0.6371203660964966
            ],
            "name": "hope_Cube_1",
            "projected_cuboid": [
                [
                    470.1463580131531,
                    539.2255783081055
                ],
                [
                    458.1714868545532,
                    526.1462926864624
                ],
                [
                    409.6296429634094,
                    455.5044174194336
                ],
                [
                    414.5602583885193,
                    458.5433602333069
                ],
                [
                    544.6844100952148,
                    488.9912009239197
                ],
                [
                    523.5610008239746,
                    482.07902908325195
                ],
                [
                    472.2222685813904,
                    413.3296608924866
                ],
                [
                    485.48561334609985,
                    410.75342893600464
                ],
                [
                    471.27479314804077,
                    470.7893133163452
                ]
            ],
            "provenance": "nvisii",
            "quaternion_xyzw": [
                -0.1676657497882843,
                0.5483174324035645,
                -0.7836283445358276,
                0.23908737301826477
            ],
            "quaternion_xyzw_world": [
                0.7016837000846863,
                0.6302620768547058,
                -0.3210320472717285,
                0.08572106808423996
            ],
            "segmentation_id": 2,
            "visibility": 1
        },
        {
            "bounding_box_minx_maxx_miny_maxy": [
                277,
                423,
                412,
                500
            ],
            "class": "Cube",
            "local_cuboid": null,