{
    "camera_data": {
        "camera_look_at": {
            "at": [
                1.0,
                0.0,
                0.0
            ],
            "eye": [
                0.0,
                0.0,
                0.0
            ],
            "up": [
                0.0,
                0.0,
                1.0
            ]
        },
        "camera_view_matrix": [
            [
                0.0,
                0.0,
                -1.0,
                0.0
            ],
            [
                -1.0,
                0.0,
                0.0,
                0.0
            ],
            [
                0.0,
                1.0,
                0.0,
                0.0
            ],
            [
                0.0,
                0.0,
                0.0,
                1.0
            ]
        ],
        "height": 400,
        "intrinsics": {
            "cx": 200.0,
            "cy": 200.0,
            "fx": 482.84283447265625,
            "fy": 482.84283447265625
        },
        "location_world": [
            0.0,
            0.0,
            0.0
        ],
        "quaternion_world_xyzw": [
            0.5,
            -0.5,
            -0.5,
            0.5
        ],
        "width": 400
    },
    "objects": [
        {
            "bounding_box_minx_maxx_miny_maxy": [
                152,
                263,
                226,
                332
            ],
            "class": "Cube",
            "local_cuboid": null,
            "local_to_world_matrix": [
                [
                    0.004851480945944786,
                    -0.0011299262987449765,
                    -0.00043173853191547096,
                    0.0
                ],
                [
                    -0.0008493859204463661,
                    -0.0019117206102237105,
                    -0.004541350528597832,
                    0.0
                ],
                [
                    0.0008612057426944375,
                    0.004479798022657633,
                    -0.0020468842703849077,
                    0.0
                ],
                [
                    1.625639796257019,
                    0.012133912183344364,
                    -0.13903987407684326,
                    1.0
                ]
            ],
            "location": [
                -0.012133912183344364,
                -0.13903987407684326,
                -1.625639796257019
            ],
            "location_world": [
                1.625639796257019,
                0.012133912183344364,
                -0.13903987407684326
            ],
            "name": "hope_Cube_0",
            "projected_cuboid": [
                [
                    173.82164001464844,
                    254.88064289093018
                ],
                [
                    199.91756677627563,
                    319.7528600692749
                ],
                [
                    264.1796112060547,
                    293.4537172317505
                ],
                [
                    235.8506679534912,
                    227.60980129241943
                ],
                [
                    151.78258419036865,
                    256.77430629730225
                ],
                [
                    181.51485919952393,
                    332.3089361190796
                ],
                [
                    256.0492992401123,
                    301.95603370666504
                ],
                [
                    223.31888675689697,
                    225.09725093841553
                ],
                [
                    210.73153018951416,
                    276.01158618927
                ]
            ],
            "provenance": "nvisii",
            "quaternion_xyzw": [
                -0.759357750415802,
                -0.09744958579540253,
                0.614419162273407,
                -0.19070523977279663
            ],
            "quaternion_xyzw_world": [
                -0.8309658765792847,
                0.11909708380699158,
                -0.025841444730758667,
                0.5428110361099243
            ],
            "segmentation_id": 1,
            "visibility": 1
        },
        {
            "bounding_box_minx_maxx_miny_maxy": [
                310,
                399,
                20,
                134
            ],
            "class": "Cube",
            "local_cuboid": null,
            "local_to_world_matrix": [
                [
                    -0.0049796318635344505,
                    0.0001424637157469988,
                    -0.00042775392648763955,
                    0.0
                ],
                [
                    -0.0001559440715936944,
                    -0.004995264112949371,
                    0.00015172321582213044,
                    0.0
                ],
                [
                    -0.00042302568908780813,
                    0.0001644462754484266,
                    0.004979358054697514,
                    0.0
                ],
                [
                    1.2775098085403442,
                    -0.3162204623222351,
                    0.30683577060699463,
                    1.0
                ]
            ],
            "location": [
                0.3162204623222351,
                0.30683577060699463,
                -1.2775098085403442
            ],
            "location_world": [
                1.2775098085403442,
                -0.3162204623222351,
                0.30683577060699463
            ],
            "name": "hope_Cube_1",
            "projected_cuboid": [
                [
                    330.40475845336914,
                    22.226476669311523
                ],
                [
                    437.58630752563477,
                    17.77658462524414
                ],
                [
                    436.67335510253906,
                    125.11945962905884
                ],
                [
                    331.4462184906006,
                    128.7691593170166
                ],
                [
                    309.5419645309448,
                    46.615445613861084
                ],
                [
                    397.31879234313965,
                    43.10375452041626
                ],
                [
                    397.17397689819336,
                    131.03995323181152
                ],
                [
                    310.71226596832275,
                    134.01366472244263
                ],
                [
                    367.2276020050049,
                    82.23650455474854
                ]
            ],
            "provenance": "nvisii",
            "quaternion_xyzw": [
                0.46275195479393005,
                0.4935160279273987,
                0.520277202129364,
                -0.5211662650108337
            ],
            "quaternion_xyzw_world": [
                -0.04258771613240242,
                0.01582658477127552,
                0.998855710029602,
                0.01493748277425766
            ],
            "segmentation_id": 2,
            "visibility": 1
        },
        {
            "bounding_box_minx_maxx_miny_maxy": [
                0,
                62,
                293,
                400
            ],
            "class": "Cube",
            "local_cuboid": null,