{
    "camera_data": {
        "camera_look_at": {
            "at": [
                1.0,
                0.0,
                0.0
            ],
            "eye": [
                0.0,
                0.0,
                0.0
            ],
            "up": [
                0.0,
                0.0,
                1.0
            ]
        },
        "camera_view_matrix": [
            [
                0.0,
                0.0,
                -1.0,
                0.0
            ],
            [
                -1.0,
                0.0,
                0.0,
                0.0
            ],
            [
                0.0,
                1.0,
                0.0,
                0.0
            ],
            [
                0.0,
                0.0,
                0.0,
                1.0
            ]
        ],
        "height": 400,
        "intrinsics": {
            "cx": 200.0,
            "cy": 200.0,
            "fx": 482.84283447265625,
            "fy": 482.84283447265625
        },
        "location_world": [
            0.0,
            0.0,
            0.0
        ],
        "quaternion_world_xyzw": [
            0.5,
            -0.5,
            -0.5,
            0.5
        ],
        "width": 400
    },
    "objects": [
        {
            "bounding_box_minx_maxx_miny_maxy": [
                0,
                71,
                198,
                291
            ],
            "class": "Cube",
            "local_cuboid": null,
            "local_to_world_matrix": [
                [
                    0.0011223426554352045,
                    -0.0021172435954213142,
                    0.004388350993394852,
                    0.0
                ],
                [
                    0.00027472927467897534,
                    -0.004468605853617191,
                    -0.002226227428764105,
                    0.0
                ],
                [
                    0.004864655435085297,
                    0.0007408396922983229,
                    -0.0008867281721904874,
                    0.0
                ],
                [
                    1.831008791923523,
                    0.7872598171234131,
                    -0.12054078280925751,
                    1.0
                ]
            ],
            "location": [
                -0.7872598171234131,
                -0.12054078280925751,
                -1.831008791923523
            ],
            "location_world": [
                1.831008791923523,
                0.7872598171234131,
                -0.12054078280925751
            ],
            "name": "hope_Cube_0",
            "projected_cuboid": [
                [
                    16.473424434661865,
                    208.0446481704712
                ],
                [
                    71.8292236328125,
                    234.93735790252686
                ],
                [
                    64.24014568328857,
                    227.56545543670654
                ],
                [
                    1.0748863220214844,
                    196.8496322631836
                ],
                [
                    -15.437006950378418,
                    263.3275508880615
                ],
                [
                    41.7475700378418,
                    290.60707092285156
                ],
                [
                    29.59071397781372,
                    290.97938537597656
                ],
                [
                    -35.965871810913086,
                    259.7564697265625
                ],
                [
                    22.522449493408203,
                    246.28992080688477
                ]
            ],
            "provenance": "nvisii",
            "quaternion_xyzw": [
                0.8428560495376587,
                0.5254133939743042,
                -0.11052793264389038,
                0.036305010318756104
            ],
            "quaternion_xyzw_world": [
                0.7575511932373047,
                -0.1216098964214325,
                0.6107182502746582,
                -0.1958327740430832
            ],
            "segmentation_id": 1,
            "visibility": 1
        },
        {
            "bounding_box_minx_maxx_miny_maxy": [
                370,
                399,
                295,
                400
            ],
            "class": "Cube",
            "local_cuboid": null,
            "local_to_world_matrix": [
                [
                    0.0028130284044891596,
                    0.0037550602573901415,
                    -0.0017281182808801532,
                    0.0
                ],
                [
                    -0.00382072851061821,
                    0.001564187929034233,
                    -0.0028205227572470903,
                    0.0
                ],
                [
                    -0.0015776260988786817,
                    0.0029073762707412243,
                    0.003749434370547533,
                    0.0
                ],
                [
                    0.6916629672050476,
                    -0.42822813987731934,
                    -0.19991779327392578,
                    1.0
                ]
            ],
            "location": [
                0.42822813987731934,
                -0.19991779327392578,
                -0.6916629672050476
            ],
            "location_world": [
                0.6916629672050476,
                -0.42822813987731934,
                -0.19991779327392578
            ],
            "name": "hope_Cube_1",
            "projected_cuboid": [
                [
                    374.8591899871826,
                    299.826455116272
                ],
                [
                    366.65923595428467,
                    463.8190269470215
                ],
                [
                    460.1137161254883,
                    578.0224323272705
                ],
                [
                    445.2299118041992,
                    402.94837951660156
                ],
                [
                    572.9174613952637,
                    252.2583246231079
                ],
                [
                    658.5693359375,
                    452.0144462585449
                ],
                [
                    730.9873580932617,
                    602.3952960968018
                ],
                [
                    634.6235752105713,
                    383.0090045928955
                ],
                [
                    515.1675224304199,
                    419.0333366394043
                ]
            ],
            "provenance": "nvisii",
            "quaternion_xyzw": [
                -0.35269224643707275,
                0.466739296913147,
                0.8109626770019531,
                -0.0101071298122406
            ],
            "quaternion_xyzw_world": [
                -0.35351136326789856,
                0.009287991560995579,
                0.46755844354629517,
                0.8101435303688049
            ],
            "segmentation_id": 2,
            "visibility": 1
        },
        {
            "bounding_box_minx_maxx_miny_maxy": [
                142,
                245,
                359,
                400
            ],
            "class": "Cube",
            "local_cuboid": null,