{
    "camera_data": {
        "camera_look_at": {
            "at": [
                1.0,
                0.0,
                0.0
            ],
            "eye": [
                0.0,
                0.0,
                0.0
            ],
            "up": [
                0.0,
                0.0,
                1.0
            ]
        },
        "camera_view_matrix": [
            [
                0.0,
                0.0,
                -1.0,
                0.0
            ],
            [
                -1.0,
                0.0,
                0.0,
                0.0
            ],
            [
                0.0,
                1.0,
                0.0,
                0.0
            ],
            [
                0.0,
                0.0,
                0.0,
                1.0
            ]
        ],
        "height": 400,
        "intrinsics": {
            "cx": 200.0,
            "cy": 200.0,
            "fx": 482.84283447265625,
            "fy": 482.84283447265625
        },
        "location_world": [
            0.0,
            0.0,
            0.0
        ],
        "quaternion_world_xyzw": [
            0.5,
            -0.5,
            -0.5,
            0.5
        ],
        "width": 400
    },
    "objects": [
        {
            "bounding_box_minx_maxx_miny_maxy": [
                0,
                87,
                228,
                340
            ],
            "class": "Cube",
            "local_cuboid": null,
            "local_to_world_matrix": [
                [
                    -0.004494503140449524,
                    0.0016713730292394757,
                    0.001416316838003695,
                    0.0
                ],
                [
                    -0.001221750513650477,
                    -0.004595388658344746,
                    0.0015458741690963507,
                    0.0
                ],
                [
                    0.0018184517975896597,
                    0.0010435101576149464,
                    0.004539197776466608,
                    0.0
                ],
                [
                    1.4876004457473755,
                    0.6431798934936523,
                    -0.3021865487098694,
                    1.0
                ]
            ],
            "location": [
                -0.6431798934936523,
                -0.3021865487098694,
                -1.4876004457473755
            ],
            "location_world": [
                1.4876004457473755,
                0.6431798934936523,
                -0.3021865487098694
            ],
            "name": "hope_Cube_0",
            "projected_cuboid": [
                [
                    -41.660118103027344,
                    252.1005153656006
                ],
                [
                    29.080700874328613,
                    226.9918441772461
                ],
                [
                    36.68868541717529,
                    315.3036117553711
                ],
                [
                    -39.23850059509277,
                    338.07215690612793
                ],
                [
                    15.86763858795166,
                    265.7654285430908
                ],
                [
                    78.79260778427124,
                    244.745135307312
                ],
                [
                    88.28232288360596,
                    320.84879875183105
                ],
                [
                    21.303951740264893,
                    340.10796546936035
                ],
                [
                    24.932289123535156,
                    287.3323917388916
                ]
            ],
            "provenance": "nvisii",
            "quaternion_xyzw": [
                0.4243350327014923,
                0.7083678245544434,
                0.4066354036331177,
                -0.39089953899383545
            ],
            "quaternion_xyzw_world": [
                0.16758395731449127,
                0.1341484636068344,
                0.9651188850402832,
                0.14988431334495544
            ],
            "segmentation_id": 1,
            "visibility": 1
        },
        {
            "bounding_box_minx_maxx_miny_maxy": [
                37,
                200,
                278,
                400
            ],
            "class": "Cube",
            "local_cuboid": null,
            "local_to_world_matrix": [
                [
                    -0.0003500687889754772,
                    0.003479625564068556,
                    0.003573465859517455,
                    0.0
                ],
                [
                    0.0023521934635937214,
                    0.003274060320109129,
                    -0.0029576532542705536,
                    0.0
                ],
                [
                    -0.004398254211992025,
                    0.00147402030415833,
                    -0.0018661796348169446,
                    0.0
                ],
                [
                    1.2086011171340942,
                    0.1210840567946434,
                    -0.34479641914367676,
                    1.0
                ]
            ],
            "location": [
                -0.1210840567946434,
                -0.34479641914367676,
                -1.2086011171340942
            ],
            "location_world": [
                1.2086011171340942,
                0.1210840567946434,
                -0.34479641914367676
            ],
            "name": "hope_Cube_1",
            "projected_cuboid": [
                [
                    91.49363040924072,
                    333.84220600128174
                ],
                [
                    36.6023063659668,
                    379.9397945404053
                ],
                [
                    86.70631647109985,
                    320.6545829772949
                ],
                [
                    136.8804693222046,
                    276.9733190536499
                ],
                [
                    169.06731128692627,
                    409.6311092376709
                ],
                [
                    107.51266479492188,
                    447.79372215270996
                ],
                [
                    146.21737003326416,
                    378.89952659606934
                ],
                [
                    201.00297927856445,
                    340.9552574157715
                ],
                [
                    122.68779277801514,
                    359.5262050628662
                ]
            ],
            "provenance": "nvisii",
            "quaternion_xyzw": [
                -0.06315621733665466,
                -0.23703567683696747,
                0.8898183107376099,
                0.3847710192203522
            ],
            "quaternion_xyzw_world": [
                -0.4026196002960205,
                -0.724234402179718,
                0.10242769867181778,
                0.5503549575805664
            ],
            "segmentation_id": 2,
            "visibility": 1
        },
        {
            "bounding_box_minx_maxx_miny_maxy": [
                0,
                58,
                352,
                400
            ],
            "class": "Cube",
            "local_cuboid": null,