{
    "camera_data": {
        "camera_look_at": {
            "at": [
                1.0,
                0.0,
                0.0
            ],
            "eye": [
                0.0,
                0.0,
                0.0
            ],
            "up": [
                0.0,
                0.0,
                1.0
            ]
        },
        "camera_view_matrix": [
            [
                0.0,
                0.0,
                -1.0,
                0.0
            ],
            [
                -1.0,
                0.0,
                0.0,
                0.0
            ],
            [
                0.0,
                1.0,
                0.0,
                0.0
            ],
            [
                0.0,
                0.0,
                0.0,
                1.0
            ]
        ],
        "height": 400,
        "intrinsics": {
            "cx": 200.0,
            "cy": 200.0,
            "fx": 482.84283447265625,
            "fy": 482.84283447265625
        },
        "location_world": [
            0.0,
            0.0,
            0.0
        ],
        "quaternion_world_xyzw": [
            0.5,
            -0.5,
            -0.5,
            0.5
        ],
        "width": 400
    },
    "objects": [
        {
            "bounding_box_minx_maxx_miny_maxy": [
                0,
                81,
                239,
                329
            ],
            "class": "Cube",
            "local_cuboid": null,
            "local_to_world_matrix": [
                [
                    -0.0048383986577391624,
                    0.0006509168888442218,
                    0.0010799121810123324,
                    0.0
                ],
                [
                    -0.000615985132753849,
                    -0.004956679418683052,
                    0.00022780073049943894,
                    0.0
                ],
                [
                    0.0011002116370946169,
                    8.739614713704214e-05,
                    0.004876668564975262,
                    0.0
                ],
                [
                    1.502001166343689,
                    0.6587233543395996,
                    -0.26850566267967224,
                    1.0
                ]
            ],
            "location": [
                -0.6587233543395996,
                -0.26850566267967224,
                -1.502001166343689
            ],
            "location_world": [
                1.502001166343689,
                0.6587233543395996,
                -0.26850566267967224
            ],
            "name": "hope_Cube_0",
            "projected_cuboid": [
                [
                    -32.134366035461426,
                    240.99526405334473
                ],
                [
                    49.53174591064453,
                    237.9199743270874
                ],
                [
                    44.86914873123169,
                    328.5043239593506
                ],
                [
                    -40.00997543334961,
                    329.6433448791504
                ],
                [
                    11.412417888641357,
                    250.7826805114746
                ],
                [
                    81.70862197875977,
                    248.35286140441895
                ],
                [
                    78.89821529388428,
                    325.29826164245605
                ],
                [
                    6.232452392578125,
                    326.32648944854736
                ],
                [
                    26.29680633544922,
                    285.3599548339844
                ]
            ],
            "provenance": "nvisii",
            "quaternion_xyzw": [
                0.5109546780586243,
                0.5907168984413147,
                0.4649142026901245,
                -0.4169335961341858
            ],
            "quaternion_xyzw_world": [
                0.10991190373897552,
                0.015890788286924362,
                0.991759717464447,
                0.06387142091989517
            ],
            "segmentation_id": 1,
            "visibility": 1
        },
        {
            "bounding_box_minx_maxx_miny_maxy": [
                0,
                8,
                145,
                245
            ],
            "class": "Cube",
            "local_cuboid": null,
            "local_to_world_matrix": [
                [
                    0.0029307794757187366,
                    0.0013885926455259323,
                    0.003805567044764757,
                    0.0
                ],
                [
                    0.0013127815909683704,
                    -0.004769160412251949,
                    0.0007291814545169473,
                    0.0
                ],
                [
                    0.003832379588857293,
                    0.0005717616877518594,
                    -0.0031600557267665863,
                    0.0
                ],
                [
                    0.9316977262496948,
                    0.6614736914634705,
                    0.046283040195703506,
                    1.0
                ]
            ],
            "location": [
                -0.6614736914634705,
                0.046283040195703506,
                -0.9316977262496948
            ],
            "location_world": [
                0.9316977262496948,
                0.6614736914634705,
                0.046283040195703506
            ],
            "name": "hope_Cube_1",
            "projected_cuboid": [
                [
                    -111.6447925567627,
                    172.6198673248291
                ],
                [
                    4.603457450866699,
                    159.0682864189148
                ],
                [
                    -19.64585781097412,
                    72.75917530059814
                ],
                [
                    -162.1460199356079,
                    82.93561935424805
                ],
                [
                    -124.37171936035156,
                    264.69573974609375
                ],
                [
                    9.39856767654419,
                    243.27099323272705
                ],
                [
                    -18.031692504882812,
                    161.17217540740967
                ],
                [
                    -187.7746343612671,
                    180.9138536453247
                ],
                [
                    -71.45075798034668,
                    167.70464181900024
                ]
            ],
            "provenance": "nvisii",
            "quaternion_xyzw": [
                0.5794223546981812,
                0.7399376034736633,
                -0.30224424600601196,
                0.15940652787685394
            ],
            "quaternion_xyzw_world": [
                0.8905053734779358,
                0.1516764760017395,
                0.4288546144962311,
                0.008838786743581295
            ],
            "segmentation_id": 2,
            "visibility": 1
        },
        {
            "bounding_box_minx_maxx_miny_maxy": [
                0,
                48,
                329,
                400
            ],
            "class": "Cube",
            "local_cuboid": null,