{
    "camera_data": {
        "camera_look_at": {
            "at": [
                1.0,
                0.0,
                0.0
            ],
            "eye": [
                0.0,
                0.0,
                0.0
            ],
            "up": [
                0.0,
                0.0,
                1.0
            ]
        },
        "camera_view_matrix": [
            [
                0.0,
                0.0,
                -1.0,
                0.0
            ],
            [
                -1.0,
                0.0,
                0.0,
                0.0
            ],
            [
                0.0,
                1.0,
                0.0,
                0.0
            ],
            [
                0.0,
                0.0,
                0.0,
                1.0
            ]
        ],
        "height": 400,
        "intrinsics": {
            "cx": 200.0,
            "cy": 200.0,
            "fx": 482.84283447265625,
            "fy": 482.84283447265625
        },
        "location_world": [
            0.0,
            0.0,
            0.0
        ],
        "quaternion_world_xyzw": [
            0.5,
            -0.5,
            -0.5,
            0.5
        ],
        "width": 400
    },
    "objects": [
        {
            "bounding_box_minx_maxx_miny_maxy": [
                102,
                220,
                226,
                333
            ],
            "class": "Cube",
            "local_cuboid": null,
            "local_to_world_matrix": [
                [
                    0.003280685283243656,
                    -0.0018305521225556731,
                    0.0032994216307997704,
                    0.0
                ],
                [
                    0.0027475112583488226,
                    -0.001837752410210669,
                    -0.0037515126168727875,
                    0.0
                ],
                [
                    0.0025861721951514482,
                    0.004274545703083277,
                    -0.00019992470333818346,
                    0.0
                ],
                [
                    1.5933960676193237,
                    0.16625729203224182,
                    -0.17207951843738556,
                    1.0
                ]
            ],
            "location": [
                -0.16625729203224182,
                -0.17207951843738556,
                -1.5933960676193237
            ],
            "location_world": [
                1.5933960676193237,
                0.16625729203224182,
                -0.17207951843738556
            ],
            "name": "hope_Cube_0",
            "projected_cuboid": [
                [
                    136.91179752349854,
                    226.24788284301758
                ],
                [
                    165.15982151031494,
                    272.5681781768799
                ],
                [
                    221.61519527435303,
                    275.17499923706055
                ],
                [
                    195.91431617736816,
                    225.35851001739502
                ],
                [
                    102.30464935302734,
                    279.5212745666504
                ],
                [
                    136.03169918060303,
                    326.0047912597656
                ],
                [
                    195.95530033111572,
                    333.2435607910156
                ],
                [
                    164.9038314819336,
                    283.29265117645264
                ],
                [
                    165.04842042922974,
                    277.23565101623535
                ]
            ],
            "provenance": "nvisii",
            "quaternion_xyzw": [
                -0.8114258050918579,
                -0.3165522813796997,
                0.46555280685424805,
                0.15698209404945374
            ],
            "quaternion_xyzw_world": [
                -0.7182744145393372,
                -0.06383068859577179,
                -0.40970370173454285,
                0.5587041974067688
            ],
            "segmentation_id": 1,
            "visibility": 1
        },
        {
            "bounding_box_minx_maxx_miny_maxy": [
                128,
                294,
                1,
                123
            ],
            "class": "Cube",
            "local_cuboid": null,
            "local_to_world_matrix": [
                [
                    -0.00018898725102189928,
                    0.004356564488261938,
                    0.00244635040871799,
                    0.0
                ],
                [
                    -0.004709649831056595,
                    -0.0009727811557240784,
                    0.0013685369631275535,
                    0.0
                ],
                [
                    0.0016683766152709723,
                    -0.0022525638341903687,
                    0.004140347242355347,
                    0.0
                ],
                [
                    1.117369294166565,
                    -0.004680543672293425,
                    0.3366815447807312,
                    1.0
                ]
            ],
            "location": [
                0.004680543672293425,
                0.3366815447807312,
                -1.117369294166565
            ],
            "location_world": [
                1.117369294166565,
                -0.004680543672293425,
                0.3366815447807312
            ],
            "name": "hope_Cube_1",
            "projected_cuboid": [
                [
                    179.95628118515015,
                    -9.704113006591797
                ],
                [
                    200.378155708313,
                    -99.40223693847656
                ],
                [
                    135.32339334487915,
                    -9.653162956237793
                ],
                [
                    127.6153564453125,
                    67.29738712310791
                ],
                [
                    270.4923391342163,
                    42.746078968048096
                ],
                [
                    313.6721611022949,
                    -32.73420333862305
                ],
                [
                    260.5307102203369,
                    62.59331703186035
                ],
                [
                    225.59967041015625,
                    123.1238842010498
                ],
                [
                    214.00771141052246,
                    20.849382877349854
                ]
            ],
            "provenance": "nvisii",
            "quaternion_xyzw": [
                0.21717219054698944,
                0.7871937155723572,
                0.5621232390403748,
                0.13107174634933472
            ],
            "quaternion_xyzw_world": [
                0.2866571843624115,
                -0.061586733907461166,
                0.7177087068557739,
                0.631608247756958
            ],
            "segmentation_id": 2,
            "visibility": 1
        },
        {
            "bounding_box_minx_maxx_miny_maxy": [
                0,
                50,
                305,
                400
            ],
            "class": "Cube",
            "local_cuboid": null,