{
    "camera_data": {
        "camera_look_at": {
            "at": [
                1.0,
                0.0,
                0.0
            ],
            "eye": [
                0.0,
                0.0,
                0.0
            ],
            "up": [
                0.0,
                0.0,
                1.0
            ]
        },
        "camera_view_matrix": [
            [
                0.0,
                0.0,
                -1.0,
                0.0
            ],
            [
                -1.0,
                0.0,
                0.0,
                0.0
            ],
            [
                0.0,
                1.0,
                0.0,
                0.0
            ],
            [
                0.0,
                0.0,
                0.0,
                1.0
            ]
        ],
        "height": 400,
        "intrinsics": {
            "cx": 200.0,
            "cy": 200.0,
            "fx": 482.84283447265625,
            "fy": 482.84283447265625
        },
        "location_world": [
            0.0,
            0.0,
            0.0
        ],
        "quaternion_world_xyzw": [
            0.5,
            -0.5,
            -0.5,
            0.5
        ],
        "width": 400
    },
    "objects": [
        {
            "bounding_box_minx_maxx_miny_maxy": [
                319,
                399,
                182,
                293
            ],
            "class": "Cube",
            "local_cuboid": null,
            "local_to_world_matrix": [
                [
                    0.003658642992377281,
                    -0.00335243484005332,
                    0.0006127911037765443,
                    0.0
                ],
                [
                    -0.002768873702734709,
                    -0.00344823463819921,
                    -0.002333028009161353,
                    0.0
                ],
                [
                    0.001986874034628272,
                    0.0013677951646968722,
                    -0.004379665944725275,
                    0.0
                ],
                [
                    1.718754768371582,
                    -0.531213104724884,
                    -0.05435312166810036,
                    1.0
                ]
            ],
            "location": [
                0.531213104724884,
                -0.05435312166810036,
                -1.718754768371582
            ],
            "location_world": [
                1.718754768371582,
                -0.531213104724884,
                -0.05435312166810036
            ],
            "name": "hope_Cube_0",
            "projected_cuboid": [
                [
                    350.7878541946411,
                    238.5582447052002
                ],
                [
                    411.27376556396484,
                    274.3783235549927
                ],
                [
                    444.57006454467773,
                    213.7500286102295
                ],
                [
                    378.05278301239014,
                    180.67634105682373
                ],
                [
                    318.9736843109131,
                    251.58634185791016
                ],
                [
                    383.78868103027344,
                    292.83783435821533
                ],
                [
                    419.42005157470703,
                    225.77736377716064
                ],
                [
                    347.3968267440796,
                    187.813138961792
                ],
                [
                    380.7276725769043,
                    232.98275470733643
                ]
            ],
            "provenance": "nvisii",
            "quaternion_xyzw": [
                0.7960005402565002,
                0.25508934259414673,
                -0.31573083996772766,
                0.44902855157852173
            ],
            "quaternion_xyzw_world": [
                0.9079246520996094,
                -0.3371044397354126,
                0.1431652456521988,
                -0.20380672812461853
            ],
            "segmentation_id": 1,
            "visibility": 1
        },
        {
            "bounding_box_minx_maxx_miny_maxy": [
                313,
                399,
                1,
                64
            ],
            "class": "Cube",
            "local_cuboid": null,
            "local_to_world_matrix": [
                [
                    0.0037385174073278904,
                    -0.002499324968084693,
                    -0.0021856038365513086,
                    0.0
                ],
                [
                    0.001357908477075398,
                    -0.0018525456544011831,
                    0.0044411891140043736,
                    0.0
                ],
                [
                    -0.0030297809280455112,
                    -0.003914262633770704,
                    -0.0007063841912895441,
                    0.0
                ],
                [
                    1.4081270694732666,
                    -0.48563241958618164,
                    0.47959110140800476,
                    1.0
                ]
            ],
            "location": [
                0.48563241958618164,
                0.47959110140800476,
                -1.4081270694732666
            ],
            "location_world": [
                1.4081270694732666,
                -0.48563241958618164,
                0.47959110140800476
            ],
            "name": "hope_Cube_1",
            "projected_cuboid": [
                [
                    418.7495231628418,
                    62.07641363143921
                ],
                [
                    438.74783515930176,
                    -3.4338951110839844
                ],
                [
                    359.32650566101074,
                    4.93236780166626
                ],
                [
                    337.83018589019775,
                    64.51106071472168
                ],
                [
                    403.0510902404785,
                    -1.3228654861450195
                ],
                [
                    426.72557830810547,
                    -72.90983200073242
                ],
                [
                    338.3728504180908,
                    -56.254005432128906
                ],
                [
                    312.9633903503418,
                    8.34667682647705
                ],
                [
                    378.10888290405273,
                    2.24531888961792
                ]
            ],
            "provenance": "nvisii",
            "quaternion_xyzw": [
                -0.037653081119060516,
                0.4422716498374939,
                -0.23337388038635254,
                0.8651674389839172
            ],
            "quaternion_xyzw_world": [
                0.7515799403190613,
                -0.07593445479869843,
                -0.3469614088535309,
                0.5558591485023499
            ],
            "segmentation_id": 2,
            "visibility": 1
        },
        {
            "bounding_box_minx_maxx_miny_maxy": [
                0,
                122,
                240,
                400
            ],
            "class": "Cube",
            "local_cuboid": null,