{
    "camera_data": {
        "camera_look_at": {
            "at": [
                1.0,
                0.0,
                0.0
            ],
            "eye": [
                0.0,
                0.0,
                0.0
            ],
            "up": [
                0.0,
                0.0,
                1.0
            ]
        },
        "camera_view_matrix": [
            [
                0.0,
                0.0,
                -1.0,
                0.0
            ],
            [
                -1.0,
                0.0,
                0.0,
                0.0
            ],
            [
                0.0,
                1.0,
                0.0,
                0.0
            ],
            [
                0.0,
                0.0,
                0.0,
                1.0
            ]
        ],
        "height": 400,
        "intrinsics": {
            "cx": 200.0,
            "cy": 200.0,
            "fx": 482.84283447265625,
            "fy": 482.84283447265625
        },
        "location_world": [
            0.0,
            0.0,
            0.0
        ],
        "quaternion_world_xyzw": [
            0.5,
            -0.5,
            -0.5,
            0.5
        ],
        "width": 400
    },
    "objects": [
        {
            "bounding_box_minx_maxx_miny_maxy": [
                105,
                226,
                307,
                400
            ],
            "class": "Cube",
            "local_cuboid": null,
            "local_to_world_matrix": [
                [
                    0.004936252720654011,
                    -0.00048441844410263,
                    0.0006314647616818547,
                    0.0
                ],
                [
                    -0.0007723388844169676,
                    -0.003873234847560525,
                    0.0030661937780678272,
                    0.0
                ],
                [
                    0.00019209814490750432,
                    -0.00312464265152812,
                    -0.0038986802101135254,
                    0.0
                ],
                [
                    1.5581108331680298,
                    0.19210085272789001,
                    -0.6241858601570129,
                    1.0
                ]
            ],
            "location": [
                -0.19210085272789001,
                -0.6241858601570129,
                -1.5581108331680298
            ],
            "location_world": [
                1.5581108331680298,
                0.19210085272789001,
                -0.6241858601570129
            ],
            "name": "hope_Cube_0",
            "projected_cuboid": [
                [
                    170.8303928375244,
                    402.11024284362793
                ],
                [
                    226.89740657806396,
                    361.9211673736572
                ],
                [
                    181.00440502166748,
                    305.4121971130371
                ],
                [
                    125.67319869995117,
                    347.1329689025879
                ],
                [
                    157.7048420906067,
                    447.3536968231201
                ],
                [
                    223.28805923461914,
                    401.3312339782715
                ],
                [
                    169.2287802696228,
                    335.0696563720703
                ],
                [
                    104.66499328613281,
                    383.19077491760254
                ],
                [
                    170.10635137557983,
                    371.8033790588379
                ]
            ],
            "provenance": "nvisii",
            "quaternion_xyzw": [
                0.3612701892852783,
                0.6234530210494995,
                -0.25072789192199707,
                0.6464717388153076
            ],
            "quaternion_xyzw_world": [
                0.9409614205360413,
                -0.06678049266338348,
                0.043761782348155975,
                0.32896333932876587
            ],
            "segmentation_id": 1,
            "visibility": 1
        },
        {
            "bounding_box_minx_maxx_miny_maxy": [
                328,
                399,
                292,
                400
            ],
            "class": "Cube",
            "local_cuboid": null,
            "local_to_world_matrix": [
                [
                    0.0001105916453525424,
                    -0.004600335378199816,
                    0.0019556803163141012,
                    0.0
                ],
                [
                    0.004422673489898443,
                    0.0010017416207119823,
                    0.0021062935702502728,
                    0.0
                ],
                [
                    -0.0023297485895454884,
                    0.0016832794062793255,
                    0.004091312643140554,
                    0.0
                ],
                [
                    1.4870330095291138,
                    -0.6450249552726746,
                    -0.5681822299957275,
                    1.0
                ]
            ],
            "location": [
                0.6450249552726746,
                -0.5681822299957275,
                -1.4870330095291138
            ],
            "location_world": [
                1.4870330095291138,
                -0.6450249552726746,
                -0.5681822299957275
            ],
            "name": "hope_Cube_1",
            "projected_cuboid": [
                [
                    442.15478897094727,
                    340.65070152282715
                ],
                [
                    395.12062072753906,
                    291.06295108795166
                ],
                [
                    405.24330139160156,
                    340.8970832824707
                ],
                [
                    450.1842498779297,
                    393.8721179962158
                ],
                [
                    365.21153450012207,
                    374.3051052093506
                ],
                [
                    328.34925651550293,
                    320.0326919555664
                ],
                [
                    342.91388988494873,
                    368.10970306396484
                ],
                [
                    379.0804386138916,
                    425.1758575439453
                ],
                [
                    387.3770475387573,
                    355.80716133117676
                ]
            ],
            "provenance": "nvisii",
            "quaternion_xyzw": [
                -0.5081483125686646,
                -0.09386421740055084,
                0.17651058733463287,
                0.8377463221549988
            ],
            "quaternion_xyzw_world": [
                0.029611626639962196,
                -0.29998642206192017,
                -0.6316241025924683,
                0.7142704725265503
            ],
            "segmentation_id": 2,
            "visibility": 1
        },
        {
            "bounding_box_minx_maxx_miny_maxy": [
                283,
                381,
                190,
                305
            ],
            "class": "Cube",
            "local_cuboid": null,