{
    "camera_data": {
        "camera_look_at": {
            "at": [
                1.0,
                0.0,
                0.0
            ],
            "eye": [
                0.0,
                0.0,
                0.0
            ],
            "up": [
                0.0,
                0.0,
                1.0
            ]
        },
        "camera_view_matrix": [
            [
                0.0,
                0.0,
                -1.0,
                0.0
            ],
            [
                -1.0,
                0.0,
                0.0,
                0.0
            ],
            [
                0.0,
                1.0,
                0.0,
                0.0
            ],
            [
                0.0,
                0.0,
                0.0,
                1.0
            ]
        ],
        "height": 400,
        "intrinsics": {
            "cx": 200.0,
            "cy": 200.0,
            "fx": 482.84283447265625,
            "fy": 482.84283447265625
        },
        "location_world": [
            0.0,
            0.0,
            0.0
        ],
        "quaternion_world_xyzw": [
            0.5,
            -0.5,
            -0.5,
            0.5
        ],
        "width": 400
    },
    "objects": [
        {
            "bounding_box_minx_maxx_miny_maxy": [
                0,
                65,
                245,
                378
            ],
            "class": "Cube",
            "local_cuboid": null,
            "local_to_world_matrix": [
                [
                    0.0022398412693291903,
                    0.0004814675485249609,
                    0.004444243386387825,
                    0.0
                ],
                [
                    0.0030234812293201685,
                    0.0034982822835445404,
                    -0.0019027822418138385,
                    0.0
                ],
                [
                    -0.003292669076472521,
                    0.0035398034378886223,
                    0.0012759778182953596,
                    0.0
                ],
                [
                    1.0776318311691284,
                    0.4129667282104492,
                    -0.22399955987930298,
                    1.0
                ]
            ],
            "location": [
                -0.4129667282104492,
                -0.22399955987930298,
                -1.0776318311691284
            ],
            "location_world": [
                1.0776318311691284,
                0.4129667282104492,
                -0.22399955987930298
            ],
            "name": "hope_Cube_0",
            "projected_cuboid": [
                [
                    -35.8379602432251,
                    237.19866275787354
                ],
                [
                    -76.42345428466797,
                    270.7240343093872
                ],
                [
                    19.374406337738037,
                    284.73987579345703
                ],
                [
                    66.37499332427979,
                    257.4962377548218
                ],
                [
                    -51.581597328186035,
                    355.85858821868896
                ],
                [
                    -94.15264129638672,
                    376.377272605896
                ],
                [
                    12.518525123596191,
                    377.7853012084961
                ],
                [
                    63.34836483001709,
                    360.5194091796875
                ],
                [
                    -9.52310562133789,
                    313.70368003845215
                ]
            ],
            "provenance": "nvisii",
            "quaternion_xyzw": [
                -0.39551520347595215,
                -0.11958593130111694,
                0.730647623538971,
                0.5435264110565186
            ],
            "quaternion_xyzw_world": [
                -0.35111117362976074,
                -0.49912238121032715,
                -0.16398996114730835,
                0.7750516533851624
            ],
            "segmentation_id": 1,
            "visibility": 1
        },
        {
            "bounding_box_minx_maxx_miny_maxy": [
                338,
                399,
                309,
                399
            ],
            "class": "Cube",
            "local_cuboid": null,
            "local_to_world_matrix": [
                [
                    0.0002395135088590905,
                    -0.004899913910776377,
                    -0.0009661646909080446,
                    0.0
                ],
                [
                    -0.00498692411929369,
                    -0.00028705119621008635,
                    0.00021951775124762207,
                    0.0
                ],
                [
                    -0.0002705913793761283,
                    0.0009531225077807903,
                    -0.004900850355625153,
                    0.0
                ],
                [
                    1.958927869796753,
                    -0.6805957555770874,
                    -0.5854618549346924,
                    1.0
                ]
            ],
            "location": [
                0.6805957555770874,
                -0.5854618549346924,
                -1.958927869796753
            ],
            "location_world": [
                1.958927869796753,
                -0.6805957555770874,
                -0.5854618549346924
            ],
            "name": "hope_Cube_1",
            "projected_cuboid": [
                [
                    392.1520709991455,
                    380.5311679840088
                ],
                [
                    424.24612045288086,
                    403.7726402282715
                ],
                [
                    435.8445644378662,
                    333.4761619567871
                ],
                [
                    402.50396728515625,
                    319.28412914276123
                ],
                [
                    332.5514793395996,
                    369.6568250656128
                ],
                [
                    356.11376762390137,
                    391.46437644958496
                ],
                [
                    368.3324337005615,
                    320.7730770111084
                ],
                [
                    343.3781147003174,
                    308.1106185913086
                ],
                [
                    381.0467004776001,
                    352.6703119277954
                ]
            ],
            "provenance": "nvisii",
            "quaternion_xyzw": [
                0.6859229207038879,
                -0.0495036318898201,
                -0.0869365930557251,
                0.7207642793655396
            ],
            "quaternion_xyzw_world": [
                0.7220600843429565,
                -0.684627115726471,
                -0.0856408029794693,
                -0.050799429416656494
            ],
            "segmentation_id": 2,
            "visibility": 1
        },
        {
            "bounding_box_minx_maxx_miny_maxy": [
                316,
                399,
                199,
                294
            ],
            "class": "Cube",
            "local_cuboid": null,