{
    "camera_data": {
        "camera_look_at": {
            "at": [
                1.0,
                0.0,
                0.0
            ],
            "eye": [
                0.0,
                0.0,
                0.0
            ],
            "up": [
                0.0,
                0.0,
                1.0
            ]
        },
        "camera_view_matrix": [
            [
                0.0,
                0.0,
                -1.0,
                0.0
            ],
            [
                -1.0,
                0.0,
                0.0,
                0.0
            ],
            [
                0.0,
                1.0,
                0.0,
                0.0
            ],
            [
                0.0,
                0.0,
                0.0,
                1.0
            ]
        ],
        "height": 400,
        "intrinsics": {
            "cx": 200.0,
            "cy": 200.0,
            "fx": 482.84283447265625,
            "fy": 482.84283447265625
        },
        "location_world": [
            0.0,
            0.0,
            0.0
        ],
        "quaternion_world_xyzw": [
            0.5,
            -0.5,
            -0.5,
            0.5
        ],
        "width": 400
    },
    "objects": [
        {
            "bounding_box_minx_maxx_miny_maxy": [
                0,
                138,
                246,
                400
            ],
            "class": "Cube",
            "local_cuboid": null,
            "local_to_world_matrix": [
                [
                    0.004500291775912046,
                    -1.711964614514727e-05,
                    0.0021787795703858137,
                    0.0
                ],
                [
                    -0.002022435422986746,
                    0.0018273588502779603,
                    0.004191719461232424,
                    0.0
                ],
                [
                    -0.0008106346940621734,
                    -0.004654080606997013,
                    0.0016378050204366446,
                    0.0
                ],
                [
                    1.3289927244186401,
                    0.2969939112663269,
                    -0.42894014716148376,
                    1.0
                ]
            ],
            "location": [
                -0.2969939112663269,
                -0.42894014716148376,
                -1.3289927244186401
            ],
            "location_world": [
                1.3289927244186401,
                0.2969939112663269,
                -0.42894014716148376
            ],
            "name": "hope_Cube_0",
            "projected_cuboid": [
                [
                    138.7750506401062,
                    313.31028938293457
                ],
                [
                    100.66652297973633,
                    245.3319787979126
                ],
                [
                    21.047353744506836,
                    273.0414867401123
                ],
                [
                    63.607096672058105,
                    337.21795082092285
                ],
                [
                    126.91283226013184,
                    378.5966396331787
                ],
                [
                    79.87860441207886,
                    302.67910957336426
                ],
                [
                    -14.774441719055176,
                    333.8322401046753
                ],
                [
                    38.45757246017456,
                    404.7144889831543
                ],
                [
                    70.57615518569946,
                    322.4250793457031
                ]
            ],
            "provenance": "nvisii",
            "quaternion_xyzw": [
                0.027171023190021515,
                0.6466825008392334,
                0.2830013632774353,
                0.7077949643135071
            ],
            "quaternion_xyzw_world": [
                0.549323558807373,
                -0.18564242124557495,
                0.12452997267246246,
                0.8051539063453674
            ],
            "segmentation_id": 1,
            "visibility": 1
        },
        {
            "bounding_box_minx_maxx_miny_maxy": [
                349,
                399,
                339,
                400
            ],
            "class": "Cube",
            "local_cuboid": null,
            "local_to_world_matrix": [
                [
                    -0.0014425307745113969,
                    -0.004748377948999405,
                    0.0006099371239542961,
                    0.0
                ],
                [
                    -0.0005784353706985712,
                    -0.0004594856291078031,
                    -0.004945128224790096,
                    0.0
                ],
                [
                    0.004752318374812603,
                    -0.0014972604112699628,
                    -0.00041676280670799315,
                    0.0
                ],
                [
                    1.836432933807373,
                    -0.6959329843521118,
                    -0.5522347092628479,
                    1.0
                ]
            ],
            "location": [
                0.6959329843521118,
                -0.5522347092628479,
                -1.836432933807373
            ],
            "location_world": [
                1.836432933807373,
                -0.6959329843521118,
                -0.5522347092628479
            ],
            "name": "hope_Cube_1",
            "projected_cuboid": [
                [
                    414.371919631958,
                    337.72082328796387
                ],
                [
                    423.5203742980957,
                    402.98662185668945
                ],
                [
                    433.7858200073242,
                    426.0838508605957
                ],
                [
                    423.1679916381836,
                    351.19826793670654
                ],
                [
                    349.0388870239258,
                    340.12718200683594
                ],
                [
                    356.888222694397,
                    403.0296802520752
                ],
                [
                    357.5446128845215,
                    425.1669406890869
                ],
                [
                    348.62091541290283,
                    353.3763885498047
                ],
                [
                    387.4741792678833,
                    379.1111946105957
                ]
            ],
            "provenance": "nvisii",
            "quaternion_xyzw": [
                0.9860483407974243,
                0.054227665066719055,
                0.14906926453113556,
                0.05046391487121582
            ],
            "quaternion_xyzw_world": [
                0.47083529829978943,
                -0.5656769275665283,
                0.5694406628608704,
                -0.36614373326301575
            ],
            "segmentation_id": 2,
            "visibility": 1
        },
        {
            "bounding_box_minx_maxx_miny_maxy": [
                298,
                399,
                217,
                307
            ],
            "class": "Cube",
            "local_cuboid": null,