{
    "camera_data": {
        "camera_look_at": {
            "at": [
                1.0,
                0.0,
                0.0
            ],
            "eye": [
                0.0,
                0.0,
                0.0
            ],
            "up": [
                0.0,
                0.0,
                1.0
            ]
        },
        "camera_view_matrix": [
            [
                0.0,
                0.0,
                -1.0,
                0.0
            ],
            [
                -1.0,
                0.0,
                0.0,
                0.0
            ],
            [
                0.0,
                1.0,
                0.0,
                0.0
            ],
            [
                0.0,
                0.0,
                0.0,
                1.0
            ]
        ],
        "height": 400,
        "intrinsics": {
            "cx": 200.0,
            "cy": 200.0,
            "fx": 482.84283447265625,
            "fy": 482.84283447265625
        },
        "location_world": [
            0.0,
            0.0,
            0.0
        ],
        "quaternion_world_xyzw": [
            0.5,
            -0.5,
            -0.5,
            0.5
        ],
        "width": 400
    },
    "objects": [
        {
            "bounding_box_minx_maxx_miny_maxy": [
                0,
                69,
                110,
                190
            ],
            "class": "Cube",
            "local_cuboid": null,
            "local_to_world_matrix": [
                [
                    0.003059679176658392,
                    -0.003942582290619612,
                    -0.000307253299979493,
                    0.0
                ],
                [
                    0.003927789628505707,
                    0.0029846918769180775,
                    0.0008149107452481985,
                    0.0
                ],
                [
                    -0.0004591593169607222,
                    -0.0007400383474305272,
                    0.004923567175865173,
                    0.0
                ],
                [
                    1.6465502977371216,
                    0.5771059989929199,
                    0.16569998860359192,
                    1.0
                ]
            ],
            "location": [
                -0.5771059989929199,
                0.16569998860359192,
                -1.6465502977371216
            ],
            "location_world": [
                1.6465502977371216,
                0.5771059989929199,
                0.16569998860359192
            ],
            "name": "hope_Cube_0",
            "projected_cuboid": [
                [
                    70.21968364715576,
                    120.69770097732544
                ],
                [
                    45.81165313720703,
                    118.5490369796753
                ],
                [
                    38.39222192764282,
                    181.0767412185669
                ],
                [
                    61.63710355758667,
                    190.2765989303589
                ],
                [
                    -3.588986396789551,
                    108.15439224243164
                ],
                [
                    -21.865177154541016,
                    107.22208023071289
                ],
                [
                    -29.049134254455566,
                    175.2763271331787
                ],
                [
                    -11.930346488952637,
                    184.64583158493042
                ],
                [
                    19.64130401611328,
                    148.50600957870483
                ]
            ],
            "provenance": "nvisii",
            "quaternion_xyzw": [
                -0.6192137002944946,
                0.2658165693283081,
                0.18730537593364716,
                0.7147255539894104
            ],
            "quaternion_xyzw_world": [
                0.08701152354478836,
                -0.008500323630869389,
                -0.4404086768627167,
                0.8935306072235107
            ],
            "segmentation_id": 1,
            "visibility": 1
        },
        {
            "bounding_box_minx_maxx_miny_maxy": [
                48,
                239,
                141,
                320
            ],
            "class": "Cube",
            "local_cuboid": null,
            "local_to_world_matrix": [
                [
                    0.001540734083391726,
                    0.004662299528717995,
                    -0.0009429191122762859,
                    0.0
                ],
                [
                    -0.0011768327094614506,
                    0.0013339584693312645,
                    0.00467285979539156,
                    0.0
                ],
                [
                    0.004608817398548126,
                    -0.0012179954210296273,
                    0.0015084046171978116,
                    0.0
                ],
                [
                    1.000198245048523,
                    0.058447837829589844,
                    -0.16778968274593353,
                    1.0
                ]
            ],
            "location": [
                -0.058447837829589844,
                -0.16778968274593353,
                -1.000198245048523
            ],
            "location_world": [
                1.000198245048523,
                0.058447837829589844,
                -0.16778968274593353
            ],
            "name": "hope_Cube_1",
            "projected_cuboid": [
                [
                    139.51351642608643,
                    264.2929792404175
                ],
                [
                    106.8554162979126,
                    164.73112106323242
                ],
                [
                    48.023414611816406,
                    197.44791984558105
                ],
                [
                    92.57928133010864,
                    319.76895332336426
                ],
                [
                    239.70685005187988,
                    247.7536916732788
                ],
                [
                    210.3684663772583,
                    139.70203399658203
                ],
                [
                    176.06794834136963,
                    168.2958483695984
                ],
                [
                    215.777850151062,
                    303.77588272094727
                ],
                [
                    154.34231758117676,
                    225.3504514694214
                ]
            ],
            "provenance": "nvisii",
            "quaternion_xyzw": [
                -0.11697393655776978,
                0.97324138879776,
                0.13795332610607147,
                0.141728937625885
            ],
            "quaternion_xyzw_world": [
                0.4300215542316437,
                0.40526655316352844,
                0.42624592781066895,
                0.6849488019943237
            ],
            "segmentation_id": 2,
            "visibility": 1
        },
        {
            "bounding_box_minx_maxx_miny_maxy": [
                336,
                399,
                274,
                361
            ],
            "class": "Cube",
            "local_cuboid": null,