{
    "camera_data": {
        "camera_look_at": {
            "at": [
                1.0,
                0.0,
                0.0
            ],
            "eye": [
                0.0,
                0.0,
                0.0
            ],
            "up": [
                0.0,
                0.0,
                1.0
            ]
        },
        "camera_view_matrix": [
            [
                0.0,
                0.0,
                -1.0,
                0.0
            ],
            [
                -1.0,
                0.0,
                0.0,
                0.0
            ],
            [
                0.0,
                1.0,
                0.0,
                0.0
            ],
            [
                0.0,
                0.0,
                0.0,
                1.0
            ]
        ],
        "height": 400,
        "intrinsics": {
            "cx": 200.0,
            "cy": 200.0,
            "fx": 482.84283447265625,
            "fy": 482.84283447265625
        },
        "location_world": [
            0.0,
            0.0,
            0.0
        ],
        "quaternion_world_xyzw": [
            0.5,
            -0.5,
            -0.5,
            0.5
        ],
        "width": 400
    },
    "objects": [
        {
            "bounding_box_minx_maxx_miny_maxy": [
                126,
                235,
                344,
                400
            ],
            "class": "Cube",
            "local_cuboid": null,
            "local_to_world_matrix": [
                [
                    0.004569618497043848,
                    -0.0016985541442409158,
                    -0.0011106297606602311,
                    0.0
                ],
                [
                    -0.0011607608757913113,
                    -0.0044320677407085896,
                    0.0020023519173264503,
                    0.0
                ],
                [
                    -0.0016646977746859193,
                    -0.0015721619129180908,
                    -0.0044448948465287685,
                    0.0
                ],
                [
                    1.652597427368164,
                    0.16132253408432007,
                    -0.703271210193634,
                    1.0
                ]
            ],
            "location": [
                -0.16132253408432007,
                -0.703271210193634,
                -1.652597427368164
            ],
            "location_world": [
                1.652597427368164,
                0.16132253408432007,
                -0.703271210193634
            ],
            "name": "hope_Cube_0",
            "projected_cuboid": [
                [
                    177.73478031158447,
                    435.69769859313965
                ],
                [
                    241.139554977417,
                    414.90721702575684
                ],
                [
                    217.4997091293335,
                    343.3831214904785
                ],
                [
                    157.77184963226318,
                    365.5121326446533
                ],
                [
                    146.93855047225952,
                    453.7632942199707
                ],
                [
                    219.17035579681396,
                    430.3997993469238
                ],
                [
                    193.18307638168335,
                    347.29084968566895
                ],
                [
                    125.71114301681519,
                    372.4764108657837
                ],
                [
                    184.97536182403564,
                    394.26159858703613
                ]
            ],
            "provenance": "nvisii",
            "quaternion_xyzw": [
                0.38932663202285767,
                0.4265618324279785,
                -0.384954035282135,
                0.719916820526123
            ],
            "quaternion_xyzw_world": [
                0.9603796601295471,
                -0.1488637775182724,
                -0.14449116587638855,
                0.18609899282455444
            ],
            "segmentation_id": 1,
            "visibility": 1
        },
        {
            "bounding_box_minx_maxx_miny_maxy": [
                324,
                399,
                300,
                400
            ],
            "class": "Cube",
            "local_cuboid": null,
            "local_to_world_matrix": [
                [
                    0.0005815437179990113,
                    -0.003962474875152111,
                    0.002993426052853465,
                    0.0
                ],
                [
                    -0.0026555354706943035,
                    0.0022986584808677435,
                    0.003558693453669548,
                    0.0
                ],
                [
                    -0.004196419380605221,
                    -0.0020037370268255472,
                    -0.0018371439073234797,
                    0.0
                ],
                [
                    1.3523987531661987,
                    -0.5997169613838196,
                    -0.5724366307258606,
                    1.0
                ]
            ],
            "location": [
                0.5997169613838196,
                -0.5724366307258606,
                -1.3523987531661987
            ],
            "location_world": [
                1.3523987531661987,
                -0.5997169613838196,
                -0.5724366307258606
            ],
            "name": "hope_Cube_1",
            "projected_cuboid": [
                [
                    486.5133285522461,
                    407.95068740844727
                ],
                [
                    471.05865478515625,
                    356.3204288482666
                ],
                [
                    392.46068000793457,
                    298.7044334411621
                ],
                [
                    412.8026008605957,
                    348.1720447540283
                ],
                [
                    415.68193435668945,
                    471.46854400634766
                ],
                [
                    391.2703037261963,
                    426.1395454406738
                ],
                [
                    323.70738983154297,
                    356.0617685317993
                ],
                [
                    350.78654289245605,
                    401.24778747558594
                ],
                [
                    403.59225273132324,
                    381.5223693847656
                ]
            ],
            "provenance": "nvisii",
            "quaternion_xyzw": [
                0.24569915235042572,
                0.14138583838939667,
                0.2894175946712494,
                0.9142643809318542
            ],
            "quaternion_xyzw_world": [
                0.5059658885002136,
                -0.6539976596832275,
                -0.11888089030981064,
                0.5496843457221985
            ],
            "segmentation_id": 2,
            "visibility": 1
        },
        {
            "bounding_box_minx_maxx_miny_maxy": [
                265,
                376,
                167,
                286
            ],
            "class": "Cube",
            "local_cuboid": null,