{
    "camera_data": {
        "camera_look_at": {
            "at": [
                1.0,
                0.0,
                0.0
            ],
            "eye": [
                0.0,
                0.0,
                0.0
            ],
            "up": [
                0.0,
                0.0,
                1.0
            ]
        },
        "camera_view_matrix": [
            [
                0.0,
                0.0,
                -1.0,
                0.0
            ],
            [
                -1.0,
                0.0,
                0.0,
                0.0
            ],
            [
                0.0,
                1.0,
                0.0,
                0.0
            ],
            [
                0.0,
                0.0,
                0.0,
                1.0
            ]
        ],
        "height": 400,
        "intrinsics": {
            "cx": 200.0,
            "cy": 200.0,
            "fx": 482.84283447265625,
            "fy": 482.84283447265625
        },
        "location_world": [
            0.0,
            0.0,
            0.0
        ],
        "quaternion_world_xyzw": [
            0.5,
            -0.5,
            -0.5,
            0.5
        ],
        "width": 400
    },
    "objects": [
        {
            "bounding_box_minx_maxx_miny_maxy": [
                0,
                12,
                113,
                207
            ],
            "class": "Cube",
            "local_cuboid": null,
            "local_to_world_matrix": [
                [
                    -0.0006207060650922358,
                    0.004958620760589838,
                    0.00016370265802834183,
                    0.0
                ],
                [
                    0.003502673702314496,
                    0.0003211367002222687,
                    0.0035536102950572968,
                    0.0
                ],
                [
                    0.003513687290251255,
                    0.0005558289703913033,
                    -0.0035135531798005104,
                    0.0
                ],
                [
                    0.8140043616294861,
                    0.5179805159568787,
                    -0.013389131985604763,
                    1.0
                ]
            ],
            "location": [
                -0.5179805159568787,
                -0.013389131985604763,
                -0.8140043616294861
            ],
            "location_world": [
                0.8140043616294861,
                0.5179805159568787,
                -0.013389131985604763
            ],
            "name": "hope_Cube_0",
            "projected_cuboid": [
                [
                    -157.2810411453247,
                    252.91616916656494
                ],
                [
                    -105.63628673553467,
                    163.36123943328857
                ],
                [
                    -151.10652446746826,
                    60.33151149749756
                ],
                [
                    -226.72476768493652,
                    146.63498401641846
                ],
                [
                    -14.698553085327148,
                    255.43413162231445
                ],
                [
                    12.622332572937012,
                    168.01962852478027
                ],
                [
                    -8.647441864013672,
                    69.37018632888794
                ],
                [
                    -47.46239185333252,
                    154.1966438293457
                ],
                [
                    -81.70781135559082,
                    159.59160327911377
                ]
            ],
            "provenance": "nvisii",
            "quaternion_xyzw": [
                -0.008531540632247925,
                0.9226570129394531,
                -0.38021859526634216,
                -0.063757985830307
            ],
            "quaternion_xyzw_world": [
                0.615293025970459,
                0.6875825524330139,
                0.29883241653442383,
                0.24360598623752594
            ],
            "segmentation_id": 1,
            "visibility": 1
        },
        {
            "bounding_box_minx_maxx_miny_maxy": [
                316,
                365,
                340,
                400
            ],
            "class": "Cube",
            "local_cuboid": null,
            "local_to_world_matrix": [
                [
                    0.002620429964736104,
                    -0.00402343925088644,
                    0.001394734368659556,
                    0.0
                ],
                [
                    -0.004258283879607916,
                    -0.0024685091339051723,
                    0.000879479106515646,
                    0.0
                ],
                [
                    -1.9123330275760964e-05,
                    -0.001648757723160088,
                    -0.0047203004360198975,
                    0.0
                ],
                [
                    1.9330198764801025,
                    -0.5888016223907471,
                    -0.675350546836853,
                    1.0
                ]
            ],
            "location": [
                0.5888016223907471,
                -0.675350546836853,
                -1.9330198764801025
            ],
            "location_world": [
                1.9330198764801025,
                -0.5888016223907471,
                -0.675350546836853
            ],
            "name": "hope_Cube_1",
            "projected_cuboid": [
                [
                    376.5559673309326,
                    383.29410552978516
                ],
                [
                    430.9979438781738,
                    393.26164722442627
                ],
                [
                    408.5884094238281,
                    329.35519218444824
                ],
                [
                    356.5593719482422,
                    326.1991024017334
                ],
                [
                    336.919903755188,
                    414.19200897216797
                ],
                [
                    390.57226181030273,
                    428.9261817932129
                ],
                [
                    366.4121627807617,
                    359.9400520324707
                ],
                [
                    315.54102897644043,
                    353.07650566101074
                ],
                [
                    371.9601631164551,
                    372.71337509155273
                ]
            ],
            "provenance": "nvisii",
            "quaternion_xyzw": [
                0.6373710632324219,
                0.30306077003479004,
                -0.07622501254081726,
                0.704345166683197
            ],
            "quaternion_xyzw_world": [
                0.8605009913444519,
                -0.4812152087688446,
                0.07993082702159882,
                0.14690493047237396
            ],
            "segmentation_id": 2,
            "visibility": 1
        },
        {
            "bounding_box_minx_maxx_miny_maxy": [
                325,
                399,
                227,
                298
            ],
            "class": "Cube",
            "local_cuboid": null,