{
    "camera_data": {
        "camera_look_at": {
            "at": [
                1.0,
                0.0,
                0.0
            ],
            "eye": [
                0.0,
                0.0,
                0.0
            ],
            "up": [
                0.0,
                0.0,
                1.0
            ]
        },
        "camera_view_matrix": [
            [
                0.0,
                0.0,
                -1.0,
                0.0
            ],
            [
                -1.0,
                0.0,
                0.0,
                0.0
            ],
            [
                0.0,
                1.0,
                0.0,
                0.0
            ],
            [
                0.0,
                0.0,
                0.0,
                1.0
            ]
        ],
        "height": 400,
        "intrinsics": {
            "cx": 200.0,
            "cy": 200.0,
            "fx": 482.84283447265625,
            "fy": 482.84283447265625
        },
        "location_world": [
            0.0,
            0.0,
            0.0
        ],
        "quaternion_world_xyzw": [
            0.5,
            -0.5,
            -0.5,
            0.5
        ],
        "width": 400
    },
    "objects": [
        {
            "bounding_box_minx_maxx_miny_maxy": [
                0,
                75,
                246,
                400
            ],
            "class": "Cube",
            "local_cuboid": null,
            "local_to_world_matrix": [
                [
                    0.003947064746171236,
                    -5.4827665735501796e-05,
                    0.003068822668865323,
                    0.0
                ],
                [
                    -0.0008514731889590621,
                    0.00478342454880476,
                    0.0011806105030700564,
                    0.0
                ],
                [
                    -0.002948842477053404,
                    -0.0014545933809131384,
                    0.0037667606957256794,
                    0.0
                ],
                [
                    1.2071101665496826,
                    0.35390642285346985,
                    -0.3271523714065552,
                    1.0
                ]
            ],
            "location": [
                -0.35390642285346985,
                -0.3271523714065552,
                -1.2071101665496826
            ],
            "location_world": [
                1.2071101665496826,
                0.35390642285346985,
                -0.3271523714065552
            ],
            "name": "hope_Cube_0",
            "projected_cuboid": [
                [
                    76.09357833862305,
                    261.2389087677002
                ],
                [
                    -25.426435470581055,
                    239.4688844680786
                ],
                [
                    -26.83236598968506,
                    303.13563346862793
                ],
                [
                    63.88055086135864,
                    320.61402797698975
                ],
                [
                    51.18136405944824,
                    344.5216178894043
                ],
                [
                    -71.60172462463379,
                    321.9949007034302
                ],
                [
                    -67.27685928344727,
                    386.0100746154785
                ],
                [
                    40.03657102584839,
                    403.4217834472656
                ],
                [
                    7.203829288482666,
                    321.191668510437
                ]
            ],
            "provenance": "nvisii",
            "quaternion_xyzw": [
                -0.2151016891002655,
                0.3985561728477478,
                0.5793704986572266,
                0.6776533126831055
            ],
            "quaternion_xyzw_world": [
                0.1408686339855194,
                -0.32168298959732056,
                0.042585838586091995,
                0.9353408813476562
            ],
            "segmentation_id": 1,
            "visibility": 1
        },
        {
            "bounding_box_minx_maxx_miny_maxy": [
                338,
                399,
                300,
                394
            ],
            "class": "Cube",
            "local_cuboid": null,
            "local_to_world_matrix": [
                [
                    -0.001004473539069295,
                    -0.004760803654789925,
                    -0.0011514262296259403,
                    0.0
                ],
                [
                    -0.00489525031298399,
                    0.0009359281975775957,
                    0.0004007023526355624,
                    0.0
                ],
                [
                    -0.00016600247181486338,
                    0.0012078030267730355,
                    -0.004849087912589312,
                    0.0
                ],
                [
                    1.9079055786132812,
                    -0.6980940699577332,
                    -0.5450790524482727,
                    1.0
                ]
            ],
            "location": [
                0.6980940699577332,
                -0.5450790524482727,
                -1.9079055786132812
            ],
            "location_world": [
                1.9079055786132812,
                -0.6980940699577332,
                -0.5450790524482727
            ],
            "name": "hope_Cube_1",
            "projected_cuboid": [
                [
                    402.25133895874023,
                    378.65023612976074
                ],
                [
                    418.7202453613281,
                    399.4920253753662
                ],
                [
                    435.37096977233887,
                    327.1960258483887
                ],
                [
                    416.8147087097168,
                    315.82367420196533
                ],
                [
                    337.3978614807129,
                    359.5870018005371
                ],
                [
                    343.9500331878662,
                    377.036714553833
                ],
                [
                    360.4733467102051,
                    306.9962978363037
                ],
                [
                    351.8615245819092,
                    298.4710216522217
                ],
                [
                    382.45177268981934,
                    344.6917533874512
                ]
            ],
            "provenance": "nvisii",
            "quaternion_xyzw": [
                -0.6780154705047607,
                0.15393121540546417,
                0.014994442462921143,
                -0.7185927033424377
            ],
            "quaternion_xyzw_world": [
                -0.6288356781005859,
                0.7677724361419678,
                0.10475143790245056,
                0.06417421251535416
            ],
            "segmentation_id": 2,
            "visibility": 1
        },
        {
            "bounding_box_minx_maxx_miny_maxy": [
                311,
                399,
                195,
                310
            ],
            "class": "Cube",
            "local_cuboid": null,