{
    "camera_data": {
        "camera_look_at": {
            "at": [
                1.0,
                0.0,
                0.0
            ],
            "eye": [
                0.0,
                0.0,
                0.0
            ],
            "up": [
                0.0,
                0.0,
                1.0
            ]
        },
        "camera_view_matrix": [
            [
                0.0,
                0.0,
                -1.0,
                0.0
            ],
            [
                -1.0,
                0.0,
                0.0,
                0.0
            ],
            [
                0.0,
                1.0,
                0.0,
                0.0
            ],
            [
                0.0,
                0.0,
                0.0,
                1.0
            ]
        ],
        "height": 400,
        "intrinsics": {
            "cx": 200.0,
            "cy": 200.0,
            "fx": 482.84283447265625,
            "fy": 482.84283447265625
        },
        "location_world": [
            0.0,
            0.0,
            0.0
        ],
        "quaternion_world_xyzw": [
            0.5,
            -0.5,
            -0.5,
            0.5
        ],
        "width": 400
    },
    "objects": [
        {
            "bounding_box_minx_maxx_miny_maxy": [
                134,
                247,
                327,
                400
            ],
            "class": "Cube",
            "local_cuboid": null,
            "local_to_world_matrix": [
                [
                    0.004443524871021509,
                    -0.0018042041920125484,
                    -0.0014141891151666641,
                    0.0
                ],
                [
                    -0.0007701239082962275,
                    -0.004080132581293583,
                    0.0027855741791427135,
                    0.0
                ],
                [
                    -0.002159164985641837,
                    -0.002257733838632703,
                    -0.0039039270486682653,
                    0.0
                ],
                [
                    1.736861228942871,
                    0.1292961835861206,
                    -0.7017080783843994,
                    1.0
                ]
            ],
            "location": [
                -0.1292961835861206,
                -0.7017080783843994,
                -1.736861228942871
            ],
            "location_world": [
                1.736861228942871,
                0.1292961835861206,
                -0.7017080783843994
            ],
            "name": "hope_Cube_0",
            "projected_cuboid": [
                [
                    192.53177642822266,
                    424.6469974517822
                ],
                [
                    248.48027229309082,
                    391.2658452987671
                ],
                [
                    216.4207935333252,
                    329.6062707901001
                ],
                [
                    164.29712772369385,
                    362.34097480773926
                ],
                [
                    163.76423835754395,
                    434.6799850463867
                ],
                [
                    227.09734439849854,
                    396.7137813568115
                ],
                [
                    192.10447072982788,
                    326.3489246368408
                ],
                [
                    133.6439609527588,
                    363.4880065917969
                ],
                [
                    192.32763051986694,
                    377.6830196380615
                ]
            ],
            "provenance": "nvisii",
            "quaternion_xyzw": [
                0.3049151599407196,
                0.4371615946292877,
                -0.35842618346214294,
                0.7664510011672974
            ],
            "quaternion_xyzw_world": [
                0.933476984500885,
                -0.13788922131061554,
                -0.19140022993087769,
                0.27013564109802246
            ],
            "segmentation_id": 1,
            "visibility": 1
        },
        {
            "bounding_box_minx_maxx_miny_maxy": [
                333,
                399,
                307,
                400
            ],
            "class": "Cube",
            "local_cuboid": null,
            "local_to_world_matrix": [
                [
                    0.004257991909980774,
                    -0.0025389427319169044,
                    -0.0006505964556708932,
                    0.0
                ],
                [
                    0.00021196976013015956,
                    -0.0009034854010678828,
                    0.00491312425583601,
                    0.0
                ],
                [
                    -0.0026123886927962303,
                    -0.00421159015968442,
                    -0.0006617712788283825,
                    0.0
                ],
                [
                    1.2349541187286377,
                    -0.49353960156440735,
                    -0.5573551654815674,
                    1.0
                ]
            ],
            "location": [
                0.49353960156440735,
                -0.5573551654815674,
                -1.2349541187286377
            ],
            "location_world": [
                1.2349541187286377,
                -0.49353960156440735,
                -0.5573551654815674
            ],
            "name": "hope_Cube_1",
            "projected_cuboid": [
                [
                    450.59919357299805,
                    423.3036994934082
                ],
                [
                    465.487003326416,
                    329.27966117858887
                ],
                [
                    369.2805528640747,
                    306.09288215637207
                ],
                [
                    355.05030155181885,
                    391.2117004394531
                ],
                [
                    443.12829971313477,
                    453.24602127075195
                ],
                [
                    461.04164123535156,
                    340.2843952178955
                ],
                [
                    348.3112335205078,
                    311.80548667907715
                ],
                [
                    331.3570499420166,
                    412.1547222137451
                ],
                [
                    400.93321800231934,
                    369.16563510894775
                ]
            ],
            "provenance": "nvisii",
            "quaternion_xyzw": [
                0.025913633406162262,
                0.4879443049430847,
                -0.0895327627658844,
                0.8678841590881348
            ],
            "quaternion_xyzw_world": [
                0.7356374263763428,
                -0.15816032886505127,
                -0.2217794507741928,
                0.6201910376548767
            ],
            "segmentation_id": 2,
            "visibility": 1
        },
        {
            "bounding_box_minx_maxx_miny_maxy": [
                238,
                366,
                142,
                267
            ],
            "class": "Cube",
            "local_cuboid": null,