{"camera_data": {}, "objects": [{"class": "Cube", "location": [0.9277537168560819, 0.8138855068124886, 11.424855593357307], "quaternion_xyzw": [-0.4328254201814251, 0.2404110825619909, 0.8306237652044663, 0.25481135709324276], "projected_cuboid": [[288.04636246924935, 265.91556147002996], [306.9709440785488, 251.54214294353028], [279.64036561619355, 218.90198884945679], [258.9872310344491, 230.62847351396337], [318.2968456000738, 239.60304495427332], [335.84673339913104, 226.51788431258558], [306.8813904942129, 192.83637615918929], [287.3720503403203, 203.09051823506405], [297.6743304630801, 228.55941545020684]]}]}