{"camera_data": {}, "objects": [{"class": "Cube", "location": [-0.5334930148785398, 0.650044146021329, 3.4891903997487668], "quaternion_xyzw": [-0.5823458256554259, -0.16212590345370503, 0.3080282779859894, 0.7346476099001523], "projected_cuboid": [[215.2025969753367, 354.8821011837899], [122.95501836010826, 271.07070387907135], [41.08879501170429, 315.76014077948173], [158.70311889870968, 427.26997552960836], [293.51009131843756, 263.68284294973813], [192.4585307986509, 176.90011677963844], [125.70074650435717, 195.04917720581759], [258.17669575774966, 312.04956513561456], [177.5323373423874, 287.61033291911116]]}]}