{
    "camera_data": {
        "camera_look_at": {
            "at": [
                1.0,
                0.0,
                0.0
            ],
            "eye": [
                0.0,
                0.0,
                0.0
            ],
            "up": [
                0.0,
                0.0,
                1.0
            ]
        },
        "camera_view_matrix": [
            [
                0.0,
                0.0,
                -1.0,
                0.0
            ],
            [
                -1.0,
                0.0,
                0.0,
                0.0
            ],
            [
                0.0,
                1.0,
                0.0,
                0.0
            ],
            [
                0.0,
                0.0,
                0.0,
                1.0
            ]
        ],
        "height": 500,
        "intrinsics": {
            "cx": 250.0,
            "cy": 250.0,
            "fx": 603.5535278320312,
            "fy": 603.5535278320312
        },
        "location_world": [
            0.0,
            0.0,
            0.0
        ],
        "quaternion_world_xyzw": [
            0.5,
            -0.5,
            -0.5,
            0.5
        ],
        "width": 500
    },
    "objects": [
        {
            "bounding_box_minx_maxx_miny_maxy": [
                419,
                499,
                390,
                500
            ],
            "class": "Cube",
            "local_cuboid": null,
            "local_to_world_matrix": [
                [
                    0.005607700906693935,
                    -0.0012274489272385836,
                    -0.004005879629403353,
                    0.0
                ],
                [
                    0.00396063132211566,
                    -0.0006297407089732587,
                    0.005737320054322481,
                    0.0
                ],
                [
                    -0.001366418320685625,
                    -0.006862711627036333,
                    0.00019001061446033418,
                    0.0
                ],
                [
                    0.6215052604675293,
                    -0.3878909945487976,
                    -0.5470529198646545,
                    1.0
                ]
            ],
            "location": [
                0.3878909945487976,
                -0.5470529198646545,
                -0.6215052604675293
            ],
            "location_world": [
                0.6215052604675293,
                -0.3878909945487976,
                -0.5470529198646545
            ],
            "name": "hope_Cube_0",
            "projected_cuboid": [
                [
                    739.5749688148499,
                    782.9660773277283
                ],
                [
                    655.3595066070557,
                    481.8722605705261
                ],
                [
                    419.1208481788635,
                    471.702516078949
                ],
                [
                    437.32404708862305,
                    744.4182634353638
                ],
                [
                    963.7223482131958,
                    846.8092679977417
                ],
                [
                    774.1089463233948,
                    395.2696919441223
                ],
                [
                    433.66509675979614,
                    389.396071434021
                ],
                [
                    467.357337474823,
                    778.8321375846863
                ],
                [
                    588.1094932556152,
                    588.097333908081
                ]
            ],
            "provenance": "nvisii",
            "quaternion_xyzw": [
                -0.20033113658428192,
                0.6018855571746826,
                -0.22373853623867035,
                0.7399611473083496
            ],
            "quaternion_xyzw_world": [
                0.6826270222663879,
                0.14299705624580383,
                -0.28107261657714844,
                0.6592196226119995
            ],
            "segmentation_id": 1,
            "visibility": 1
        }
    ]
}