{
    "camera_data": {
        "camera_look_at": {
            "at": [
                1.0,
                0.0,
                0.0
            ],
            "eye": [
                0.0,
                0.0,
                0.0
            ],
            "up": [
                0.0,
                0.0,
                1.0
            ]
        },
        "camera_view_matrix": [
            [
                0.0,
                0.0,
                -1.0,
                0.0
            ],
            [
                -1.0,
                0.0,
                0.0,
                0.0
            ],
            [
                0.0,
                1.0,
                0.0,
                0.0
            ],
            [
                0.0,
                0.0,
                0.0,
                1.0
            ]
        ],
        "height": 500,
        "intrinsics": {
            "cx": 250.0,
            "cy": 250.0,
            "fx": 603.5535278320312,
            "fy": 603.5535278320312
        },
        "location_world": [
            0.0,
            0.0,
            0.0
        ],
        "quaternion_world_xyzw": [
            0.5,
            -0.5,
            -0.5,
            0.5
        ],
        "width": 500
    },
    "objects": [
        {
            "bounding_box_minx_maxx_miny_maxy": [
                296,
                499,
                249,
                500
            ],
            "class": "Cube",
            "local_cuboid": null,
            "local_to_world_matrix": [
                [
                    -0.009084871038794518,
                    -0.0002673847775440663,
                    -0.004170576110482216,
                    0.0
                ],
                [
                    -0.00403078505769372,
                    0.0031959915068000555,
                    0.008575455285608768,
                    0.0
                ],
                [
                    0.0011036185314878821,
                    0.009471756406128407,
                    -0.0030112958047538996,
                    0.0
                ],
                [
                    1.7423834800720215,
                    -0.5394517779350281,
                    -0.6012404561042786,
                    1.0
                ]
            ],
            "location": [
                0.5394517779350281,
                -0.6012404561042786,
                -1.7423834800720215
            ],
            "location_world": [
                1.7423834800720215,
                -0.5394517779350281,
                -0.6012404561042786
            ],
            "name": "hope_Cube_0",
            "projected_cuboid": [
                [
                    371.01268768310547,
                    555.4388761520386
                ],
                [
                    317.29012727737427,
                    408.39678049087524
                ],
                [
                    542.4215793609619,
                    344.5359766483307
                ],
                [
                    567.6376819610596,
                    505.6835412979126
                ],
                [
                    339.4477367401123,
                    422.94543981552124
                ],
                [
                    295.77305912971497,
                    298.2308864593506
                ],
                [
                    461.46219968795776,
                    247.54495918750763
                ],
                [
                    489.18211460113525,
                    381.0637593269348
                ],
                [
                    418.95824670791626,
                    392.23024249076843
                ]
            ],
            "provenance": "nvisii",
            "quaternion_xyzw": [
                -0.2643648087978363,
                0.6966291666030884,
                0.036586567759513855,
                -0.6659433841705322
            ],
            "quaternion_xyzw_world": [
                -0.13513275980949402,
                0.7951754331588745,
                0.5673971772193909,
                0.16581860184669495
            ],
            "segmentation_id": 1,
            "visibility": 1
        }
    ]
}