{
    "camera_data": {
        "camera_look_at": {
            "at": [
                1.0,
                0.0,
                0.0
            ],
            "eye": [
                0.0,
                0.0,
                0.0
            ],
            "up": [
                0.0,
                0.0,
                1.0
            ]
        },
        "camera_view_matrix": [
            [
                0.0,
                0.0,
                -1.0,
                0.0
            ],
            [
                -1.0,
                0.0,
                0.0,
                0.0
            ],
            [
                0.0,
                1.0,
                0.0,
                0.0
            ],
            [
                0.0,
                0.0,
                0.0,
                1.0
            ]
        ],
        "height": 500,
        "intrinsics": {
            "cx": 250.0,
            "cy": 250.0,
            "fx": 603.5535278320312,
            "fy": 603.5535278320312
        },
        "location_world": [
            0.0,
            0.0,
            0.0
        ],
        "quaternion_world_xyzw": [
            0.5,
            -0.5,
            -0.5,
            0.5
        ],
        "width": 500
    },
    "objects": [
        {
            "bounding_box_minx_maxx_miny_maxy": [
                -1,
                -1,
                -1,
                -1
            ],
            "class": "Cube",
            "local_cuboid": null,
            "local_to_world_matrix": [
                [
                    2.6020468794740736e-05,
                    0.0008247727528214455,
                    0.0005648654187098145,
                    0.0
                ],
                [
                    0.0003902275348082185,
                    0.00051184615585953,
                    -0.0007653339416719973,
                    0.0
                ],
                [
                    -0.0009203507797792554,
                    0.00024034033413045108,
                    -0.0003085305797867477,
                    0.0
                ],
                [
                    0.9203576445579529,
                    -0.5598502159118652,
                    0.44291937351226807,
                    1.0
                ]
            ],
            "location": [
                0.5598502159118652,
                0.44291937351226807,
                -0.9203576445579529
            ],
            "location_world": [
                0.9203576445579529,
                -0.5598502159118652,
                0.44291937351226807
            ],
            "name": "hope_Cube_0",
            "projected_cuboid": [
                [
                    608.3836555480957,
                    -51.99727416038513
                ],
                [
                    583.9273929595947,
                    -20.40266990661621
                ],
                [
                    575.5066871643066,
                    -17.151564359664917
                ],
                [
                    598.5966920852661,
                    -47.13881015777588
                ],
                [
                    636.6606950759888,
                    -33.425331115722656
                ],
                [
                    611.567497253418,
                    -2.181410789489746
                ],
                [
                    601.8134951591492,
                    0.20271539688110352
                ],
                [
                    625.4799365997314,
                    -29.46680784225464
                ],
                [
                    604.9851179122925,
                    -24.99610185623169
                ]
            ],
            "provenance": "nvisii",
            "quaternion_xyzw": [
                -0.07108184695243835,
                -0.1864725947380066,
                0.9368107318878174,
                0.2873343229293823
            ],
            "quaternion_xyzw_world": [
                -0.4535154104232788,
                -0.6697679162025452,
                0.19596101343631744,
                0.5543771386146545
            ],
            "segmentation_id": 1,
            "visibility": 0
        }
    ]
}