{
    "camera_data": {
        "camera_look_at": {
            "at": [
                1.0,
                0.0,
                0.0
            ],
            "eye": [
                0.0,
                0.0,
                0.0
            ],
            "up": [
                0.0,
                0.0,
                1.0
            ]
        },
        "camera_view_matrix": [
            [
                0.0,
                0.0,
                -1.0,
                0.0
            ],
            [
                -1.0,
                0.0,
                0.0,
                0.0
            ],
            [
                0.0,
                1.0,
                0.0,
                0.0
            ],
            [
                0.0,
                0.0,
                0.0,
                1.0
            ]
        ],
        "height": 500,
        "intrinsics": {
            "cx": 250.0,
            "cy": 250.0,
            "fx": 603.5535278320312,
            "fy": 603.5535278320312
        },
        "location_world": [
            0.0,
            0.0,
            0.0
        ],
        "quaternion_world_xyzw": [
            0.5,
            -0.5,
            -0.5,
            0.5
        ],
        "width": 500
    },
    "objects": [
        {
            "bounding_box_minx_maxx_miny_maxy": [
                95,
                296,
                229,
                418
            ],
            "class": "Cube",
            "local_cuboid": null,
            "local_to_world_matrix": [
                [
                    -0.0038569942116737366,
                    -0.0029102214612066746,
                    0.005064998287707567,
                    0.0
                ],
                [
                    -0.004361763596534729,
                    0.005472071468830109,
                    -0.00017736575682647526,
                    0.0
                ],
                [
                    -0.003885694080963731,
                    -0.0032537744846194983,
                    -0.00482849171385169,
                    0.0
                ],
                [
                    1.7945775985717773,
                    0.028386328369379044,
                    -0.18206125497817993,
                    1.0
                ]
            ],
            "location": [
                -0.028386328369379044,
                -0.18206125497817993,
                -1.7945775985717773
            ],
            "location_world": [
                1.7945775985717773,
                0.028386328369379044,
                -0.18206125497817993
            ],
            "name": "hope_Cube_0",
            "projected_cuboid": [
                [
                    297.3918616771698,
                    316.4050579071045
                ],
                [
                    185.4558289051056,
                    330.7476043701172
                ],
                [
                    131.15006685256958,
                    228.41432690620422
                ],
                [
                    237.5694364309311,
                    228.05513441562653
                ],
                [
                    243.33901703357697,
                    394.4733738899231
                ],
                [
                    137.62125372886658,
                    417.8653359413147
                ],
                [
                    94.48257088661194,
                    317.11921095848083
                ],
                [
                    194.60153579711914,
                    307.0644438266754
                ],
                [
                    190.8496618270874,
                    316.7800307273865
                ]
            ],
            "provenance": "nvisii",
            "quaternion_xyzw": [
                -0.4706338047981262,
                0.030890971422195435,
                -0.5396043062210083,
                -0.6974071264266968
            ],
            "quaternion_xyzw_world": [
                -0.2987728714942932,
                0.8692681193351746,
                -0.14096999168395996,
                -0.3677433431148529
            ],
            "segmentation_id": 1,
            "visibility": 1
        }
    ]
}