{"camera_data": {}, "objects": [{"class": "Cube", "location": [-56.819408907197925, 25.606865206552555, 232.0635327042236], "quaternion_xyzw": [-0.45156698384722366, -0.5574998337200443, -0.010351378827507009, 0.6965443585713791], "projected_cuboid": [[129.71688627409273, 249.0543161843552], [128.4523112212217, 248.16560419458455], [129.26075273636206, 249.62867877680307], [130.52595451209058, 250.51480103350525], [131.42448488804104, 247.63476569744816], [130.16585563819126, 246.74135704087468], [130.97876765232724, 248.20044424166434], [132.2379925952186, 249.09128948568724], [130.34595900796066, 248.62864419439907]]}]}