{
    "camera_data": {
        "camera_look_at": {
            "at": [
                1.0,
                0.0,
                0.0
            ],
            "eye": [
                0.0,
                0.0,
                0.0
            ],
            "up": [
                0.0,
                0.0,
                1.0
            ]
        },
        "camera_view_matrix": [
            [
                0.0,
                0.0,
                -1.0,
                0.0
            ],
            [
                -1.0,
                0.0,
                0.0,
                0.0
            ],
            [
                0.0,
                1.0,
                0.0,
                0.0
            ],
            [
                0.0,
                0.0,
                0.0,
                1.0
            ]
        ],
        "height": 500,
        "intrinsics": {
            "cx": 250.0,
            "cy": 250.0,
            "fx": 603.5535278320312,
            "fy": 603.5535278320312
        },
        "location_world": [
            0.0,
            0.0,
            0.0
        ],
        "quaternion_world_xyzw": [
            0.5,
            -0.5,
            -0.5,
            0.5
        ],
        "width": 500
    },
    "objects": [
        {
            "bounding_box_minx_maxx_miny_maxy": [
                49,
                295,
                61,
                290
            ],
            "class": "Cube",
            "local_cuboid": null,
            "local_to_world_matrix": [
                [
                    0.006508950609713793,
                    -0.002395287388935685,
                    -0.0009466604678891599,
                    0.0
                ],
                [
                    0.0005882593686692417,
                    0.0038874477613717318,
                    -0.005791520234197378,
                    0.0
                ],
                [
                    0.002507492434233427,
                    0.005305690690875053,
                    0.0038160362746566534,
                    0.0
                ],
                [
                    1.4474647045135498,
                    0.07308302819728851,
                    0.30472972989082336,
                    1.0
                ]
            ],
            "location": [
                -0.07308302819728851,
                0.30472972989082336,
                -1.4474647045135498
            ],
            "location_world": [
                1.4474647045135498,
                0.07308302819728851,
                0.30472972989082336
            ],
            "name": "hope_Cube_0",
            "projected_cuboid": [
                [
                    197.38158583641052,
                    114.17627334594727
                ],
                [
                    129.37518954277039,
                    219.1934585571289
                ],
                [
                    221.32068872451782,
                    289.77227210998535
                ],
                [
                    296.5843081474304,
                    177.5883138179779
                ],
                [
                    131.026491522789,
                    60.1685494184494
                ],
                [
                    48.36273193359375,
                    191.16267561912537
                ],
                [
                    156.10292553901672,
                    277.2875428199768
                ],
                [
                    249.84049797058105,
                    134.9271833896637
                ],
                [
                    179.71648275852203,
                    183.97942185401917
                ]
            ],
            "provenance": "nvisii",
            "quaternion_xyzw": [
                -0.7949460744857788,
                0.21718037128448486,
                0.5307925343513489,
                0.1978703737258911
            ],
            "quaternion_xyzw_world": [
                -0.45534393191337585,
                0.14173178374767303,
                -0.1224217340350151,
                0.8703947067260742
            ],
            "segmentation_id": 1,
            "visibility": 1
        }
    ]
}