{
    "camera_data": {
        "camera_look_at": {
            "at": [
                1.0,
                0.0,
                0.0
            ],
            "eye": [
                0.0,
                0.0,
                0.0
            ],
            "up": [
                0.0,
                0.0,
                1.0
            ]
        },
        "camera_view_matrix": [
            [
                0.0,
                0.0,
                -1.0,
                0.0
            ],
            [
                -1.0,
                0.0,
                0.0,
                0.0
            ],
            [
                0.0,
                1.0,
                0.0,
                0.0
            ],
            [
                0.0,
                0.0,
                0.0,
                1.0
            ]
        ],
        "height": 500,
        "intrinsics": {
            "cx": 250.0,
            "cy": 250.0,
            "fx": 603.5535278320312,
            "fy": 603.5535278320312
        },
        "location_world": [
            0.0,
            0.0,
            0.0
        ],
        "quaternion_world_xyzw": [
            0.5,
            -0.5,
            -0.5,
            0.5
        ],
        "width": 500
    },
    "objects": [
        {
            "bounding_box_minx_maxx_miny_maxy": [
                0,
                268,
                1,
                381
            ],
            "class": "Cube",
            "local_cuboid": null,
            "local_to_world_matrix": [
                [
                    -0.0075309062376618385,
                    -0.004058582708239555,
                    -0.0051781609654426575,
                    0.0
                ],
                [
                    0.0022592463064938784,
                    -0.008987248875200748,
                    0.0037583457306027412,
                    0.0
                ],
                [
                    -0.006179098505526781,
                    0.0016605007695034146,
                    0.007685146760195494,
                    0.0
                ],
                [
                    0.9836916327476501,
                    0.5587989687919617,
                    0.10627656430006027,
                    1.0
                ]
            ],
            "location": [
                -0.5587989687919617,
                0.10627656430006027,
                -0.9836916327476501
            ],
            "location_world": [
                0.9836916327476501,
                0.5587989687919617,
                0.10627656430006027
            ],
            "name": "hope_Cube_0",
            "projected_cuboid": [
                [
                    -219.74769234657288,
                    90.90426564216614
                ],
                [
                    210.38416028022766,
                    -35.698533058166504
                ],
                [
                    269.0463066101074,
                    265.55296778678894
                ],
                [
                    -14.20852541923523,
                    386.8030905723572
                ],
                [
                    -166.28003120422363,
                    -3.7978291511535645
                ],
                [
                    115.23489654064178,
                    -78.76670360565186
                ],
                [
                    178.97403240203857,
                    152.9221534729004
                ],
                [
                    -31.542211771011353,
                    230.1604002714157
                ],
                [
                    56.13031983375549,
                    133.81481170654297
                ]
            ],
            "provenance": "nvisii",
            "quaternion_xyzw": [
                0.3209804892539978,
                0.2966759502887726,
                0.4572245478630066,
                -0.7745325565338135
            ],
            "quaternion_xyzw_world": [
                -0.30705031752586365,
                0.14650174975395203,
                0.924706757068634,
                -0.17080628871917725
            ],
            "segmentation_id": 1,
            "visibility": 1
        }
    ]
}