{
    "camera_data": {
        "camera_look_at": {
            "at": [
                1.0,
                0.0,
                0.0
            ],
            "eye": [
                0.0,
                0.0,
                0.0
            ],
            "up": [
                0.0,
                0.0,
                1.0
            ]
        },
        "camera_view_matrix": [
            [
                0.0,
                0.0,
                -1.0,
                0.0
            ],
            [
                -1.0,
                0.0,
                0.0,
                0.0
            ],
            [
                0.0,
                1.0,
                0.0,
                0.0
            ],
            [
                0.0,
                0.0,
                0.0,
                1.0
            ]
        ],
        "height": 500,
        "intrinsics": {
            "cx": 250.0,
            "cy": 250.0,
            "fx": 603.5535278320312,
            "fy": 603.5535278320312
        },
        "location_world": [
            0.0,
            0.0,
            0.0
        ],
        "quaternion_world_xyzw": [
            0.5,
            -0.5,
            -0.5,
            0.5
        ],
        "width": 500
    },
    "objects": [
        {
            "bounding_box_minx_maxx_miny_maxy": [
                273,
                435,
                365,
                500
            ],
            "class": "Cube",
            "local_cuboid": null,
            "local_to_world_matrix": [
                [
                    0.0016765178879722953,
                    0.006532266736030579,
                    0.0018758412916213274,
                    0.0
                ],
                [
                    -0.0004432187997736037,
                    -0.001822873018682003,
                    0.006743937730789185,
                    0.0
                ],
                [
                    0.006781802512705326,
                    -0.0017339629121124744,
                    -2.2979498680797406e-05,
                    0.0
                ],
                [
                    1.7653769254684448,
                    -0.26124513149261475,
                    -0.752121090888977,
                    1.0
                ]
            ],
            "location": [
                0.26124513149261475,
                -0.752121090888977,
                -1.7653769254684448
            ],
            "location_world": [
                1.7653769254684448,
                -0.26124513149261475,
                -0.752121090888977
            ],
            "name": "hope_Cube_0",
            "projected_cuboid": [
                [
                    293.13695430755615,
                    465.48980474472046
                ],
                [
                    321.7688202857971,
                    363.8150990009308
                ],
                [
                    304.4432997703552,
                    387.2741758823395
                ],
                [
                    270.11770009994507,
                    509.68289375305176
                ],
                [
                    399.18220043182373,
                    504.9360990524292
                ],
                [
                    430.3531050682068,
                    399.17296171188354
                ],
                [
                    436.1170828342438,
                    431.7431449890137
                ],
                [
                    398.06196093559265,
                    560.1209998130798
                ],
                [
                    355.55824637413025,
                    450.75690746307373
                ]
            ],
            "provenance": "nvisii",
            "quaternion_xyzw": [
                0.134376659989357,
                0.9830347895622253,
                0.01526758074760437,
                0.1239050030708313
            ],
            "quaternion_xyzw_world": [
                0.6130244135856628,
                0.35474279522895813,
                0.5043870210647583,
                0.493915319442749
            ],
            "segmentation_id": 1,
            "visibility": 1
        }
    ]
}