{
    "camera_data": {
        "camera_look_at": {
            "at": [
                1.0,
                0.0,
                0.0
            ],
            "eye": [
                0.0,
                0.0,
                0.0
            ],
            "up": [
                0.0,
                0.0,
                1.0
            ]
        },
        "camera_view_matrix": [
            [
                0.0,
                0.0,
                -1.0,
                0.0
            ],
            [
                -1.0,
                0.0,
                0.0,
                0.0
            ],
            [
                0.0,
                1.0,
                0.0,
                0.0
            ],
            [
                0.0,
                0.0,
                0.0,
                1.0
            ]
        ],
        "height": 500,
        "intrinsics": {
            "cx": 250.0,
            "cy": 250.0,
            "fx": 603.5535278320312,
            "fy": 603.5535278320312
        },
        "location_world": [
            0.0,
            0.0,
            0.0
        ],
        "quaternion_world_xyzw": [
            0.5,
            -0.5,
            -0.5,
            0.5
        ],
        "width": 500
    },
    "objects": [
        {
            "bounding_box_minx_maxx_miny_maxy": [
                0,
                290,
                81,
                500
            ],
            "class": "Cube",
            "local_cuboid": null,
            "local_to_world_matrix": [
                [
                    0.0016528533305972815,
                    0.0058861360885202885,
                    0.003409028984606266,
                    0.0
                ],
                [
                    0.003714735619723797,
                    -0.0037199785001575947,
                    0.004621958360075951,
                    0.0
                ],
                [
                    0.005698141176253557,
                    0.0007177463266998529,
                    -0.0040020025335252285,
                    0.0
                ],
                [
                    0.5877916812896729,
                    0.310445636510849,
                    -0.22704756259918213,
                    1.0
                ]
            ],
            "location": [
                -0.310445636510849,
                -0.22704756259918213,
                -0.5877916812896729
            ],
            "location_world": [
                0.5877916812896729,
                0.310445636510849,
                -0.22704756259918213
            ],
            "name": "hope_Cube_0",
            "projected_cuboid": [
                [
                    -121.99056148529053,
                    439.2029047012329
                ],
                [
                    67.45056807994843,
                    256.79269433021545
                ],
                [
                    22.313907742500305,
                    80.05781471729279
                ],
                [
                    -295.25935649871826,
                    301.80519819259644
                ],
                [
                    91.22256934642792,
                    611.2289428710938
                ],
                [
                    253.2867193222046,
                    375.05340576171875
                ],
                [
                    291.6015684604645,
                    230.68365454673767
                ],
                [
                    32.866328954696655,
                    567.036509513855
                ],
                [
                    57.186558842659,
                    348.8677740097046
                ]
            ],
            "provenance": "nvisii",
            "quaternion_xyzw": [
                0.2796711325645447,
                0.9103813171386719,
                -0.3027278780937195,
                0.036684274673461914
            ],
            "quaternion_xyzw_world": [
                0.764732301235199,
                0.44837686419487,
                0.42532017827033997,
                0.18233326077461243
            ],
            "segmentation_id": 1,
            "visibility": 1
        }
    ]
}