{
    "camera_data": {
        "camera_look_at": {
            "at": [
                1.0,
                0.0,
                0.0
            ],
            "eye": [
                0.0,
                0.0,
                0.0
            ],
            "up": [
                0.0,
                0.0,
                1.0
            ]
        },
        "camera_view_matrix": [
            [
                0.0,
                0.0,
                -1.0,
                0.0
            ],
            [
                -1.0,
                0.0,
                0.0,
                0.0
            ],
            [
                0.0,
                1.0,
                0.0,
                0.0
            ],
            [
                0.0,
                0.0,
                0.0,
                1.0
            ]
        ],
        "height": 500,
        "intrinsics": {
            "cx": 250.0,
            "cy": 250.0,
            "fx": 603.5535278320312,
            "fy": 603.5535278320312
        },
        "location_world": [
            0.0,
            0.0,
            0.0
        ],
        "quaternion_world_xyzw": [
            0.5,
            -0.5,
            -0.5,
            0.5
        ],
        "width": 500
    },
    "objects": [
        {
            "bounding_box_minx_maxx_miny_maxy": [
                0,
                93,
                419,
                500
            ],
            "class": "Cube",
            "local_cuboid": null,
            "local_to_world_matrix": [
                [
                    0.003171853953972459,
                    0.003700659144669771,
                    -0.001115555176511407,
                    0.0
                ],
                [
                    0.0017017466016113758,
                    -4.1375755245098844e-05,
                    0.004701313097029924,
                    0.0
                ],
                [
                    0.0034703603014349937,
                    -0.0033620542380958796,
                    -0.0012857645051553845,
                    0.0
                ],
                [
                    1.6299293041229248,
                    0.6249826550483704,
                    -0.7256572246551514,
                    1.0
                ]
            ],
            "location": [
                -0.6249826550483704,
                -0.7256572246551514,
                -1.6299293041229248
            ],
            "location_world": [
                1.6299293041229248,
                0.6249826550483704,
                -0.7256572246551514
            ],
            "name": "hope_Cube_0",
            "projected_cuboid": [
                [
                    37.125363945961,
                    514.0367746353149
                ],
                [
                    47.418102622032166,
                    426.67126655578613
                ],
                [
                    -32.58553147315979,
                    421.9008684158325
                ],
                [
                    -48.17479848861694,
                    518.3597207069397
                ],
                [
                    84.71132814884186,
                    519.0505385398865
                ],
                [
                    93.60118210315704,
                    423.3933687210083
                ],
                [
                    10.57976484298706,
                    417.76734590530396
                ],
                [
                    -4.189431667327881,
                    524.4361162185669
                ],
                [
                    24.832725524902344,
                    469.45685148239136
                ]
            ],
            "provenance": "nvisii",
            "quaternion_xyzw": [
                -0.0584755539894104,
                0.9184860587120056,
                -0.16263234615325928,
                0.35568907856941223
            ],
            "quaternion_xyzw_world": [
                0.6891659498214722,
                0.3919524550437927,
                0.17084455490112305,
                0.5850091576576233
            ],
            "segmentation_id": 1,
            "visibility": 1
        }
    ]
}