{
    "camera_data": {
        "camera_look_at": {
            "at": [
                1.0,
                0.0,
                0.0
            ],
            "eye": [
                0.0,
                0.0,
                0.0
            ],
            "up": [
                0.0,
                0.0,
                1.0
            ]
        },
        "camera_view_matrix": [
            [
                0.0,
                0.0,
                -1.0,
                0.0
            ],
            [
                -1.0,
                0.0,
                0.0,
                0.0
            ],
            [
                0.0,
                1.0,
                0.0,
                0.0
            ],
            [
                0.0,
                0.0,
                0.0,
                1.0
            ]
        ],
        "height": 500,
        "intrinsics": {
            "cx": 250.0,
            "cy": 250.0,
            "fx": 603.5535278320312,
            "fy": 603.5535278320312
        },
        "location_world": [
            0.0,
            0.0,
            0.0
        ],
        "quaternion_world_xyzw": [
            0.5,
            -0.5,
            -0.5,
            0.5
        ],
        "width": 500
    },
    "objects": [
        {
            "bounding_box_minx_maxx_miny_maxy": [
                0,
                87,
                434,
                500
            ],
            "class": "Cube",
            "local_cuboid": null,
            "local_to_world_matrix": [
                [
                    -0.0005612075328826904,
                    0.004892898723483086,
                    -0.0008628956857137382,
                    0.0
                ],
                [
                    0.0012952048564329743,
                    0.0009824337903410196,
                    0.004728347063064575,
                    0.0
                ],
                [
                    0.004796612076461315,
                    0.0003071913088206202,
                    -0.0013777309795841575,
                    0.0
                ],
                [
                    1.718255877494812,
                    0.6050512194633484,
                    -0.8058070540428162,
                    1.0
                ]
            ],
            "location": [
                -0.6050512194633484,
                -0.8058070540428162,
                -1.718255877494812
            ],
            "location_world": [
                1.718255877494812,
                0.6050512194633484,
                -0.8058070540428162
            ],
            "name": "hope_Cube_0",
            "projected_cuboid": [
                [
                    6.792902946472168,
                    535.1513028144836
                ],
                [
                    -0.5645453929901123,
                    449.8334527015686
                ],
                [
                    -31.383544206619263,
                    453.6837935447693
                ],
                [
                    -24.17212724685669,
                    552.0743131637573
                ],
                [
                    90.19677340984344,
                    516.7722702026367
                ],
                [
                    80.12942969799042,
                    433.3242177963257
                ],
                [
                    61.36535108089447,
                    434.7492456436157
                ],
                [
                    72.17645645141602,
                    530.6669473648071
                ],
                [
                    32.933443784713745,
                    487.05804347991943
                ]
            ],
            "provenance": "nvisii",
            "quaternion_xyzw": [
                -0.0936393141746521,
                0.9853389859199524,
                -0.13563533127307892,
                -0.04406599700450897
            ],
            "quaternion_xyzw_world": [
                0.4916345179080963,
                0.6293398141860962,
                0.400065153837204,
                0.4496384859085083
            ],
            "segmentation_id": 1,
            "visibility": 1
        }
    ]
}