{
    "camera_data": {
        "camera_look_at": {
            "at": [
                1.0,
                0.0,
                0.0
            ],
            "eye": [
                0.0,
                0.0,
                0.0
            ],
            "up": [
                0.0,
                0.0,
                1.0
            ]
        },
        "camera_view_matrix": [
            [
                0.0,
                0.0,
                -1.0,
                0.0
            ],
            [
                -1.0,
                0.0,
                0.0,
                0.0
            ],
            [
                0.0,
                1.0,
                0.0,
                0.0
            ],
            [
                0.0,
                0.0,
                0.0,
                1.0
            ]
        ],
        "height": 500,
        "intrinsics": {
            "cx": 250.0,
            "cy": 250.0,
            "fx": 603.5535278320312,
            "fy": 603.5535278320312
        },
        "location_world": [
            0.0,
            0.0,
            0.0
        ],
        "quaternion_world_xyzw": [
            0.5,
            -0.5,
            -0.5,
            0.5
        ],
        "width": 500
    },
    "objects": [
        {
            "bounding_box_minx_maxx_miny_maxy": [
                0,
                108,
                433,
                500
            ],
            "class": "Cube",
            "local_cuboid": null,
            "local_to_world_matrix": [
                [
                    -0.002153141424059868,
                    0.00444652559235692,
                    0.0007696701213717461,
                    0.0
                ],
                [
                    0.000349214969901368,
                    -0.000686053594108671,
                    0.004940382204949856,
                    0.0
                ],
                [
                    0.0044991145841777325,
                    0.002181224524974823,
                    -1.5124678611755371e-05,
                    0.0
                ],
                [
                    1.7493852376937866,
                    0.5985708832740784,
                    -0.8150902390480042,
                    1.0
                ]
            ],
            "location": [
                -0.5985708832740784,
                -0.8150902390480042,
                -1.7493852376937866
            ],
            "location_world": [
                1.7493852376937866,
                0.5985708832740784,
                -0.8150902390480042
            ],
            "name": "hope_Cube_0",
            "projected_cuboid": [
                [
                    -5.124866962432861,
                    515.7943964004517
                ],
                [
                    8.656665682792664,
                    431.58143758773804
                ],
                [
                    15.862196683883667,
                    456.8175673484802
                ],
                [
                    0.20173192024230957,
                    553.275465965271
                ],
                [
                    79.25809919834137,
                    512.9818916320801
                ],
                [
                    91.50996804237366,
                    433.4842264652252
                ],
                [
                    109.17249321937561,
                    457.38041400909424
                ],
                [
                    95.47285735607147,
                    547.7021932601929
                ],
                [
                    50.40116608142853,
                    487.41665482521057
                ]
            ],
            "provenance": "nvisii",
            "quaternion_xyzw": [
                0.07490202784538269,
                0.9717515707015991,
                -0.018746525049209595,
                -0.22301819920539856
            ],
            "quaternion_xyzw_world": [
                0.4211909770965576,
                0.5693071484565735,
                0.6254626512527466,
                0.32754239439964294
            ],
            "segmentation_id": 1,
            "visibility": 1
        }
    ]
}