{
    "camera_data": {
        "camera_look_at": {
            "at": [
                1.0,
                0.0,
                0.0
            ],
            "eye": [
                0.0,
                0.0,
                0.0
            ],
            "up": [
                0.0,
                0.0,
                1.0
            ]
        },
        "camera_view_matrix": [
            [
                0.0,
                0.0,
                -1.0,
                0.0
            ],
            [
                -1.0,
                0.0,
                0.0,
                0.0
            ],
            [
                0.0,
                1.0,
                0.0,
                0.0
            ],
            [
                0.0,
                0.0,
                0.0,
                1.0
            ]
        ],
        "height": 500,
        "intrinsics": {
            "cx": 250.0,
            "cy": 250.0,
            "fx": 603.5535278320312,
            "fy": 603.5535278320312
        },
        "location_world": [
            0.0,
            0.0,
            0.0
        ],
        "quaternion_world_xyzw": [
            0.5,
            -0.5,
            -0.5,
            0.5
        ],
        "width": 500
    },
    "objects": [
        {
            "bounding_box_minx_maxx_miny_maxy": [
                75,
                329,
                1,
                122
            ],
            "class": "Cube",
            "local_cuboid": null,
            "local_to_world_matrix": [
                [
                    0.0019258722895756364,
                    -0.0027947896160185337,
                    -0.006122105289250612,
                    0.0
                ],
                [
                    -0.0006414353265427053,
                    0.00626263115555048,
                    -0.0030607215594500303,
                    0.0
                ],
                [
                    0.006699222140014172,
                    0.001403070637024939,
                    0.0014669073279947042,
                    0.0
                ],
                [
                    1.1149922609329224,
                    -0.027680689468979836,
                    0.5468488931655884,
                    1.0
                ]
            ],
            "location": [
                0.027680689468979836,
                0.5468488931655884,
                -1.1149922609329224
            ],
            "location_world": [
                1.1149922609329224,
                -0.027680689468979836,
                0.5468488931655884
            ],
            "name": "hope_Cube_0",
            "projected_cuboid": [
                [
                    278.3373296260834,
                    54.74428832530975
                ],
                [
                    133.49643349647522,
                    121.05168402194977
                ],
                [
                    136.93904876708984,
                    122.16748297214508
                ],
                [
                    330.3966522216797,
                    33.516958355903625
                ],
                [
                    212.2190147638321,
                    -110.1658046245575
                ],
                [
                    54.01340126991272,
                    -42.94675588607788
                ],
                [
                    27.140721678733826,
                    -105.0456166267395
                ],
                [
                    245.22700905799866,
                    -195.08525729179382
                ],
                [
                    179.21552062034607,
                    -8.308559656143188
                ]
            ],
            "provenance": "nvisii",
            "quaternion_xyzw": [
                -0.835693359375,
                0.5292754769325256,
                0.14226609468460083,
                0.03527747094631195
            ],
            "quaternion_xyzw_world": [
                -0.20670323073863983,
                0.5937126278877258,
                -0.09971460700035095,
                0.7712562084197998
            ],
            "segmentation_id": 1,
            "visibility": 1
        }
    ]
}