{
    "camera_data": {
        "camera_look_at": {
            "at": [
                1.0,
                0.0,
                0.0
            ],
            "eye": [
                0.0,
                0.0,
                0.0
            ],
            "up": [
                0.0,
                0.0,
                1.0
            ]
        },
        "camera_view_matrix": [
            [
                0.0,
                0.0,
                -1.0,
                0.0
            ],
            [
                -1.0,
                0.0,
                0.0,
                0.0
            ],
            [
                0.0,
                1.0,
                0.0,
                0.0
            ],
            [
                0.0,
                0.0,
                0.0,
                1.0
            ]
        ],
        "height": 500,
        "intrinsics": {
            "cx": 250.0,
            "cy": 250.0,
            "fx": 603.5535278320312,
            "fy": 603.5535278320312
        },
        "location_world": [
            0.0,
            0.0,
            0.0
        ],
        "quaternion_world_xyzw": [
            0.5,
            -0.5,
            -0.5,
            0.5
        ],
        "width": 500
    },
    "objects": [
        {
            "bounding_box_minx_maxx_miny_maxy": [
                0,
                107,
                395,
                500
            ],
            "class": "Cube",
            "local_cuboid": null,
            "local_to_world_matrix": [
                [
                    -0.0018877494148910046,
                    0.003953052684664726,
                    0.0024103473406285048,
                    0.0
                ],
                [
                    0.0025186948478221893,
                    -0.0013073348673060536,
                    0.0041166795417666435,
                    0.0
                ],
                [
                    0.0038849161937832832,
                    0.0027684378437697887,
                    -0.0014977228129282594,
                    0.0
                ],
                [
                    1.5657705068588257,
                    0.6197327375411987,
                    -0.6712172627449036,
                    1.0
                ]
            ],
            "location": [
                -0.6197327375411987,
                -0.6712172627449036,
                -1.5657705068588257
            ],
            "location_world": [
                1.5657705068588257,
                0.6197327375411987,
                -0.6712172627449036
            ],
            "name": "hope_Cube_0",
            "projected_cuboid": [
                [
                    -44.27579045295715,
                    492.21399426460266
                ],
                [
                    -0.3447234630584717,
                    403.36930751800537
                ],
                [
                    22.220119833946228,
                    393.41285824775696
                ],
                [
                    -25.71508288383484,
                    493.51632595062256
                ],
                [
                    41.72559082508087,
                    521.3801860809326
                ],
                [
                    77.49933004379272,
                    435.10234355926514
                ],
                [
                    107.97697305679321,
                    429.47280406951904
                ],
                [
                    70.15112042427063,
                    526.3389348983765
                ],
                [
                    32.45998919010162,
                    460.59224009513855
                ]
            ],
            "provenance": "nvisii",
            "quaternion_xyzw": [
                0.20188909769058228,
                0.9207239151000977,
                -0.21811199188232422,
                -0.25285470485687256
            ],
            "quaternion_xyzw_world": [
                0.5439351201057434,
                0.5949007272720337,
                0.5786778330802917,
                0.12393402308225632
            ],
            "segmentation_id": 1,
            "visibility": 1
        }
    ]
}