{
    "camera_data": {
        "camera_look_at": {
            "at": [
                1.0,
                0.0,
                0.0
            ],
            "eye": [
                0.0,
                0.0,
                0.0
            ],
            "up": [
                0.0,
                0.0,
                1.0
            ]
        },
        "camera_view_matrix": [
            [
                0.0,
                0.0,
                -1.0,
                0.0
            ],
            [
                -1.0,
                0.0,
                0.0,
                0.0
            ],
            [
                0.0,
                1.0,
                0.0,
                0.0
            ],
            [
                0.0,
                0.0,
                0.0,
                1.0
            ]
        ],
        "height": 500,
        "intrinsics": {
            "cx": 250.0,
            "cy": 250.0,
            "fx": 603.5535278320312,
            "fy": 603.5535278320312
        },
        "location_world": [
            0.0,
            0.0,
            0.0
        ],
        "quaternion_world_xyzw": [
            0.5,
            -0.5,
            -0.5,
            0.5
        ],
        "width": 500
    },
    "objects": [
        {
            "bounding_box_minx_maxx_miny_maxy": [
                0,
                88,
                416,
                500
            ],
            "class": "Cube",
            "local_cuboid": null,
            "local_to_world_matrix": [
                [
                    0.0025297438260167837,
                    0.0036513840314000845,
                    -0.002295166254043579,
                    0.0
                ],
                [
                    0.0025866078212857246,
                    0.0008446690044365823,
                    0.0041947574354708195,
                    0.0
                ],
                [
                    0.003451065393164754,
                    -0.0033096715342253447,
                    -0.0014615803956985474,
                    0.0
                ],
                [
                    1.6613246202468872,
                    0.62252277135849,
                    -0.7517428994178772,
                    1.0
                ]
            ],
            "location": [
                -0.62252277135849,
                -0.7517428994178772,
                -1.6613246202468872
            ],
            "location_world": [
                1.6613246202468872,
                0.62252277135849,
                -0.7517428994178772
            ],
            "name": "hope_Cube_0",
            "projected_cuboid": [
                [
                    39.666205644607544,
                    531.858503818512
                ],
                [
                    40.54877161979675,
                    447.8244185447693
                ],
                [
                    -36.4018976688385,
                    442.1829879283905
                ],
                [
                    -43.45208406448364,
                    534.6226692199707
                ],
                [
                    89.29094672203064,
                    511.9035243988037
                ],
                [
                    86.69647574424744,
                    423.43175411224365
                ],
                [
                    8.667036890983582,
                    414.7908687591553
                ],
                [
                    4.882454872131348,
                    512.6214027404785
                ],
                [
                    24.92859959602356,
                    476.20242834091187
                ]
            ],
            "provenance": "nvisii",
            "quaternion_xyzw": [
                -0.17391429841518402,
                0.9026961326599121,
                -0.224227637052536,
                0.3234430253505707
            ],
            "quaternion_xyzw_world": [
                0.6382262706756592,
                0.48869752883911133,
                0.0905555859208107,
                0.587912917137146
            ],
            "segmentation_id": 1,
            "visibility": 1
        }
    ]
}