{
    "camera_data": {
        "camera_look_at": {
            "at": [
                1.0,
                0.0,
                0.0
            ],
            "eye": [
                0.0,
                0.0,
                0.0
            ],
            "up": [
                0.0,
                0.0,
                1.0
            ]
        },
        "camera_view_matrix": [
            [
                0.0,
                0.0,
                -1.0,
                0.0
            ],
            [
                -1.0,
                0.0,
                0.0,
                0.0
            ],
            [
                0.0,
                1.0,
                0.0,
                0.0
            ],
            [
                0.0,
                0.0,
                0.0,
                1.0
            ]
        ],
        "height": 500,
        "intrinsics": {
            "cx": 250.0,
            "cy": 250.0,
            "fx": 603.5535278320312,
            "fy": 603.5535278320312
        },
        "location_world": [
            0.0,
            0.0,
            0.0
        ],
        "quaternion_world_xyzw": [
            0.5,
            -0.5,
            -0.5,
            0.5
        ],
        "width": 500
    },
    "objects": [
        {
            "bounding_box_minx_maxx_miny_maxy": [
                0,
                91,
                425,
                500
            ],
            "class": "Cube",
            "local_cuboid": null,
            "local_to_world_matrix": [
                [
                    0.0011297357268631458,
                    0.004538238048553467,
                    -0.0017686409410089254,
                    0.0
                ],
                [
                    0.001971275545656681,
                    0.0012342315167188644,
                    0.004426143132150173,
                    0.0
                ],
                [
                    0.00445396127179265,
                    -0.0016973702004179358,
                    -0.0015103524783626199,
                    0.0
                ],
                [
                    1.6896295547485352,
                    0.6159456968307495,
                    -0.7784867286682129,
                    1.0
                ]
            ],
            "location": [
                -0.6159456968307495,
                -0.7784867286682129,
                -1.6896295547485352
            ],
            "location_world": [
                1.6896295547485352,
                0.6159456968307495,
                -0.7784867286682129
            ],
            "name": "hope_Cube_0",
            "projected_cuboid": [
                [
                    23.334458470344543,
                    533.9101552963257
                ],
                [
                    15.60269296169281,
                    450.10727643966675
                ],
                [
                    -45.05249857902527,
                    449.5117664337158
                ],
                [
                    -39.97024893760681,
                    544.8948740959167
                ],
                [
                    93.36742758750916,
                    512.8487348556519
                ],
                [
                    81.71352744102478,
                    427.62553691864014
                ],
                [
                    27.91053056716919,
                    423.9726662635803
                ],
                [
                    37.81755268573761,
                    521.207869052887
                ],
                [
                    25.50366520881653,
                    481.7962050437927
                ]
            ],
            "provenance": "nvisii",
            "quaternion_xyzw": [
                -0.1564575880765915,
                0.9596442580223083,
                -0.1814020276069641,
                0.14729969203472137
            ],
            "quaternion_xyzw_world": [
                0.5659441947937012,
                0.5751020908355713,
                0.23724249005317688,
                0.5409997701644897
            ],
            "segmentation_id": 1,
            "visibility": 1
        }
    ]
}