{
    "camera_data": {
        "camera_look_at": {
            "at": [
                1.0,
                0.0,
                0.0
            ],
            "eye": [
                0.0,
                0.0,
                0.0
            ],
            "up": [
                0.0,
                0.0,
                1.0
            ]
        },
        "camera_view_matrix": [
            [
                0.0,
                0.0,
                -1.0,
                0.0
            ],
            [
                -1.0,
                0.0,
                0.0,
                0.0
            ],
            [
                0.0,
                1.0,
                0.0,
                0.0
            ],
            [
                0.0,
                0.0,
                0.0,
                1.0
            ]
        ],
        "height": 500,
        "intrinsics": {
            "cx": 250.0,
            "cy": 250.0,
            "fx": 603.5535278320312,
            "fy": 603.5535278320312
        },
        "location_world": [
            0.0,
            0.0,
            0.0
        ],
        "quaternion_world_xyzw": [
            0.5,
            -0.5,
            -0.5,
            0.5
        ],
        "width": 500
    },
    "objects": [
        {
            "bounding_box_minx_maxx_miny_maxy": [
                106,
                256,
                343,
                500
            ],
            "class": "Cube",
            "local_cuboid": null,
            "local_to_world_matrix": [
                [
                    -0.00341889844276011,
                    -0.0006469525396823883,
                    -0.003590624313801527,
                    0.0
                ],
                [
                    0.003260837635025382,
                    -0.0027490113861858845,
                    -0.0026095728389918804,
                    0.0
                ],
                [
                    -0.001636479631997645,
                    -0.00412606168538332,
                    0.0023016398772597313,
                    0.0
                ],
                [
                    1.4153106212615967,
                    0.24046939611434937,
                    -0.3697434365749359,
                    1.0
                ]
            ],
            "location": [
                -0.24046939611434937,
                -0.3697434365749359,
                -1.4153106212615967
            ],
            "location_world": [
                1.4153106212615967,
                0.24046939611434937,
                -0.3697434365749359
            ],
            "name": "hope_Cube_0",
            "projected_cuboid": [
                [
                    193.27300786972046,
                    438.22580575942993
                ],
                [
                    256.7782700061798,
                    471.3272452354431
                ],
                [
                    175.2355545759201,
                    504.80520725250244
                ],
                [
                    105.82208633422852,
                    477.66172885894775
                ],
                [
                    186.54203414916992,
                    341.96192026138306
                ],
                [
                    244.03439462184906,
                    381.2475800514221
                ],
                [
                    171.2801605463028,
                    415.69215059280396
                ],
                [
                    109.14504528045654,
                    382.13419914245605
                ],
                [
                    180.74920773506165,
                    425.39405822753906
                ]
            ],
            "provenance": "nvisii",
            "quaternion_xyzw": [
                0.57532799243927,
                -0.07314196228981018,
                0.6557095050811768,
                -0.48341798782348633
            ],
            "quaternion_xyzw_world": [
                -0.3184707760810852,
                -0.4103807508945465,
                0.8206567764282227,
                -0.2380892038345337
            ],
            "segmentation_id": 1,
            "visibility": 1
        }
    ]
}