{
    "camera_data": {
        "camera_look_at": {
            "at": [
                1.0,
                0.0,
                0.0
            ],
            "eye": [
                0.0,
                0.0,
                0.0
            ],
            "up": [
                0.0,
                0.0,
                1.0
            ]
        },
        "camera_view_matrix": [
            [
                0.0,
                0.0,
                -1.0,
                0.0
            ],
            [
                -1.0,
                0.0,
                0.0,
                0.0
            ],
            [
                0.0,
                1.0,
                0.0,
                0.0
            ],
            [
                0.0,
                0.0,
                0.0,
                1.0
            ]
        ],
        "height": 500,
        "intrinsics": {
            "cx": 250.0,
            "cy": 250.0,
            "fx": 603.5535278320312,
            "fy": 603.5535278320312
        },
        "location_world": [
            0.0,
            0.0,
            0.0
        ],
        "quaternion_world_xyzw": [
            0.5,
            -0.5,
            -0.5,
            0.5
        ],
        "width": 500
    },
    "objects": [
        {
            "bounding_box_minx_maxx_miny_maxy": [
                64,
                231,
                346,
                488
            ],
            "class": "Cube",
            "local_cuboid": null,
            "local_to_world_matrix": [
                [
                    -0.0023155163507908583,
                    0.0001572209584992379,
                    -0.004428731743246317,
                    0.0
                ],
                [
                    -0.002437746152281761,
                    -0.004218080081045628,
                    0.001124807633459568,
                    0.0
                ],
                [
                    -0.003700780216604471,
                    0.0026801270432770252,
                    0.002030059928074479,
                    0.0
                ],
                [
                    1.433671474456787,
                    0.3256029486656189,
                    -0.41814124584198,
                    1.0
                ]
            ],
            "location": [
                -0.3256029486656189,
                -0.41814124584198,
                -1.433671474456787
            ],
            "location_world": [
                1.433671474456787,
                0.3256029486656189,
                -0.41814124584198
            ],
            "name": "hope_Cube_0",
            "projected_cuboid": [
                [
                    63.498154282569885,
                    474.867045879364
                ],
                [
                    153.52895855903625,
                    469.23956274986267
                ],
                [
                    226.85764729976654,
                    484.6097230911255
                ],
                [
                    142.08552241325378,
                    488.25210332870483
                ],
                [
                    82.32319355010986,
                    360.72951555252075
                ],
                [
                    165.98916053771973,
                    344.7192311286926
                ],
                [
                    231.93490505218506,
                    374.63027238845825
                ],
                [
                    152.9679000377655,
                    386.4688575267792
                ],
                [
                    153.20521593093872,
                    421.4823842048645
                ]
            ],
            "provenance": "nvisii",
            "quaternion_xyzw": [
                -0.029318004846572876,
                0.35925257205963135,
                0.6218196749687195,
                -0.6952829360961914
            ],
            "quaternion_xyzw_world": [
                -0.493584007024765,
                0.23101693391799927,
                0.8235185742378235,
                0.15755365788936615
            ],
            "segmentation_id": 1,
            "visibility": 1
        }
    ]
}