{
    "camera_data": {
        "camera_look_at": {
            "at": [
                1.0,
                0.0,
                0.0
            ],
            "eye": [
                0.0,
                0.0,
                0.0
            ],
            "up": [
                0.0,
                0.0,
                1.0
            ]
        },
        "camera_view_matrix": [
            [
                0.0,
                0.0,
                -1.0,
                0.0
            ],
            [
                -1.0,
                0.0,
                0.0,
                0.0
            ],
            [
                0.0,
                1.0,
                0.0,
                0.0
            ],
            [
                0.0,
                0.0,
                0.0,
                1.0
            ]
        ],
        "height": 500,
        "intrinsics": {
            "cx": 250.0,
            "cy": 250.0,
            "fx": 603.5535278320312,
            "fy": 603.5535278320312
        },
        "location_world": [
            0.0,
            0.0,
            0.0
        ],
        "quaternion_world_xyzw": [
            0.5,
            -0.5,
            -0.5,
            0.5
        ],
        "width": 500
    },
    "objects": [
        {
            "bounding_box_minx_maxx_miny_maxy": [
                0,
                109,
                387,
                500
            ],
            "class": "Cube",
            "local_cuboid": null,
            "local_to_world_matrix": [
                [
                    -0.0009833704680204391,
                    -0.0011166137410327792,
                    -0.004773484542965889,
                    0.0
                ],
                [
                    -0.003288435051217675,
                    0.0037610179278999567,
                    -0.00020233735267538577,
                    0.0
                ],
                [
                    0.0036358186043798923,
                    0.0030996643472462893,
                    -0.0014740771148353815,
                    0.0
                ],
                [
                    1.4485992193222046,
                    0.4141431748867035,
                    -0.4678706228733063,
                    1.0
                ]
            ],
            "location": [
                -0.4141431748867035,
                -0.4678706228733063,
                -1.4485992193222046
            ],
            "location_world": [
                1.4485992193222046,
                0.4141431748867035,
                -0.4678706228733063
            ],
            "name": "hope_Cube_0",
            "projected_cuboid": [
                [
                    65.25012850761414,
                    498.6308217048645
                ],
                [
                    -41.285812854766846,
                    533.4229469299316
                ],
                [
                    -6.556987762451172,
                    539.4462943077087
                ],
                [
                    110.22345721721649,
                    499.1668462753296
                ],
                [
                    49.5138019323349,
                    398.71418476104736
                ],
                [
                    -55.1283061504364,
                    420.54665088653564
                ],
                [
                    -23.867815732955933,
                    409.47774052619934
                ],
                [
                    90.81782400608063,
                    386.0906958580017
                ],
                [
                    25.534600019454956,
                    458.8996171951294
                ]
            ],
            "provenance": "nvisii",
            "quaternion_xyzw": [
                -0.7055058479309082,
                0.6048498153686523,
                0.14998416602611542,
                -0.3375246226787567
            ],
            "quaternion_xyzw_world": [
                -0.294082373380661,
                0.7489480972290039,
                0.19342641532421112,
                0.5614076256752014
            ],
            "segmentation_id": 1,
            "visibility": 1
        }
    ]
}