{
    "camera_data": {
        "camera_look_at": {
            "at": [
                1.0,
                0.0,
                0.0
            ],
            "eye": [
                0.0,
                0.0,
                0.0
            ],
            "up": [
                0.0,
                0.0,
                1.0
            ]
        },
        "camera_view_matrix": [
            [
                0.0,
                0.0,
                -1.0,
                0.0
            ],
            [
                -1.0,
                0.0,
                0.0,
                0.0
            ],
            [
                0.0,
                1.0,
                0.0,
                0.0
            ],
            [
                0.0,
                0.0,
                0.0,
                1.0
            ]
        ],
        "height": 500,
        "intrinsics": {
            "cx": 250.0,
            "cy": 250.0,
            "fx": 603.5535278320312,
            "fy": 603.5535278320312
        },
        "location_world": [
            0.0,
            0.0,
            0.0
        ],
        "quaternion_world_xyzw": [
            0.5,
            -0.5,
            -0.5,
            0.5
        ],
        "width": 500
    },
    "objects": [
        {
            "bounding_box_minx_maxx_miny_maxy": [
                0,
                85,
                417,
                500
            ],
            "class": "Cube",
            "local_cuboid": null,
            "local_to_world_matrix": [
                [
                    0.0025890194810926914,
                    -0.003925406374037266,
                    -0.0016994592733681202,
                    0.0
                ],
                [
                    0.003511944552883506,
                    0.0030847652815282345,
                    -0.0017749556573107839,
                    0.0
                ],
                [
                    0.002441971329972148,
                    -0.000274602381978184,
                    0.004354465287178755,
                    0.0
                ],
                [
                    1.4662665128707886,
                    0.5376724600791931,
                    -0.5495758652687073,
                    1.0
                ]
            ],
            "location": [
                -0.5376724600791931,
                -0.5495758652687073,
                -1.4662665128707886
            ],
            "location_world": [
                1.4662665128707886,
                0.5376724600791931,
                -0.5495758652687073
            ],
            "name": "hope_Cube_0",
            "projected_cuboid": [
                [
                    85.97099781036377,
                    433.1846237182617
                ],
                [
                    49.601584672927856,
                    445.28961181640625
                ],
                [
                    29.69612181186676,
                    539.6369099617004
                ],
                [
                    66.70865416526794,
                    537.7970337867737
                ],
                [
                    -9.539872407913208,
                    414.33292627334595
                ],
                [
                    -38.54548931121826,
                    429.4151961803436
                ],
                [
                    -67.24947690963745,
                    530.539870262146
                ],
                [
                    -39.362043142318726,
                    527.3306369781494
                ],
                [
                    11.232897639274597,
                    480.6727170944214
                ]
            ],
            "provenance": "nvisii",
            "quaternion_xyzw": [
                -0.8106273412704468,
                0.29509395360946655,
                0.1427546888589859,
                0.48520511388778687
            ],
            "quaternion_xyzw_world": [
                -0.08654148876667023,
                0.23888076841831207,
                -0.4289918839931488,
                0.8668405413627625
            ],
            "segmentation_id": 1,
            "visibility": 1
        }
    ]
}