{
    "camera_data": {
        "camera_look_at": {
            "at": [
                1.0,
                0.0,
                0.0
            ],
            "eye": [
                0.0,
                0.0,
                0.0
            ],
            "up": [
                0.0,
                0.0,
                1.0
            ]
        },
        "camera_view_matrix": [
            [
                0.0,
                0.0,
                -1.0,
                0.0
            ],
            [
                -1.0,
                0.0,
                0.0,
                0.0
            ],
            [
                0.0,
                1.0,
                0.0,
                0.0
            ],
            [
                0.0,
                0.0,
                0.0,
                1.0
            ]
        ],
        "height": 500,
        "intrinsics": {
            "cx": 250.0,
            "cy": 250.0,
            "fx": 603.5535278320312,
            "fy": 603.5535278320312
        },
        "location_world": [
            0.0,
            0.0,
            0.0
        ],
        "quaternion_world_xyzw": [
            0.5,
            -0.5,
            -0.5,
            0.5
        ],
        "width": 500
    },
    "objects": [
        {
            "bounding_box_minx_maxx_miny_maxy": [
                7,
                148,
                362,
                500
            ],
            "class": "Cube",
            "local_cuboid": null,
            "local_to_world_matrix": [
                [
                    -0.001715832855552435,
                    -0.00040325551526620984,
                    -0.004679027479141951,
                    0.0
                ],
                [
                    -0.00466874148696661,
                    -0.00039311766158789396,
                    0.0017459410009905696,
                    0.0
                ],
                [
                    -0.0005086934543214738,
                    0.0049681831151247025,
                    -0.00024163424677681178,
                    0.0
                ],
                [
                    1.4424922466278076,
                    0.3698846101760864,
                    -0.4427633285522461,
                    1.0
                ]
            ],
            "location": [
                -0.3698846101760864,
                -0.4427633285522461,
                -1.4424922466278076
            ],
            "location_world": [
                1.4424922466278076,
                0.3698846101760864,
                -0.4427633285522461
            ],
            "name": "hope_Cube_0",
            "projected_cuboid": [
                [
                    39.365485310554504,
                    496.22076749801636
                ],
                [
                    7.021814584732056,
                    500.3722906112671
                ],
                [
                    139.443039894104,
                    488.78493905067444
                ],
                [
                    149.3167132139206,
                    486.6234064102173
                ],
                [
                    43.372735381126404,
                    385.9952390193939
                ],
                [
                    14.023065567016602,
                    369.09598112106323
                ],
                [
                    137.3203843832016,
                    360.934853553772
                ],
                [
                    146.95937931537628,
                    378.8188695907593
                ],
                [
                    86.08552813529968,
                    431.69552087783813
                ]
            ],
            "provenance": "nvisii",
            "quaternion_xyzw": [
                -0.3967758119106293,
                0.5400922298431396,
                0.40984734892845154,
                -0.6187846660614014
            ],
            "quaternion_xyzw_world": [
                -0.44265782833099365,
                0.5729026794433594,
                0.5859742164611816,
                0.36396533250808716
            ],
            "segmentation_id": 1,
            "visibility": 1
        }
    ]
}