{
    "camera_data": {
        "camera_look_at": {
            "at": [
                1.0,
                0.0,
                0.0
            ],
            "eye": [
                0.0,
                0.0,
                0.0
            ],
            "up": [
                0.0,
                0.0,
                1.0
            ]
        },
        "camera_view_matrix": [
            [
                0.0,
                0.0,
                -1.0,
                0.0
            ],
            [
                -1.0,
                0.0,
                0.0,
                0.0
            ],
            [
                0.0,
                1.0,
                0.0,
                0.0
            ],
            [
                0.0,
                0.0,
                0.0,
                1.0
            ]
        ],
        "height": 500,
        "intrinsics": {
            "cx": 250.0,
            "cy": 250.0,
            "fx": 603.5535278320312,
            "fy": 603.5535278320312
        },
        "location_world": [
            0.0,
            0.0,
            0.0
        ],
        "quaternion_world_xyzw": [
            0.5,
            -0.5,
            -0.5,
            0.5
        ],
        "width": 500
    },
    "objects": [
        {
            "bounding_box_minx_maxx_miny_maxy": [
                0,
                72,
                409,
                500
            ],
            "class": "Cube",
            "local_cuboid": null,
            "local_to_world_matrix": [
                [
                    0.0024740775115787983,
                    -0.004271247424185276,
                    0.0007971078739501536,
                    0.0
                ],
                [
                    0.0043449499644339085,
                    0.0024281248915940523,
                    -0.0004749930230900645,
                    0.0
                ],
                [
                    1.866713137133047e-05,
                    0.0009277127683162689,
                    0.004913145676255226,
                    0.0
                ],
                [
                    1.481209397315979,
                    0.5732458233833313,
                    -0.5798549652099609,
                    1.0
                ]
            ],
            "location": [
                -0.5732458233833313,
                -0.5798549652099609,
                -1.481209397315979
            ],
            "location_world": [
                1.481209397315979,
                0.5732458233833313,
                -0.5798549652099609
            ],
            "name": "hope_Cube_0",
            "projected_cuboid": [
                [
                    58.533117175102234,
                    420.9151864051819
                ],
                [
                    40.54135084152222,
                    407.9682230949402
                ],
                [
                    56.33862316608429,
                    492.3023581504822
                ],
                [
                    76.56604051589966,
                    517.1341300010681
                ],
                [
                    -48.93198609352112,
                    452.748566865921
                ],
                [
                    -54.022133350372314,
                    434.598833322525
                ],
                [
                    -37.0844304561615,
                    525.3244638442993
                ],
                [
                    -29.397547245025635,
                    557.3770999908447
                ],
                [
                    9.331881999969482,
                    474.6403098106384
                ]
            ],
            "provenance": "nvisii",
            "quaternion_xyzw": [
                -0.698745608329773,
                0.11671033501625061,
                0.24342122673988342,
                0.6624797582626343
            ],
            "quaternion_xyzw_world": [
                -0.08148837834596634,
                -0.045222509652376175,
                -0.5005468726158142,
                0.8606784343719482
            ],
            "segmentation_id": 1,
            "visibility": 1
        }
    ]
}