{
    "camera_data": {
        "camera_look_at": {
            "at": [
                1.0,
                0.0,
                0.0
            ],
            "eye": [
                0.0,
                0.0,
                0.0
            ],
            "up": [
                0.0,
                0.0,
                1.0
            ]
        },
        "camera_view_matrix": [
            [
                0.0,
                0.0,
                -1.0,
                0.0
            ],
            [
                -1.0,
                0.0,
                0.0,
                0.0
            ],
            [
                0.0,
                1.0,
                0.0,
                0.0
            ],
            [
                0.0,
                0.0,
                0.0,
                1.0
            ]
        ],
        "height": 500,
        "intrinsics": {
            "cx": 250.0,
            "cy": 250.0,
            "fx": 603.5535278320312,
            "fy": 603.5535278320312
        },
        "location_world": [
            0.0,
            0.0,
            0.0
        ],
        "quaternion_world_xyzw": [
            0.5,
            -0.5,
            -0.5,
            0.5
        ],
        "width": 500
    },
    "objects": [
        {
            "bounding_box_minx_maxx_miny_maxy": [
                0,
                96,
                398,
                500
            ],
            "class": "Cube",
            "local_cuboid": null,
            "local_to_world_matrix": [
                [
                    0.00019063800573349,
                    -0.0024504712782800198,
                    -0.004354175645858049,
                    0.0
                ],
                [
                    -0.00018523760081734508,
                    0.004350882023572922,
                    -0.002456727670505643,
                    0.0
                ],
                [
                    0.004992928821593523,
                    0.00025498031754978,
                    7.510482828365639e-05,
                    0.0
                ],
                [
                    1.4543359279632568,
                    0.4567025303840637,
                    -0.49457404017448425,
                    1.0
                ]
            ],
            "location": [
                -0.4567025303840637,
                -0.49457404017448425,
                -1.4543359279632568
            ],
            "location_world": [
                1.4543359279632568,
                0.4567025303840637,
                -0.49457404017448425
            ],
            "name": "hope_Cube_0",
            "projected_cuboid": [
                [
                    96.88855707645416,
                    479.22050952911377
                ],
                [
                    12.605413794517517,
                    527.650773525238
                ],
                [
                    -26.31482481956482,
                    581.6735029220581
                ],
                [
                    74.0080177783966,
                    523.8068699836731
                ],
                [
                    48.99139702320099,
                    397.1482813358307
                ],
                [
                    -36.08846664428711,
                    445.3877806663513
                ],
                [
                    -84.53163504600525,
                    484.1904640197754
                ],
                [
                    16.920089721679688,
                    426.5890121459961
                ],
                [
                    14.576777815818787,
                    481.47547245025635
                ]
            ],
            "provenance": "nvisii",
            "quaternion_xyzw": [
                -0.8631374835968018,
                0.5042682886123657,
                0.025813855230808258,
                -0.006379805505275726
            ],
            "quaternion_xyzw_world": [
                -0.1955314427614212,
                0.6739858984947205,
                -0.16333778202533722,
                0.6934199333190918
            ],
            "segmentation_id": 1,
            "visibility": 1
        }
    ]
}