{
    "camera_data": {
        "camera_look_at": {
            "at": [
                1.0,
                0.0,
                0.0
            ],
            "eye": [
                0.0,
                0.0,
                0.0
            ],
            "up": [
                0.0,
                0.0,
                1.0
            ]
        },
        "camera_view_matrix": [
            [
                0.0,
                0.0,
                -1.0,
                0.0
            ],
            [
                -1.0,
                0.0,
                0.0,
                0.0
            ],
            [
                0.0,
                1.0,
                0.0,
                0.0
            ],
            [
                0.0,
                0.0,
                0.0,
                1.0
            ]
        ],
        "height": 500,
        "intrinsics": {
            "cx": 250.0,
            "cy": 250.0,
            "fx": 603.5535278320312,
            "fy": 603.5535278320312
        },
        "location_world": [
            0.0,
            0.0,
            0.0
        ],
        "quaternion_world_xyzw": [
            0.5,
            -0.5,
            -0.5,
            0.5
        ],
        "width": 500
    },
    "objects": [
        {
            "bounding_box_minx_maxx_miny_maxy": [
                0,
                101,
                398,
                500
            ],
            "class": "Cube",
            "local_cuboid": null,
            "local_to_world_matrix": [
                [
                    0.0016498982440680265,
                    -0.003390302648767829,
                    -0.003283852245658636,
                    0.0
                ],
                [
                    0.0024558145087212324,
                    0.0035873609595000744,
                    -0.002469780622050166,
                    0.0
                ],
                [
                    0.004030733834952116,
                    -0.0007979290094226599,
                    0.0028489467222243547,
                    0.0
                ],
                [
                    1.4599417448043823,
                    0.4975414276123047,
                    -0.5223498344421387,
                    1.0
                ]
            ],
            "location": [
                -0.4975414276123047,
                -0.5223498344421387,
                -1.4599417448043823
            ],
            "location_world": [
                1.4599417448043823,
                0.4975414276123047,
                -0.5223498344421387
            ],
            "name": "hope_Cube_0",
            "projected_cuboid": [
                [
                    101.99521481990814,
                    450.8969187736511
                ],
                [
                    49.764618277549744,
                    479.8078238964081
                ],
                [
                    7.462993264198303,
                    566.6567087173462
                ],
                [
                    63.501060009002686,
                    541.2002801895142
                ],
                [
                    26.625782251358032,
                    396.58427238464355
                ],
                [
                    -22.593140602111816,
                    431.00833892822266
                ],
                [
                    -77.4388313293457,
                    516.0038471221924
                ],
                [
                    -25.803416967391968,
                    484.23466086387634
                ],
                [
                    17.032548785209656,
                    481.72521591186523
                ]
            ],
            "provenance": "nvisii",
            "quaternion_xyzw": [
                -0.8628677725791931,
                0.3981614112854004,
                0.049368470907211304,
                0.30739131569862366
            ],
            "quaternion_xyzw_world": [
                -0.10334175825119019,
                0.45213472843170166,
                -0.36136460304260254,
                0.8088945150375366
            ],
            "segmentation_id": 1,
            "visibility": 1
        }
    ]
}