{
    "camera_data": {
        "camera_look_at": {
            "at": [
                1.0,
                0.0,
                0.0
            ],
            "eye": [
                0.0,
                0.0,
                0.0
            ],
            "up": [
                0.0,
                0.0,
                1.0
            ]
        },
        "camera_view_matrix": [
            [
                0.0,
                0.0,
                -1.0,
                0.0
            ],
            [
                -1.0,
                0.0,
                0.0,
                0.0
            ],
            [
                0.0,
                1.0,
                0.0,
                0.0
            ],
            [
                0.0,
                0.0,
                0.0,
                1.0
            ]
        ],
        "height": 500,
        "intrinsics": {
            "cx": 250.0,
            "cy": 250.0,
            "fx": 603.5535278320312,
            "fy": 603.5535278320312
        },
        "location_world": [
            0.0,
            0.0,
            0.0
        ],
        "quaternion_world_xyzw": [
            0.5,
            -0.5,
            -0.5,
            0.5
        ],
        "width": 500
    },
    "objects": [
        {
            "bounding_box_minx_maxx_miny_maxy": [
                108,
                235,
                349,
                500
            ],
            "class": "Cube",
            "local_cuboid": null,
            "local_to_world_matrix": [
                [
                    -0.003802613588050008,
                    -0.0010766158811748028,
                    -0.003062846837565303,
                    0.0
                ],
                [
                    0.0031866012141108513,
                    -0.00033537030685693026,
                    -0.0038383724167943,
                    0.0
                ],
                [
                    0.0006210528663359582,
                    -0.0048711830750107765,
                    0.0009412053041160107,
                    0.0
                ],
                [
                    1.4066319465637207,
                    0.20072387158870697,
                    -0.34563136100769043,
                    1.0
                ]
            ],
            "location": [
                -0.20072387158870697,
                -0.34563136100769043,
                -1.4066319465637207
            ],
            "location_world": [
                1.4066319465637207,
                0.20072387158870697,
                -0.34563136100769043
            ],
            "name": "hope_Cube_0",
            "projected_cuboid": [
                [
                    226.33758187294006,
                    431.3136339187622
                ],
                [
                    235.68271100521088,
                    489.8061156272888
                ],
                [
                    134.3713253736496,
                    514.4389867782593
                ],
                [
                    112.34746873378754,
                    457.57341384887695
                ],
                [
                    207.8888714313507,
                    347.67216444015503
                ],
                [
                    217.927485704422,
                    407.48000144958496
                ],
                [
                    127.98714637756348,
                    427.7130365371704
                ],
                [
                    108.09645056724548,
                    368.8247799873352
                ],
                [
                    171.89498245716095,
                    429.3205738067627
                ]
            ],
            "provenance": "nvisii",
            "quaternion_xyzw": [
                0.7258113622665405,
                -0.18789157271385193,
                0.5975242257118225,
                -0.2843581438064575
            ],
            "quaternion_xyzw_world": [
                -0.1719813048839569,
                -0.6134344935417175,
                0.7099010348320007,
                -0.30026841163635254
            ],
            "segmentation_id": 1,
            "visibility": 1
        }
    ]
}