{
    "camera_data": {
        "camera_look_at": {
            "at": [
                1.0,
                0.0,
                0.0
            ],
            "eye": [
                0.0,
                0.0,
                0.0
            ],
            "up": [
                0.0,
                0.0,
                1.0
            ]
        },
        "camera_view_matrix": [
            [
                0.0,
                0.0,
                -1.0,
                0.0
            ],
            [
                -1.0,
                0.0,
                0.0,
                0.0
            ],
            [
                0.0,
                1.0,
                0.0,
                0.0
            ],
            [
                0.0,
                0.0,
                0.0,
                1.0
            ]
        ],
        "height": 500,
        "intrinsics": {
            "cx": 250.0,
            "cy": 250.0,
            "fx": 603.5535278320312,
            "fy": 603.5535278320312
        },
        "location_world": [
            0.0,
            0.0,
            0.0
        ],
        "quaternion_world_xyzw": [
            0.5,
            -0.5,
            -0.5,
            0.5
        ],
        "width": 500
    },
    "objects": [
        {
            "bounding_box_minx_maxx_miny_maxy": [
                220,
                417,
                230,
                439
            ],
            "class": "Cube",
            "local_cuboid": null,
            "local_to_world_matrix": [
                [
                    0.00015240072389133275,
                    -0.004312839824706316,
                    0.0025251107290387154,
                    0.0
                ],
                [
                    -0.004659425001591444,
                    -0.0010362195316702127,
                    -0.0014886268181726336,
                    0.0
                ],
                [
                    0.0018073555547744036,
                    -0.002307739108800888,
                    -0.004050655290484428,
                    0.0
                ],
                [
                    1.3304349184036255,
                    -0.1015864834189415,
                    -0.11857191473245621,
                    1.0
                ]
            ],
            "location": [
                0.1015864834189415,
                -0.11857191473245621,
                -1.3304349184036255
            ],
            "location_world": [
                1.3304349184036255,
                -0.1015864834189415,
                -0.11857191473245621
            ],
            "name": "hope_Cube_0",
            "projected_cuboid": [
                [
                    366.8670058250427,
                    318.5669183731079
                ],
                [
                    417.8914427757263,
                    371.68484926223755
                ],
                [
                    366.31420254707336,
                    266.3500905036926
                ],
                [
                    321.0342824459076,
                    228.54553163051605
                ],
                [
                    272.6403474807739,
                    374.49634075164795
                ],
                [
                    304.7303259372711,
                    439.41110372543335
                ],
                [
                    243.0248111486435,
                    339.1481339931488
                ],
                [
                    219.89017724990845,
                    287.8837585449219
                ],
                [
                    313.3867084980011,
                    327.4547755718231
                ]
            ],
            "provenance": "nvisii",
            "quaternion_xyzw": [
                0.7940032482147217,
                0.2242642045021057,
                0.13572603464126587,
                0.5484914779663086
            ],
            "quaternion_xyzw_world": [
                0.7155164480209351,
                -0.6269782781600952,
                0.30275100469589233,
                0.05723923072218895
            ],
            "segmentation_id": 1,
            "visibility": 1
        }
    ]
}