{
    "camera_data": {
        "camera_look_at": {
            "at": [
                1.0,
                0.0,
                0.0
            ],
            "eye": [
                0.0,
                0.0,
                0.0
            ],
            "up": [
                0.0,
                0.0,
                1.0
            ]
        },
        "camera_view_matrix": [
            [
                0.0,
                0.0,
                -1.0,
                0.0
            ],
            [
                -1.0,
                0.0,
                0.0,
                0.0
            ],
            [
                0.0,
                1.0,
                0.0,
                0.0
            ],
            [
                0.0,
                0.0,
                0.0,
                1.0
            ]
        ],
        "height": 500,
        "intrinsics": {
            "cx": 250.0,
            "cy": 250.0,
            "fx": 603.5535278320312,
            "fy": 603.5535278320312
        },
        "location_world": [
            0.0,
            0.0,
            0.0
        ],
        "quaternion_world_xyzw": [
            0.5,
            -0.5,
            -0.5,
            0.5
        ],
        "width": 500
    },
    "objects": [
        {
            "bounding_box_minx_maxx_miny_maxy": [
                205,
                377,
                276,
                460
            ],
            "class": "Cube",
            "local_cuboid": null,
            "local_to_world_matrix": [
                [
                    -0.0037799798883497715,
                    -0.002992086112499237,
                    -0.0013263397850096226,
                    0.0
                ],
                [
                    0.0024862249847501516,
                    -0.0013073300942778587,
                    -0.0041363718919456005,
                    0.0
                ],
                [
                    0.002128483261913061,
                    -0.00378659600391984,
                    0.0024761357344686985,
                    0.0
                ],
                [
                    1.3364086151123047,
                    -0.06542091071605682,
                    -0.15517474710941315,
                    1.0
                ]
            ],
            "location": [
                0.06542091071605682,
                -0.15517474710941315,
                -1.3364086151123047
            ],
            "location_world": [
                1.3364086151123047,
                -0.06542091071605682,
                -0.15517474710941315
            ],
            "name": "hope_Cube_0",
            "projected_cuboid": [
                [
                    359.4626486301422,
                    308.9189827442169
                ],
                [
                    377.6704668998718,
                    391.69982075691223
                ],
                [
                    300.9890019893646,
                    460.0955843925476
                ],
                [
                    273.1318473815918,
                    377.0561218261719
                ],
                [
                    284.68263149261475,
                    274.44639801979065
                ],
                [
                    306.53050541877747,
                    350.16435384750366
                ],
                [
                    234.45731401443481,
                    407.01085329055786
                ],
                [
                    204.41851019859314,
                    330.5732011795044
                ],
                [
                    292.3370599746704,
                    361.59253120422363
                ]
            ],
            "provenance": "nvisii",
            "quaternion_xyzw": [
                0.844302773475647,
                -0.0011257529258728027,
                0.4480961561203003,
                -0.29387331008911133
            ],
            "quaternion_xyzw_world": [
                0.05060374364256859,
                -0.499825656414032,
                0.7925732135772705,
                -0.3456028401851654
            ],
            "segmentation_id": 1,
            "visibility": 1
        }
    ]
}