{
    "camera_data": {
        "camera_look_at": {
            "at": [
                1.0,
                0.0,
                0.0
            ],
            "eye": [
                0.0,
                0.0,
                0.0
            ],
            "up": [
                0.0,
                0.0,
                1.0
            ]
        },
        "camera_view_matrix": [
            [
                0.0,
                0.0,
                -1.0,
                0.0
            ],
            [
                -1.0,
                0.0,
                0.0,
                0.0
            ],
            [
                0.0,
                1.0,
                0.0,
                0.0
            ],
            [
                0.0,
                0.0,
                0.0,
                1.0
            ]
        ],
        "height": 500,
        "intrinsics": {
            "cx": 250.0,
            "cy": 250.0,
            "fx": 603.5535278320312,
            "fy": 603.5535278320312
        },
        "location_world": [
            0.0,
            0.0,
            0.0
        ],
        "quaternion_world_xyzw": [
            0.5,
            -0.5,
            -0.5,
            0.5
        ],
        "width": 500
    },
    "objects": [
        {
            "bounding_box_minx_maxx_miny_maxy": [
                162,
                323,
                246,
                425
            ],
            "class": "Cube",
            "local_cuboid": null,
            "local_to_world_matrix": [
                [
                    0.0004584410635288805,
                    -0.004779107868671417,
                    -0.0013964093523100019,
                    0.0
                ],
                [
                    -0.0043129706755280495,
                    -0.0010818123118951917,
                    0.002286474918946624,
                    0.0
                ],
                [
                    -0.002487592864781618,
                    0.0009948916267603636,
                    -0.004221620038151741,
                    0.0
                ],
                [
                    1.3790373802185059,
                    0.04588262364268303,
                    -0.24481408298015594,
                    1.0
                ]
            ],
            "location": [
                -0.04588262364268303,
                -0.24481408298015594,
                -1.3790373802185059
            ],
            "location_world": [
                1.3790373802185059,
                0.04588262364268303,
                -0.24481408298015594
            ],
            "name": "hope_Cube_0",
            "projected_cuboid": [
                [
                    272.1385061740875,
                    425.0556528568268
                ],
                [
                    305.77030777931213,
                    396.9697952270508
                ],
                [
                    324.43326711654663,
                    279.205858707428
                ],
                [
                    290.9105718135834,
                    322.3688006401062
                ],
                [
                    162.04476356506348,
                    395.8476185798645
                ],
                [
                    174.59750175476074,
                    361.3910377025604
                ],
                [
                    207.05072581768036,
                    245.0486123561859
                ],
                [
                    190.6951665878296,
                    294.05540227890015
                ],
                [
                    241.05630815029144,
                    339.0945494174957
                ]
            ],
            "provenance": "nvisii",
            "quaternion_xyzw": [
                0.5002519488334656,
                -0.03144383430480957,
                -0.14526009559631348,
                0.853029191493988
            ],
            "quaternion_xyzw_world": [
                0.7335487008094788,
                -0.6197324395179749,
                -0.26474058628082275,
                0.08803664892911911
            ],
            "segmentation_id": 1,
            "visibility": 1
        }
    ]
}