{
    "camera_data": {
        "camera_look_at": {
            "at": [
                1.0,
                0.0,
                0.0
            ],
            "eye": [
                0.0,
                0.0,
                0.0
            ],
            "up": [
                0.0,
                0.0,
                1.0
            ]
        },
        "camera_view_matrix": [
            [
                0.0,
                0.0,
                -1.0,
                0.0
            ],
            [
                -1.0,
                0.0,
                0.0,
                0.0
            ],
            [
                0.0,
                1.0,
                0.0,
                0.0
            ],
            [
                0.0,
                0.0,
                0.0,
                1.0
            ]
        ],
        "height": 500,
        "intrinsics": {
            "cx": 250.0,
            "cy": 250.0,
            "fx": 603.5535278320312,
            "fy": 603.5535278320312
        },
        "location_world": [
            0.0,
            0.0,
            0.0
        ],
        "quaternion_world_xyzw": [
            0.5,
            -0.5,
            -0.5,
            0.5
        ],
        "width": 500
    },
    "objects": [
        {
            "bounding_box_minx_maxx_miny_maxy": [
                245,
                430,
                155,
                316
            ],
            "class": "Cube",
            "local_cuboid": null,
            "local_to_world_matrix": [
                [
                    0.0014958238461986184,
                    -0.004387186840176582,
                    -0.0018748625880107284,
                    0.0
                ],
                [
                    0.00020911723549943417,
                    -0.0019026731606572866,
                    0.004619103390723467,
                    0.0
                ],
                [
                    -0.004766422789543867,
                    -0.0014602866722270846,
                    -0.0003857266856357455,
                    0.0
                ],
                [
                    1.3237354755401611,
                    -0.13446715474128723,
                    -0.0802823081612587,
                    1.0
                ]
            ],
            "location": [
                0.13446715474128723,
                -0.0802823081612587,
                -1.3237354755401611
            ],
            "location_world": [
                1.3237354755401611,
                -0.13446715474128723,
                -0.0802823081612587
            ],
            "name": "hope_Cube_0",
            "projected_cuboid": [
                [
                    386.38782501220703,
                    316.4784908294678
                ],
                [
                    431.09482526779175,
                    204.6245038509369
                ],
                [
                    372.58270382881165,
                    204.07016575336456
                ],
                [
                    334.6600830554962,
                    297.9121804237366
                ],
                [
                    281.69572353363037,
                    272.2633481025696
                ],
                [
                    330.17152547836304,
                    153.6981463432312
                ],
                [
                    285.55530309677124,
                    161.6859883069992
                ],
                [
                    244.9672818183899,
                    260.20634174346924
                ],
                [
                    332.6713740825653,
                    234.01594161987305
                ]
            ],
            "provenance": "nvisii",
            "quaternion_xyzw": [
                0.009114488959312439,
                0.15256056189537048,
                -0.1949530392885208,
                0.9688321352005005
            ],
            "quaternion_xyzw_world": [
                0.6627300977706909,
                -0.3152165114879608,
                -0.5010550618171692,
                0.45866256952285767
            ],
            "segmentation_id": 1,
            "visibility": 1
        }
    ]
}