{
    "camera_data": {
        "camera_look_at": {
            "at": [
                1.0,
                0.0,
                0.0
            ],
            "eye": [
                0.0,
                0.0,
                0.0
            ],
            "up": [
                0.0,
                0.0,
                1.0
            ]
        },
        "camera_view_matrix": [
            [
                0.0,
                0.0,
                -1.0,
                0.0
            ],
            [
                -1.0,
                0.0,
                0.0,
                0.0
            ],
            [
                0.0,
                1.0,
                0.0,
                0.0
            ],
            [
                0.0,
                0.0,
                0.0,
                1.0
            ]
        ],
        "height": 500,
        "intrinsics": {
            "cx": 250.0,
            "cy": 250.0,
            "fx": 603.5535278320312,
            "fy": 603.5535278320312
        },
        "location_world": [
            0.0,
            0.0,
            0.0
        ],
        "quaternion_world_xyzw": [
            0.5,
            -0.5,
            -0.5,
            0.5
        ],
        "width": 500
    },
    "objects": [
        {
            "bounding_box_minx_maxx_miny_maxy": [
                203,
                374,
                220,
                401
            ],
            "class": "Cube",
            "local_cuboid": null,
            "local_to_world_matrix": [
                [
                    0.0008764144731685519,
                    -0.0038273369427770376,
                    -0.0030957043636590242,
                    0.0
                ],
                [
                    -0.0004682232392951846,
                    -0.0031949435360729694,
                    0.0038174730725586414,
                    0.0
                ],
                [
                    -0.004900272004306316,
                    -0.00037924153730273247,
                    -0.0009184282971546054,
                    0.0
                ],
                [
                    1.3640199899673462,
                    0.007965533062815666,
                    -0.21634769439697266,
                    1.0
                ]
            ],
            "location": [
                -0.007965533062815666,
                -0.21634769439697266,
                -1.3640199899673462
            ],
            "location_world": [
                1.3640199899673462,
                0.007965533062815666,
                -0.21634769439697266
            ],
            "name": "hope_Cube_0",
            "projected_cuboid": [
                [
                    296.4331805706024,
                    401.292085647583
                ],
                [
                    375.06383657455444,
                    311.2441599369049
                ],
                [
                    346.72296047210693,
                    282.47585892677307
                ],
                [
                    281.3040018081665,
                    358.34386944770813
                ],
                [
                    203.3984512090683,
                    330.12840151786804
                ],
                [
                    283.0888330936432,
                    235.38893461227417
                ],
                [
                    269.5225179195404,
                    218.6417579650879
                ],
                [
                    203.3802717924118,
                    297.80009388923645
                ],
                [
                    282.0933759212494,
                    303.96389961242676
                ]
            ],
            "provenance": "nvisii",
            "quaternion_xyzw": [
                0.07402436435222626,
                0.06703135371208191,
                -0.33581697940826416,
                0.936618447303772
            ],
            "quaternion_xyzw_world": [
                0.7067455649375916,
                -0.3038972318172455,
                -0.5656898617744446,
                0.29690420627593994
            ],
            "segmentation_id": 1,
            "visibility": 1
        }
    ]
}