{
    "camera_data": {
        "camera_look_at": {
            "at": [
                1.0,
                0.0,
                0.0
            ],
            "eye": [
                0.0,
                0.0,
                0.0
            ],
            "up": [
                0.0,
                0.0,
                1.0
            ]
        },
        "camera_view_matrix": [
            [
                0.0,
                0.0,
                -1.0,
                0.0
            ],
            [
                -1.0,
                0.0,
                0.0,
                0.0
            ],
            [
                0.0,
                1.0,
                0.0,
                0.0
            ],
            [
                0.0,
                0.0,
                0.0,
                1.0
            ]
        ],
        "height": 500,
        "intrinsics": {
            "cx": 250.0,
            "cy": 250.0,
            "fx": 603.5535278320312,
            "fy": 603.5535278320312
        },
        "location_world": [
            0.0,
            0.0,
            0.0
        ],
        "quaternion_world_xyzw": [
            0.5,
            -0.5,
            -0.5,
            0.5
        ],
        "width": 500
    },
    "objects": [
        {
            "bounding_box_minx_maxx_miny_maxy": [
                204,
                385,
                226,
                396
            ],
            "class": "Cube",
            "local_cuboid": null,
            "local_to_world_matrix": [
                [
                    -0.00041172385681420565,
                    -0.0028660628013312817,
                    -0.004076293203979731,
                    0.0
                ],
                [
                    0.003501270664855838,
                    -0.0030767428688704967,
                    0.001809629611670971,
                    0.0
                ],
                [
                    -0.0035456432960927486,
                    -0.002705427585169673,
                    0.002260326175019145,
                    0.0
                ],
                [
                    1.3488168716430664,
                    -0.029200080782175064,
                    -0.18819080293178558,
                    1.0
                ]
            ],
            "location": [
                0.029200080782175064,
                -0.18819080293178558,
                -1.3488168716430664
            ],
            "location_world": [
                1.3488168716430664,
                -0.029200080782175064,
                -0.18819080293178558
            ],
            "name": "hope_Cube_0",
            "projected_cuboid": [
                [
                    331.36051893234253,
                    362.7978563308716
                ],
                [
                    386.5244388580322,
                    310.6154203414917
                ],
                [
                    320.462167263031,
                    346.4812934398651
                ],
                [
                    264.04714584350586,
                    396.58114314079285
                ],
                [
                    261.9640827178955,
                    264.1451954841614
                ],
                [
                    324.7467875480652,
                    224.65337812900543
                ],
                [
                    266.27132296562195,
                    269.45510506629944
                ],
                [
                    204.1057050228119,
                    309.5284700393677
                ],
                [
                    294.5910096168518,
                    310.0676238536835
                ]
            ],
            "provenance": "nvisii",
            "quaternion_xyzw": [
                0.35431554913520813,
                -0.14105376601219177,
                0.4398835301399231,
                -0.8130601644515991
            ],
            "quaternion_xyzw_world": [
                -0.5198409557342529,
                -0.061096347868442535,
                0.7331027388572693,
                -0.4342729449272156
            ],
            "segmentation_id": 1,
            "visibility": 1
        }
    ]
}