{
    "camera_data": {
        "camera_look_at": {
            "at": [
                1.0,
                0.0,
                0.0
            ],
            "eye": [
                0.0,
                0.0,
                0.0
            ],
            "up": [
                0.0,
                0.0,
                1.0
            ]
        },
        "camera_view_matrix": [
            [
                0.0,
                0.0,
                -1.0,
                0.0
            ],
            [
                -1.0,
                0.0,
                0.0,
                0.0
            ],
            [
                0.0,
                1.0,
                0.0,
                0.0
            ],
            [
                0.0,
                0.0,
                0.0,
                1.0
            ]
        ],
        "height": 500,
        "intrinsics": {
            "cx": 250.0,
            "cy": 250.0,
            "fx": 603.5535278320312,
            "fy": 603.5535278320312
        },
        "location_world": [
            0.0,
            0.0,
            0.0
        ],
        "quaternion_world_xyzw": [
            0.5,
            -0.5,
            -0.5,
            0.5
        ],
        "width": 500
    },
    "objects": [
        {
            "bounding_box_minx_maxx_miny_maxy": [
                91,
                246,
                355,
                500
            ],
            "class": "Cube",
            "local_cuboid": null,
            "local_to_world_matrix": [
                [
                    -0.004174783360213041,
                    -0.0018713248427957296,
                    -0.0020172568038105965,
                    0.0
                ],
                [
                    0.0014238582225516438,
                    0.001667472650296986,
                    -0.004493569023907185,
                    0.0
                ],
                [
                    0.0023545296862721443,
                    -0.004326392896473408,
                    -0.0008593672537244856,
                    0.0
                ],
                [
                    1.4005093574523926,
                    0.162340447306633,
                    -0.32146191596984863,
                    1.0
                ]
            ],
            "location": [
                -0.162340447306633,
                -0.32146191596984863,
                -1.4005093574523926
            ],
            "location_world": [
                1.4005093574523926,
                0.162340447306633,
                -0.32146191596984863
            ],
            "name": "hope_Cube_0",
            "projected_cuboid": [
                [
                    246.70495092868805,
                    425.2205491065979
                ],
                [
                    211.58643066883087,
                    511.5557909011841
                ],
                [
                    108.34918916225433,
                    515.2688026428223
                ],
                [
                    140.86896181106567,
                    420.93247175216675
                ],
                [
                    211.03127300739288,
                    362.90115118026733
                ],
                [
                    181.94988369941711,
                    440.92732667922974
                ],
                [
                    90.61652421951294,
                    438.64911794662476
                ],
                [
                    117.56888031959534,
                    354.15834188461304
                ],
                [
                    164.25326466560364,
                    432.3139786720276
                ]
            ],
            "provenance": "nvisii",
            "quaternion_xyzw": [
                -0.8282337784767151,
                0.22244498133659363,
                -0.513211190700531,
                0.034078001976013184
            ],
            "quaternion_xyzw_world": [
                -0.02924978919327259,
                0.7649059891700745,
                -0.5765389800071716,
                0.28577280044555664
            ],
            "segmentation_id": 1,
            "visibility": 1
        }
    ]
}