{
    "camera_data": {
        "camera_look_at": {
            "at": [
                1.0,
                0.0,
                0.0
            ],
            "eye": [
                0.0,
                0.0,
                0.0
            ],
            "up": [
                0.0,
                0.0,
                1.0
            ]
        },
        "camera_view_matrix": [
            [
                0.0,
                0.0,
                -1.0,
                0.0
            ],
            [
                -1.0,
                0.0,
                0.0,
                0.0
            ],
            [
                0.0,
                1.0,
                0.0,
                0.0
            ],
            [
                0.0,
                0.0,
                0.0,
                1.0
            ]
        ],
        "height": 500,
        "intrinsics": {
            "cx": 250.0,
            "cy": 250.0,
            "fx": 603.5535278320312,
            "fy": 603.5535278320312
        },
        "location_world": [
            0.0,
            0.0,
            0.0
        ],
        "quaternion_world_xyzw": [
            0.5,
            -0.5,
            -0.5,
            0.5
        ],
        "width": 500
    },
    "objects": [
        {
            "bounding_box_minx_maxx_miny_maxy": [
                258,
                426,
                208,
                365
            ],
            "class": "Cube",
            "local_cuboid": null,
            "local_to_world_matrix": [
                [
                    -0.0028223013505339622,
                    -0.003953384235501289,
                    -0.0011854824842885137,
                    0.0
                ],
                [
                    0.0040394579991698265,
                    -0.0023511163890361786,
                    -0.0017762398347258568,
                    0.0
                ],
                [
                    0.0008469902677461505,
                    -0.0019603583496063948,
                    0.004521017894148827,
                    0.0
                ],
                [
                    1.3168981075286865,
                    -0.16592121124267578,
                    -0.041961535811424255,
                    1.0
                ]
            ],
            "location": [
                0.16592121124267578,
                -0.041961535811424255,
                -1.3168981075286865
            ],
            "location_world": [
                1.3168981075286865,
                -0.16592121124267578,
                -0.041961535811424255
            ],
            "name": "hope_Cube_0",
            "projected_cuboid": [
                [
                    399.4055390357971,
                    230.27372360229492
                ],
                [
                    427.1535277366638,
                    269.4621682167053
                ],
                [
                    390.9575343132019,
                    365.63923954963684
                ],
                [
                    356.2833368778229,
                    340.9513235092163
                ],
                [
                    299.7432351112366,
                    206.85279369354248
                ],
                [
                    337.55791187286377,
                    245.54471671581268
                ],
                [
                    302.19948291778564,
                    332.4216902256012
                ],
                [
                    257.9857409000397,
                    305.3731918334961
                ],
                [
                    345.64805030822754,
                    286.7642045021057
                ]
            ],
            "provenance": "nvisii",
            "quaternion_xyzw": [
                0.7608092427253723,
                0.07660490274429321,
                0.31431394815444946,
                -0.5625901818275452
            ],
            "quaternion_xyzw_world": [
                -0.019745005294680595,
                -0.2179640829563141,
                0.8571591377258301,
                -0.4662402868270874
            ],
            "segmentation_id": 1,
            "visibility": 1
        }
    ]
}