{
    "camera_data": {
        "camera_look_at": {
            "at": [
                1.0,
                0.0,
                0.0
            ],
            "eye": [
                0.0,
                0.0,
                0.0
            ],
            "up": [
                0.0,
                0.0,
                1.0
            ]
        },
        "camera_view_matrix": [
            [
                0.0,
                0.0,
                -1.0,
                0.0
            ],
            [
                -1.0,
                0.0,
                0.0,
                0.0
            ],
            [
                0.0,
                1.0,
                0.0,
                0.0
            ],
            [
                0.0,
                0.0,
                0.0,
                1.0
            ]
        ],
        "height": 500,
        "intrinsics": {
            "cx": 250.0,
            "cy": 250.0,
            "fx": 603.5535278320312,
            "fy": 603.5535278320312
        },
        "location_world": [
            0.0,
            0.0,
            0.0
        ],
        "quaternion_world_xyzw": [
            0.5,
            -0.5,
            -0.5,
            0.5
        ],
        "width": 500
    },
    "objects": [
        {
            "bounding_box_minx_maxx_miny_maxy": [
                344,
                499,
                341,
                500
            ],
            "class": "Cube",
            "local_cuboid": null,
            "local_to_world_matrix": [
                [
                    -0.0005894260830245912,
                    0.006522956304252148,
                    0.002470552222803235,
                    0.0
                ],
                [
                    0.0021844222210347652,
                    -0.0021820117253810167,
                    0.006282287649810314,
                    0.0
                ],
                [
                    0.006624264642596245,
                    0.0012999532045796514,
                    -0.0018518223660066724,
                    0.0
                ],
                [
                    1.6338393688201904,
                    -0.47378382086753845,
                    -0.654075562953949,
                    1.0
                ]
            ],
            "location": [
                0.47378382086753845,
                -0.654075562953949,
                -1.6338393688201904
            ],
            "location_world": [
                1.6338393688201904,
                -0.47378382086753845,
                -0.654075562953949
            ],
            "name": "hope_Cube_0",
            "projected_cuboid": [
                [
                    344.0854847431183,
                    465.96431732177734
                ],
                [
                    373.4275698661804,
                    353.40866446495056
                ],
                [
                    424.6910810470581,
                    339.565247297287
                ],
                [
                    392.51482486724854,
                    476.72906517982483
                ],
                [
                    451.06202363967896,
                    503.5519599914551
                ],
                [
                    473.87978434562683,
                    390.5864953994751
                ],
                [
                    545.0907945632935,
                    384.7332000732422
                ],
                [
                    522.4215388298035,
                    522.4977731704712
                ],
                [
                    438.85841965675354,
                    427.66427993774414
                ]
            ],
            "provenance": "nvisii",
            "quaternion_xyzw": [
                0.17102861404418945,
                0.9715508222579956,
                -0.14837265014648438,
                -0.06945371627807617
            ],
            "quaternion_xyzw_world": [
                0.6107491850852966,
                0.5091742873191833,
                0.5318302512168884,
                0.2913479208946228
            ],
            "segmentation_id": 1,
            "visibility": 1
        }
    ]
}