{
    "camera_data": {
        "camera_look_at": {
            "at": [
                1.0,
                0.0,
                0.0
            ],
            "eye": [
                0.0,
                0.0,
                0.0
            ],
            "up": [
                0.0,
                0.0,
                1.0
            ]
        },
        "camera_view_matrix": [
            [
                0.0,
                0.0,
                -1.0,
                0.0
            ],
            [
                -1.0,
                0.0,
                0.0,
                0.0
            ],
            [
                0.0,
                1.0,
                0.0,
                0.0
            ],
            [
                0.0,
                0.0,
                0.0,
                1.0
            ]
        ],
        "height": 500,
        "intrinsics": {
            "cx": 250.0,
            "cy": 250.0,
            "fx": 603.5535278320312,
            "fy": 603.5535278320312
        },
        "location_world": [
            0.0,
            0.0,
            0.0
        ],
        "quaternion_world_xyzw": [
            0.5,
            -0.5,
            -0.5,
            0.5
        ],
        "width": 500
    },
    "objects": [
        {
            "bounding_box_minx_maxx_miny_maxy": [
                0,
                353,
                153,
                500
            ],
            "class": "Cube",
            "local_cuboid": null,
            "local_to_world_matrix": [
                [
                    -0.0009196281316690147,
                    0.003321789437904954,
                    -0.009387224912643433,
                    0.0
                ],
                [
                    -0.0014156652614474297,
                    0.009287801571190357,
                    0.0034252938348799944,
                    0.0
                ],
                [
                    0.009856478311121464,
                    0.001643916592001915,
                    -0.0003838777483906597,
                    0.0
                ],
                [
                    1.3026528358459473,
                    -0.0625501275062561,
                    -0.2520115375518799,
                    1.0
                ]
            ],
            "location": [
                0.0625501275062561,
                -0.2520115375518799,
                -1.3026528358459473
            ],
            "location_world": [
                1.3026528358459473,
                -0.0625501275062561,
                -0.2520115375518799
            ],
            "name": "hope_Cube_0",
            "projected_cuboid": [
                [
                    225.64050555229187,
                    446.27946615219116
                ],
                [
                    31.85899555683136,
                    384.7975730895996
                ],
                [
                    -28.294265270233154,
                    441.7833089828491
                ],
                [
                    262.0350122451782,
                    528.6860466003418
                ],
                [
                    290.11914134025574,
                    260.33830642700195
                ],
                [
                    105.31288385391235,
                    191.972553730011
                ],
                [
                    83.79894495010376,
                    152.12731063365936
                ],
                [
                    354.4067442417145,
                    254.32518124580383
                ],
                [
                    169.20387744903564,
                    329.2407691478729
                ]
            ],
            "provenance": "nvisii",
            "quaternion_xyzw": [
                -0.5724813938140869,
                0.8155298829078674,
                0.03162934631109238,
                -0.07858524471521378
            ],
            "quaternion_xyzw_world": [
                0.06641699373722076,
                0.7174835801124573,
                0.17663158476352692,
                0.6705276966094971
            ],
            "segmentation_id": 1,
            "visibility": 1
        }
    ]
}