{
    "camera_data": {
        "camera_look_at": {
            "at": [
                1.0,
                0.0,
                0.0
            ],
            "eye": [
                0.0,
                0.0,
                0.0
            ],
            "up": [
                0.0,
                0.0,
                1.0
            ]
        },
        "camera_view_matrix": [
            [
                0.0,
                0.0,
                -1.0,
                0.0
            ],
            [
                -1.0,
                0.0,
                0.0,
                0.0
            ],
            [
                0.0,
                1.0,
                0.0,
                0.0
            ],
            [
                0.0,
                0.0,
                0.0,
                1.0
            ]
        ],
        "height": 400,
        "intrinsics": {
            "cx": 200.0,
            "cy": 200.0,
            "fx": 482.84283447265625,
            "fy": 482.84283447265625
        },
        "location_world": [
            0.0,
            0.0,
            0.0
        ],
        "quaternion_world_xyzw": [
            0.5,
            -0.5,
            -0.5,
            0.5
        ],
        "width": 400
    },
    "objects": [
        {
            "bounding_box_minx_maxx_miny_maxy": [
                111,
                306,
                60,
                282
            ],
            "class": "Cube",
            "local_cuboid": null,
            "local_to_world_matrix": [
                [
                    -0.0007278281264007092,
                    0.004945903085172176,
                    -9.11161259864457e-05,
                    0.0
                ],
                [
                    0.00274584349244833,
                    0.00048054096987470984,
                    0.004150833934545517,
                    0.0
                ],
                [
                    0.004114681854844093,
                    0.0005541805876418948,
                    -0.0027860854752361774,
                    0.0
                ],
                [
                    0.7100722193717957,
                    -0.001113303704187274,
                    -0.06282473355531693,
                    1.0
                ]
            ],
            "location": [
                0.001113303704187274,
                -0.06282473355531693,
                -0.7100722193717957
            ],
            "location_world": [
                0.7100722193717957,
                -0.001113303704187274,
                -0.06282473355531693
            ],
            "name": "distract_Cube_0",
            "projected_cuboid": [
                [
                    117.13759899139404,
                    281.86962604522705
                ],
                [
                    116.89625978469849,
                    162.29257583618164
                ],
                [
                    111.77694797515869,
                    59.00249481201172
                ],
                [
                    110.9093189239502,
                    196.27050161361694
                ],
                [
                    264.4303798675537,
                    275.6382942199707
                ],
                [
                    243.31669807434082,
                    161.43808364868164
                ],
                [
                    272.54316806793213,
                    62.8459095954895
                ],
                [
                    307.01847076416016,
                    192.97020435333252
                ],
                [
                    193.24132204055786,
                    174.61142539978027
                ]
            ],
            "provenance": "nvisii",
            "quaternion_xyzw": [
                -0.029953569173812866,
                0.9542384743690491,
                -0.28986096382141113,
                -0.06717444956302643
            ],
            "quaternion_xyzw_world": [
                0.5734856724739075,
                0.670613706111908,
                0.35079917311668396,
                0.3135783076286316
            ],
            "segmentation_id": 1,
            "visibility": 1
        },
        {
            "bounding_box_minx_maxx_miny_maxy": [
                322,
                399,
                32,
                133
            ],
            "class": "Cube",
            "local_cuboid": null,
            "local_to_world_matrix": [
                [
                    0.004978167824447155,
                    -0.00014524236030410975,
                    -0.00044356653233990073,
                    0.0
                ],
                [
                    -2.4695242245798e-05,
                    0.004663127474486828,
                    -0.0018040599534288049,
                    0.0
                ],
                [
                    0.0004660866688936949,
                    0.0017983734142035246,
                    0.004642048850655556,
                    0.0
                ],
                [
                    1.8649564981460571,
                    -0.7785592675209045,
                    0.489313006401062,
                    1.0
                ]
            ],
            "location": [
                0.7785592675209045,
                0.489313006401062,
                -1.8649564981460571
            ],
            "location_world": [
                1.8649564981460571,
                -0.7785592675209045,
                0.489313006401062
            ],
            "name": "distract_Cube_1",
            "projected_cuboid": [
                [
                    377.888822555542,
                    56.60550594329834
                ],
                [
                    321.7048645019531,
                    78.2957673072815
                ],
                [
                    345.1059818267822,
                    133.56084823608398
                ],
                [
                    401.93729400634766,
                    111.580491065979
                ],
                [
                    401.15818977355957,
                    30.123400688171387
                ],
                [
                    337.00363636016846,
                    54.87844944000244
                ],
                [
                    363.9826536178589,
                    117.79000759124756
                ],
                [
                    428.9827346801758,
                    92.65633821487427
                ],
                [
                    371.4456558227539,
                    84.9542498588562
                ]
            ],
            "provenance": "nvisii",
            "quaternion_xyzw": [
                -0.6089084148406982,
                0.4193319082260132,
                0.5564499497413635,
                0.37915006279945374
            ],
            "quaternion_xyzw_world": [
                -0.18343821167945862,
                0.046320121735334396,
                -0.006138336379081011,
                0.9819201827049255
            ],
            "segmentation_id": 2,
            "visibility": 1
        },
        {
            "bounding_box_minx_maxx_miny_maxy": [
                53,
                113,
                142,
                246
            ],
            "class": "Green",
            "local_cuboid": null,