{
    "camera_data": {
        "camera_look_at": {
            "at": [
                1.0,
                0.0,
                0.0
            ],
            "eye": [
                0.0,
                0.0,
                0.0
            ],
            "up": [
                0.0,
                0.0,
                1.0
            ]
        },
        "camera_view_matrix": [
            [
                0.0,
                0.0,
                -1.0,
                0.0
            ],
            [
                -1.0,
                0.0,
                0.0,
                0.0
            ],
            [
                0.0,
                1.0,
                0.0,
                0.0
            ],
            [
                0.0,
                0.0,
                0.0,
                1.0
            ]
        ],
        "height": 400,
        "intrinsics": {
            "cx": 200.0,
            "cy": 200.0,
            "fx": 482.84283447265625,
            "fy": 482.84283447265625
        },
        "location_world": [
            0.0,
            0.0,
            0.0
        ],
        "quaternion_world_xyzw": [
            0.5,
            -0.5,
            -0.5,
            0.5
        ],
        "width": 400
    },
    "objects": [
        {
            "bounding_box_minx_maxx_miny_maxy": [
                0,
                399,
                1,
                400
            ],
            "class": "Cube",
            "local_cuboid": null,
            "local_to_world_matrix": [
                [
                    0.11010515689849854,
                    0.9927473068237305,
                    -0.048266589641571045,
                    0.0
                ],
                [
                    -0.22691240906715393,
                    0.07238686084747314,
                    0.9712213277816772,
                    0.0
                ],
                [
                    0.9676712155342102,
                    -0.09598419070243835,
                    0.2332369089126587,
                    0.0
                ],
                [
                    -1.1627649068832397,
                    -2.7859573364257812,
                    -4.69741678237915,
                    1.0
                ]
            ],
            "location": [
                2.7859573364257812,
                -4.69741678237915,
                1.1627649068832397
            ],
            "location_world": [
                -1.1627649068832397,
                -2.7859573364257812,
                -4.69741678237915
            ],
            "name": "distract_Cube_0",
            "projected_cuboid": [
                [
                    -167.692232131958,
                    201.3702154159546
                ],
                [
                    -577.7269840240479,
                    -1421.7790603637695
                ],
                [
                    598.9846229553223,
                    723.7847328186035
                ],
                [
                    721.9458103179932,
                    -50.69394111633301
                ],
                [
                    914.4928932189941,
                    144.27337646484375
                ],
                [
                    1626.5033721923828,
                    -2551.9824981689453
                ],
                [
                    -64.17644023895264,
                    680.231237411499
                ],
                [
                    -232.9880714416504,
                    39.86642360687256
                ],
                [
                    131.03816509246826,
                    1583.2874298095703
                ]
            ],
            "provenance": "nvisii",
            "quaternion_xyzw": [
                -0.030424445867538452,
                0.991418182849884,
                0.11603307723999023,
                0.05196830630302429
            ],
            "quaternion_xyzw_world": [
                0.44846445322036743,
                0.4269205927848816,
                0.5125292539596558,
                0.5949220061302185
            ],
            "segmentation_id": 1,
            "visibility": 1
        },
        {
            "bounding_box_minx_maxx_miny_maxy": [
                -1,
                -1,
                -1,
                -1
            ],
            "class": "Cube",
            "local_cuboid": null,
            "local_to_world_matrix": [
                [
                    -0.9676663875579834,
                    -0.07580788433551788,
                    -0.24057231843471527,
                    0.0
                ],
                [
                    -0.24425791203975677,
                    0.04368317127227783,
                    0.968725860118866,
                    0.0
                ],
                [
                    -0.06292809545993805,
                    0.9961650967597961,
                    -0.06078743934631348,
                    0.0
                ],
                [
                    3.9158568382263184,
                    -5.7204108238220215,
                    -5.230321407318115,
                    1.0
                ]
            ],
            "location": [
                5.7204108238220215,
                -5.230321407318115,
                -3.9158568382263184
            ],
            "location_world": [
                3.9158568382263184,
                -5.7204108238220215,
                -5.230321407318115
            ],
            "name": "distract_Cube_1",
            "projected_cuboid": [
                [
                    582.0603370666504,
                    -82.07955360412598
                ],
                [
                    476.0340690612793,
                    705.666446685791
                ],
                [
                    -273.7855911254883,
                    804.599666595459
                ],
                [
                    -639.5583152770996,
                    -51.06775760650635
                ],
                [
                    -183.5714340209961,
                    213.38746547698975
                ],
                [
                    -584.308671951294,
                    -1408.213233947754
                ],
                [
                    933.7579727172852,
                    -1202.546501159668
                ],
                [
                    667.3659324645996,
                    162.52410411834717
                ],
                [
                    -820.1614379882812,
                    4385.233688354492
                ]
            ],
            "provenance": "nvisii",
            "quaternion_xyzw": [
                -0.10506412386894226,
                0.6763855814933777,
                0.06781284511089325,
                -0.7258549928665161
            ],
            "quaternion_xyzw_world": [
                -0.11117319017648697,
                0.719745934009552,
                0.6824946403503418,
                0.061703793704509735
            ],
            "segmentation_id": 2,
            "visibility": 0
        },
        {
            "bounding_box_minx_maxx_miny_maxy": [
                -1,
                -1,
                -1,
                -1
            ],
            "class": "Green",
            "local_cuboid": null,