{
    "camera_data": {
        "camera_look_at": {
            "at": [
                1.0,
                0.0,
                0.0
            ],
            "eye": [
                0.0,
                0.0,
                0.0
            ],
            "up": [
                0.0,
                0.0,
                1.0
            ]
        },
        "camera_view_matrix": [
            [
                0.0,
                0.0,
                -1.0,
                0.0
            ],
            [
                -1.0,
                0.0,
                0.0,
                0.0
            ],
            [
                0.0,
                1.0,
                0.0,
                0.0
            ],
            [
                0.0,
                0.0,
                0.0,
                1.0
            ]
        ],
        "height": 500,
        "intrinsics": {
            "cx": 250.0,
            "cy": 250.0,
            "fx": 603.5535278320312,
            "fy": 603.5535278320312
        },
        "location_world": [
            0.0,
            0.0,
            0.0
        ],
        "quaternion_world_xyzw": [
            0.5,
            -0.5,
            -0.5,
            0.5
        ],
        "width": 500
    },
    "objects": [
        {
            "bounding_box_minx_maxx_miny_maxy": [
                13,
                304,
                1,
                147
            ],
            "class": "Cube",
            "local_cuboid": null,
            "local_to_world_matrix": [
                [
                    -0.003347282065078616,
                    -0.00474532088264823,
                    0.003908662591129541,
                    0.0
                ],
                [
                    0.005876786075532436,
                    -0.003776633646339178,
                    0.00044770343811251223,
                    0.0
                ],
                [
                    0.0018052979139611125,
                    0.0034955658484250307,
                    0.005789812188595533,
                    0.0
                ],
                [
                    1.1058356761932373,
                    0.2795083224773407,
                    0.4662661850452423,
                    1.0
                ]
            ],
            "location": [
                -0.2795083224773407,
                0.4662661850452423,
                -1.1058356761932373
            ],
            "location_world": [
                1.1058356761932373,
                0.2795083224773407,
                0.4662661850452423
            ],
            "name": "hope_Cube_0",
            "projected_cuboid": [
                [
                    109.60568487644196,
                    -150.78777074813843
                ],
                [
                    223.6461192369461,
                    -74.19198751449585
                ],
                [
                    304.7795295715332,
                    40.26584327220917
                ],
                [
                    204.60398495197296,
                    -8.98328423500061
                ],
                [
                    12.650489807128906,
                    -0.9220242500305176
                ],
                [
                    132.84273445606232,
                    38.476407527923584
                ],
                [
                    198.8358050584793,
                    146.6861516237259
                ],
                [
                    86.10795438289642,
                    131.96471333503723
                ],
                [
                    160.8259677886963,
                    19.969508051872253
                ]
            ],
            "provenance": "nvisii",
            "quaternion_xyzw": [
                0.6840769648551941,
                0.40123385190963745,
                -0.007741622626781464,
                -0.6090896725654602
            ],
            "quaternion_xyzw_world": [
                0.2419813722372055,
                0.1669940948486328,
                0.8433294296264648,
                -0.44983720779418945
            ],
            "segmentation_id": 1,
            "visibility": 1
        },
        {
            "bounding_box_minx_maxx_miny_maxy": [
                352,
                499,
                42,
                256
            ],
            "class": "Cube",
            "local_cuboid": null,
            "local_to_world_matrix": [
                [
                    -0.0049173347651958466,
                    0.0035099140368402004,
                    -0.0035355801228433847,
                    0.0
                ],
                [
                    -0.004549926146864891,
                    -0.0011404684046283364,
                    0.005195912439376116,
                    0.0
                ],
                [
                    0.002029283670708537,
                    0.005948095116764307,
                    0.0030825594440102577,
                    0.0
                ],
                [
                    1.717661738395691,
                    -0.513906717300415,
                    0.15047097206115723,
                    1.0
                ]
            ],
            "location": [
                0.513906717300415,
                0.15047097206115723,
                -1.717661738395691
            ],
            "location_world": [
                1.717661738395691,
                -0.513906717300415,
                0.15047097206115723
            ],
            "name": "hope_Cube_1",
            "projected_cuboid": [
                [
                    351.7707884311676,
                    198.9615559577942
                ],
                [
                    392.37070083618164,
                    80.19155263900757
                ],
                [
                    539.6895408630371,
                    137.76463270187378
                ],
                [
                    474.7152626514435,
                    255.85666298866272
                ],
                [
                    394.54448223114014,
                    149.18331801891327
                ],
                [
                    434.99332666397095,
                    41.15794599056244
                ],
                [
                    561.8969202041626,
                    87.13594079017639
                ],
                [
                    503.0252933502197,
                    195.4411417245865
                ],
                [
                    454.11235094070435,
                    144.4971114397049
                ]
            ],
            "provenance": "nvisii",
            "quaternion_xyzw": [
                -0.1074804961681366,
                0.7958623170852661,
                0.3425074815750122,
                -0.4875856935977936
            ],
            "quaternion_xyzw_world": [
                -0.07085568457841873,
                0.524210512638092,
                0.7592374682426453,
                0.3791322708129883
            ],
            "segmentation_id": 2,
            "visibility": 1
        },
        {
            "bounding_box_minx_maxx_miny_maxy": [
                43,
                265,
                363,
                500
            ],
            "class": "Cube",
            "local_cuboid": null,