{
    "camera_data": {
        "camera_look_at": {
            "at": [
                1.0,
                0.0,
                0.0
            ],
            "eye": [
                0.0,
                0.0,
                0.0
            ],
            "up": [
                0.0,
                0.0,
                1.0
            ]
        },
        "camera_view_matrix": [
            [
                0.0,
                0.0,
                -1.0,
                0.0
            ],
            [
                -1.0,
                0.0,
                0.0,
                0.0
            ],
            [
                0.0,
                1.0,
                0.0,
                0.0
            ],
            [
                0.0,
                0.0,
                0.0,
                1.0
            ]
        ],
        "height": 500,
        "intrinsics": {
            "cx": 250.0,
            "cy": 250.0,
            "fx": 603.5535278320312,
            "fy": 603.5535278320312
        },
        "location_world": [
            0.0,
            0.0,
            0.0
        ],
        "quaternion_world_xyzw": [
            0.5,
            -0.5,
            -0.5,
            0.5
        ],
        "width": 500
    },
    "objects": [
        {
            "bounding_box_minx_maxx_miny_maxy": [
                106,
                230,
                412,
                500
            ],
            "class": "Cube",
            "local_cuboid": null,
            "local_to_world_matrix": [
                [
                    -0.004697312135249376,
                    0.0013723454903811216,
                    -0.001025637611746788,
                    0.0
                ],
                [
                    -0.0011557347606867552,
                    -0.00032858431222848594,
                    0.004853484686464071,
                    0.0
                ],
                [
                    0.001264729886315763,
                    0.004796738736331463,
                    0.0006259054061956704,
                    0.0
                ],
                [
                    1.6533397436141968,
                    0.22211386263370514,
                    -0.7477485537528992,
                    1.0
                ]
            ],
            "location": [
                -0.22211386263370514,
                -0.7477485537528992,
                -1.6533397436141968
            ],
            "location_world": [
                1.6533397436141968,
                0.22211386263370514,
                -0.7477485537528992
            ],
            "name": "hope_Cube_0",
            "projected_cuboid": [
                [
                    105.09516298770905,
                    541.7578220367432
                ],
                [
                    106.11677169799805,
                    455.9103846549988
                ],
                [
                    199.89870488643646,
                    477.9701232910156
                ],
                [
                    195.2315717935562,
                    566.5789246559143
                ],
                [
                    146.9547599554062,
                    486.5671396255493
                ],
                [
                    149.2253541946411,
                    410.44872999191284
                ],
                [
                    231.52847588062286,
                    427.7172088623047
                ],
                [
                    226.4406681060791,
                    506.02948665618896
                ],
                [
                    170.52698135375977,
                    482.73950815200806
                ]
            ],
            "provenance": "nvisii",
            "quaternion_xyzw": [
                -0.04410219192504883,
                0.7902708649635315,
                0.11272341758012772,
                -0.600683331489563
            ],
            "quaternion_xyzw_world": [
                0.016380954533815384,
                0.6611664891242981,
                0.7297877073287964,
                0.17320656776428223
            ],
            "segmentation_id": 1,
            "visibility": 1
        },
        {
            "bounding_box_minx_maxx_miny_maxy": [
                394,
                499,
                414,
                500
            ],
            "class": "Cube",
            "local_cuboid": null,
            "local_to_world_matrix": [
                [
                    0.004447810351848602,
                    0.0016752865631133318,
                    0.0015525452326983213,
                    0.0
                ],
                [
                    0.0018714993493631482,
                    -0.004621361382305622,
                    -0.0003748491290025413,
                    0.0
                ],
                [
                    0.0013093785382807255,
                    0.0009145690128207207,
                    -0.00473804771900177,
                    0.0
                ],
                [
                    1.6941345930099487,
                    -0.5042250752449036,
                    -0.643010139465332,
                    1.0
                ]
            ],
            "location": [
                0.5042250752449036,
                -0.643010139465332,
                -1.6941345930099487
            ],
            "location_world": [
                1.6941345930099487,
                -0.5042250752449036,
                -0.643010139465332
            ],
            "name": "hope_Cube_1",
            "projected_cuboid": [
                [
                    394.308865070343,
                    487.29121685028076
                ],
                [
                    459.51682329177856,
                    481.65228962898254
                ],
                [
                    481.6564917564392,
                    413.1605625152588
                ],
                [
                    415.2088761329651,
                    415.3921604156494
                ],
                [
                    445.46347856521606,
                    548.9519238471985
                ],
                [
                    516.3551568984985,
                    539.2035245895386
                ],
                [
                    543.7538623809814,
                    463.7376070022583
                ],
                [
                    471.52218222618103,
                    469.34235095977783
                ],
                [
                    464.8619294166565,
                    476.1715531349182
                ]
            ],
            "provenance": "nvisii",
            "quaternion_xyzw": [
                0.5004469156265259,
                0.6168394088745117,
                -0.5357591509819031,
                0.28639882802963257
            ],
            "quaternion_xyzw_world": [
                0.9697220921516418,
                0.18287640810012817,
                0.1475641280412674,
                -0.06648389995098114
            ],
            "segmentation_id": 2,
            "visibility": 1
        },
        {
            "bounding_box_minx_maxx_miny_maxy": [
                19,
                120,
                429,
                500
            ],
            "class": "Cube",
            "local_cuboid": null,