{
    "camera_data": {
        "camera_look_at": {
            "at": [
                1.0,
                0.0,
                0.0
            ],
            "eye": [
                0.0,
                0.0,
                0.0
            ],
            "up": [
                0.0,
                0.0,
                1.0
            ]
        },
        "camera_view_matrix": [
            [
                0.0,
                0.0,
                -1.0,
                0.0
            ],
            [
                -1.0,
                0.0,
                0.0,
                0.0
            ],
            [
                0.0,
                1.0,
                0.0,
                0.0
            ],
            [
                0.0,
                0.0,
                0.0,
                1.0
            ]
        ],
        "height": 400,
        "intrinsics": {
            "cx": 200.0,
            "cy": 200.0,
            "fx": 482.84283447265625,
            "fy": 482.84283447265625
        },
        "location_world": [
            0.0,
            0.0,
            0.0
        ],
        "quaternion_world_xyzw": [
            0.5,
            -0.5,
            -0.5,
            0.5
        ],
        "width": 400
    },
    "objects": [
        {
            "bounding_box_minx_maxx_miny_maxy": [
                17,
                108,
                347,
                400
            ],
            "class": "Cube",
            "local_cuboid": null,
            "local_to_world_matrix": [
                [
                    0.0010633539641276002,
                    -0.004746891092509031,
                    -0.0011559849372133613,
                    0.0
                ],
                [
                    -0.002150120912119746,
                    0.0006076368736103177,
                    -0.004473003093153238,
                    0.0
                ],
                [
                    0.0043870555236935616,
                    0.0014483785489574075,
                    -0.0019120513461530209,
                    0.0
                ],
                [
                    1.6888424158096313,
                    0.45754706859588623,
                    -0.5402930378913879,
                    1.0
                ]
            ],
            "location": [
                -0.45754706859588623,
                -0.5402930378913879,
                -1.6888424158096313
            ],
            "location_world": [
                1.6888424158096313,
                0.45754706859588623,
                -0.5402930378913879
            ],
            "name": "hope_Cube_0",
            "projected_cuboid": [
                [
                    100.76899528503418,
                    363.2297992706299
                ],
                [
                    86.01722717285156,
                    436.3179683685303
                ],
                [
                    92.6680326461792,
                    440.1063919067383
                ],
                [
                    108.98969173431396,
                    356.7803621292114
                ],
                [
                    33.11640024185181,
                    352.3776054382324
                ],
                [
                    13.523733615875244,
                    427.09951400756836
                ],
                [
                    9.415185451507568,
                    429.62803840637207
                ],
                [
                    32.0604681968689,
                    344.17409896850586
                ],
                [
                    60.400187969207764,
                    392.5708293914795
                ]
            ],
            "provenance": "nvisii",
            "quaternion_xyzw": [
                0.9645451903343201,
                -0.09142245352268219,
                -0.13020294904708862,
                0.21057449281215668
            ],
            "quaternion_xyzw_world": [
                0.6069501042366028,
                -0.5681695938110352,
                0.2661726772785187,
                -0.4877980649471283
            ],
            "segmentation_id": 1,
            "visibility": 1
        },
        {
            "bounding_box_minx_maxx_miny_maxy": [
                171,
                315,
                123,
                255
            ],
            "class": "Cube",
            "local_cuboid": null,
            "local_to_world_matrix": [
                [
                    0.0022445162758231163,
                    0.002689124085009098,
                    -0.003568018553778529,
                    0.0
                ],
                [
                    0.0012624099617823958,
                    0.003448539413511753,
                    0.003393213264644146,
                    0.0
                ],
                [
                    0.004285844974219799,
                    -0.0024240848142653704,
                    0.0008691051625646651,
                    0.0
                ],
                [
                    1.31777024269104,
                    -0.22137698531150818,
                    -0.032690152525901794,
                    1.0
                ]
            ],
            "location": [
                0.22137698531150818,
                -0.032690152525901794,
                -1.31777024269104
            ],
            "location_world": [
                1.31777024269104,
                -0.22137698531150818,
                -0.032690152525901794
            ],
            "name": "hope_Cube_1",
            "projected_cuboid": [
                [
                    270.01280784606934,
                    232.6550006866455
                ],
                [
                    213.23437690734863,
                    178.26865911483765
                ],
                [
                    171.3602900505066,
                    190.54455757141113
                ],
                [
                    235.65726280212402,
                    254.74305152893066
                ],
                [
                    323.18220138549805,
                    172.40171432495117
                ],
                [
                    259.61005687713623,
                    116.40892028808594
                ],
                [
                    222.03824520111084,
                    118.92948150634766
                ],
                [
                    295.35603523254395,
                    185.4530930519104
                ],
                [
                    248.36676120758057,
                    181.34222030639648
                ]
            ],
            "provenance": "nvisii",
            "quaternion_xyzw": [
                -0.4002191424369812,
                0.8765894770622253,
                -0.022433817386627197,
                0.266293466091156
            ],
            "quaternion_xyzw_world": [
                0.38254880905151367,
                0.5164744853973389,
                0.09382152557373047,
                0.7603341341018677
            ],
            "segmentation_id": 2,
            "visibility": 1
        },
        {
            "bounding_box_minx_maxx_miny_maxy": [
                0,
                97,
                218,
                366
            ],
            "class": "Cube",
            "local_cuboid": null,