{
    "camera_data": {
        "camera_look_at": {
            "at": [
                1.0,
                0.0,
                0.0
            ],
            "eye": [
                0.0,
                0.0,
                0.0
            ],
            "up": [
                0.0,
                0.0,
                1.0
            ]
        },
        "camera_view_matrix": [
            [
                0.0,
                0.0,
                -1.0,
                0.0
            ],
            [
                -1.0,
                0.0,
                0.0,
                0.0
            ],
            [
                0.0,
                1.0,
                0.0,
                0.0
            ],
            [
                0.0,
                0.0,
                0.0,
                1.0
            ]
        ],
        "height": 400,
        "intrinsics": {
            "cx": 200.0,
            "cy": 200.0,
            "fx": 482.84283447265625,
            "fy": 482.84283447265625
        },
        "location_world": [
            0.0,
            0.0,
            0.0
        ],
        "quaternion_world_xyzw": [
            0.5,
            -0.5,
            -0.5,
            0.5
        ],
        "width": 400
    },
    "objects": [
        {
            "bounding_box_minx_maxx_miny_maxy": [
                0,
                84,
                333,
                400
            ],
            "class": "Cube",
            "local_cuboid": null,
            "local_to_world_matrix": [
                [
                    0.00175707065500319,
                    0.003973835613578558,
                    0.002474133623763919,
                    0.0
                ],
                [
                    0.0005020786775276065,
                    -0.0027874235529452562,
                    0.00412046117708087,
                    0.0
                ],
                [
                    0.0046540978364646435,
                    -0.0011995469685643911,
                    -0.0013785767368972301,
                    0.0
                ],
                [
                    1.7276935577392578,
                    0.7010611891746521,
                    -0.7605806589126587,
                    1.0
                ]
            ],
            "location": [
                -0.7010611891746521,
                -0.7605806589126587,
                -1.7276935577392578
            ],
            "location_world": [
                1.7276935577392578,
                0.7010611891746521,
                -0.7605806589126587
            ],
            "name": "hope_Cube_0",
            "projected_cuboid": [
                [
                    2.968001365661621,
                    387.51139640808105
                ],
                [
                    40.729546546936035,
                    333.05249214172363
                ],
                [
                    1.4390230178833008,
                    331.67195320129395
                ],
                [
                    -42.22705364227295,
                    393.7659978866577
                ],
                [
                    46.64674997329712,
                    429.8443794250488
                ],
                [
                    85.62508821487427,
                    372.18194007873535
                ],
                [
                    50.72734355926514,
                    376.4430046081543
                ],
                [
                    5.403196811676025,
                    442.734432220459
                ],
                [
                    24.82057809829712,
                    382.4470043182373
                ]
            ],
            "provenance": "nvisii",
            "quaternion_xyzw": [
                0.27926701307296753,
                0.9420296549797058,
                -0.09981930255889893,
                0.1569281369447708
            ],
            "quaternion_xyzw_world": [
                0.7390220165252686,
                0.3028268814086914,
                0.4822746217250824,
                0.3599357008934021
            ],
            "segmentation_id": 1,
            "visibility": 1
        },
        {
            "bounding_box_minx_maxx_miny_maxy": [
                0,
                59,
                341,
                400
            ],
            "class": "Cube",
            "local_cuboid": null,
            "local_to_world_matrix": [
                [
                    0.0013216480147093534,
                    0.004687447566539049,
                    -0.0011318481992930174,
                    0.0
                ],
                [
                    0.001405773451551795,
                    0.0007480856729671359,
                    0.004739637952297926,
                    0.0
                ],
                [
                    0.0046127052046358585,
                    -0.0015710513107478619,
                    -0.0011201566085219383,
                    0.0
                ],
                [
                    1.3674527406692505,
                    0.572874903678894,
                    -0.6784364581108093,
                    1.0
                ]
            ],
            "location": [
                -0.572874903678894,
                -0.6784364581108093,
                -1.3674527406692505
            ],
            "location_world": [
                1.3674527406692505,
                0.572874903678894,
                -0.6784364581108093
            ],
            "name": "hope_Cube_1",
            "projected_cuboid": [
                [
                    -7.299280166625977,
                    434.0411186218262
                ],
                [
                    -9.499478340148926,
                    351.52721405029297
                ],
                [
                    -73.12812805175781,
                    357.3587894439697
                ],
                [
                    -74.0131139755249,
                    454.9994468688965
                ],
                [
                    61.31085157394409,
                    425.8607864379883
                ],
                [
                    55.84237575531006,
                    340.1378631591797
                ],
                [
                    0.6405115127563477,
                    344.23110485076904
                ],
                [
                    3.960752487182617,
                    446.4076519012451
                ],
                [
                    -3.6498308181762695,
                    392.7607536315918
                ]
            ],
            "provenance": "nvisii",
            "quaternion_xyzw": [
                -0.09633776545524597,
                0.9756995439529419,
                -0.1294420063495636,
                0.1482371687889099
            ],
            "quaternion_xyzw_world": [
                0.5785204768180847,
                0.5266210436820984,
                0.3008412718772888,
                0.5454162359237671
            ],
            "segmentation_id": 2,
            "visibility": 1
        },
        {
            "bounding_box_minx_maxx_miny_maxy": [
                212,
                327,
                314,
                400
            ],
            "class": "Cube",
            "local_cuboid": null,