{
    "camera_data": {
        "camera_look_at": {
            "at": [
                1.0,
                0.0,
                0.0
            ],
            "eye": [
                0.0,
                0.0,
                0.0
            ],
            "up": [
                0.0,
                0.0,
                1.0
            ]
        },
        "camera_view_matrix": [
            [
                0.0,
                0.0,
                -1.0,
                0.0
            ],
            [
                -1.0,
                0.0,
                0.0,
                0.0
            ],
            [
                0.0,
                1.0,
                0.0,
                0.0
            ],
            [
                0.0,
                0.0,
                0.0,
                1.0
            ]
        ],
        "height": 400,
        "intrinsics": {
            "cx": 200.0,
            "cy": 200.0,
            "fx": 482.84283447265625,
            "fy": 482.84283447265625
        },
        "location_world": [
            0.0,
            0.0,
            0.0
        ],
        "quaternion_world_xyzw": [
            0.5,
            -0.5,
            -0.5,
            0.5
        ],
        "width": 400
    },
    "objects": [
        {
            "bounding_box_minx_maxx_miny_maxy": [
                0,
                58,
                282,
                356
            ],
            "class": "Cube",
            "local_cuboid": null,
            "local_to_world_matrix": [
                [
                    -0.004781023599207401,
                    -0.0012058663414791226,
                    -0.0008292736019939184,
                    0.0
                ],
                [
                    0.0014101993292570114,
                    -0.004553545732051134,
                    -0.0015088256914168596,
                    0.0
                ],
                [
                    -0.0003913386899512261,
                    -0.0016766345361247659,
                    0.004694225266575813,
                    0.0
                ],
                [
                    1.7852568626403809,
                    0.8128920793533325,
                    -0.45313894748687744,
                    1.0
                ]
            ],
            "location": [
                -0.8128920793533325,
                -0.45313894748687744,
                -1.7852568626403809
            ],
            "location_world": [
                1.7852568626403809,
                0.8128920793533325,
                -0.45313894748687744
            ],
            "name": "hope_Cube_0",
            "projected_cuboid": [
                [
                    -16.011834144592285,
                    303.9530277252197
                ],
                [
                    56.48537874221802,
                    320.806360244751
                ],
                [
                    34.91102457046509,
                    384.3592166900635
                ],
                [
                    -37.647438049316406,
                    370.37715911865234
                ],
                [
                    -4.124855995178223,
                    280.2746295928955
                ],
                [
                    59.12855863571167,
                    295.92764377593994
                ],
                [
                    40.12620449066162,
                    352.0724296569824
                ],
                [
                    -23.180580139160156,
                    338.64707946777344
                ],
                [
                    14.594483375549316,
                    330.18760681152344
                ]
            ],
            "provenance": "nvisii",
            "quaternion_xyzw": [
                0.605117917060852,
                0.30773115158081055,
                0.5335868000984192,
                -0.5043995976448059
            ],
            "quaternion_xyzw_world": [
                -0.06256869435310364,
                -0.1632869839668274,
                0.9754177331924438,
                -0.13409976661205292
            ],
            "segmentation_id": 1,
            "visibility": 1
        },
        {
            "bounding_box_minx_maxx_miny_maxy": [
                0,
                103,
                330,
                400
            ],
            "class": "Cube",
            "local_cuboid": null,
            "local_to_world_matrix": [
                [
                    0.0039741359651088715,
                    -0.002574543934315443,
                    0.0016056046588346362,
                    0.0
                ],
                [
                    -0.002618430182337761,
                    -0.004246857017278671,
                    -0.0003286752908024937,
                    0.0
                ],
                [
                    0.0015329925809055567,
                    -0.0005795926554128528,
                    -0.004723770543932915,
                    0.0
                ],
                [
                    1.6276860237121582,
                    0.6107274889945984,
                    -0.6099139451980591,
                    1.0
                ]
            ],
            "location": [
                -0.6107274889945984,
                -0.6099139451980591,
                -1.6276860237121582
            ],
            "location_world": [
                1.6276860237121582,
                0.6107274889945984,
                -0.6099139451980591
            ],
            "name": "hope_Cube_1",
            "projected_cuboid": [
                [
                    54.52772378921509,
                    388.1380558013916
                ],
                [
                    105.60488700866699,
                    408.0630302429199
                ],
                [
                    91.97796583175659,
                    345.0932025909424
                ],
                [
                    39.63885307312012,
                    329.1457414627075
                ],
                [
                    -3.5969018936157227,
                    436.74283027648926
                ],
                [
                    49.24919605255127,
                    463.8575553894043
                ],
                [
                    30.451571941375732,
                    394.82789039611816
                ],
                [
                    -23.461389541625977,
                    372.3836421966553
                ],
                [
                    44.05500888824463,
                    391.048002243042
                ]
            ],
            "provenance": "nvisii",
            "quaternion_xyzw": [
                0.6868846416473389,
                0.42601490020751953,
                -0.24709704518318176,
                0.5344565510749817
            ],
            "quaternion_xyzw_world": [
                0.9472265839576721,
                -0.2741146683692932,
                0.16567298769950867,
                0.013244843110442162
            ],
            "segmentation_id": 2,
            "visibility": 1
        },
        {
            "bounding_box_minx_maxx_miny_maxy": [
                339,
                399,
                129,
                220
            ],
            "class": "Cube",
            "local_cuboid": null,