{
    "camera_data": {
        "camera_look_at": {
            "at": [
                1.0,
                0.0,
                0.0
            ],
            "eye": [
                0.0,
                0.0,
                0.0
            ],
            "up": [
                0.0,
                0.0,
                1.0
            ]
        },
        "camera_view_matrix": [
            [
                0.0,
                0.0,
                -1.0,
                0.0
            ],
            [
                -1.0,
                0.0,
                0.0,
                0.0
            ],
            [
                0.0,
                1.0,
                0.0,
                0.0
            ],
            [
                0.0,
                0.0,
                0.0,
                1.0
            ]
        ],
        "height": 400,
        "intrinsics": {
            "cx": 200.0,
            "cy": 200.0,
            "fx": 482.84283447265625,
            "fy": 482.84283447265625
        },
        "location_world": [
            0.0,
            0.0,
            0.0
        ],
        "quaternion_world_xyzw": [
            0.5,
            -0.5,
            -0.5,
            0.5
        ],
        "width": 400
    },
    "objects": [
        {
            "bounding_box_minx_maxx_miny_maxy": [
                0,
                86,
                132,
                233
            ],
            "class": "Cube",
            "local_cuboid": null,
            "local_to_world_matrix": [
                [
                    -0.0013625454157590866,
                    -0.0042116413824260235,
                    0.002324983011931181,
                    0.0
                ],
                [
                    0.004713813774287701,
                    -0.0016515004681423306,
                    -0.00022913821157999337,
                    0.0
                ],
                [
                    0.0009609517874196172,
                    0.002129465341567993,
                    0.004420627374202013,
                    0.0
                ],
                [
                    1.5965635776519775,
                    0.6549976468086243,
                    0.057828549295663834,
                    1.0
                ]
            ],
            "location": [
                -0.6549976468086243,
                0.057828549295663834,
                -1.5965635776519775
            ],
            "location_world": [
                1.5965635776519775,
                0.6549976468086243,
                0.057828549295663834
            ],
            "name": "hope_Cube_0",
            "projected_cuboid": [
                [
                    16.50015115737915,
                    131.07645511627197
                ],
                [
                    62.11494207382202,
                    143.02701950073242
                ],
                [
                    87.35769987106323,
                    201.63822174072266
                ],
                [
                    44.185447692871094,
                    198.29349517822266
                ],
                [
                    -37.39440441131592,
                    167.83684492111206
                ],
                [
                    13.296115398406982,
                    174.77339506149292
                ],
                [
                    36.33216619491577,
                    232.0451259613037
                ],
                [
                    -12.494874000549316,
                    233.30295085906982
                ],
                [
                    27.155816555023193,
                    185.32662391662598
                ]
            ],
            "provenance": "nvisii",
            "quaternion_xyzw": [
                -0.7211703062057495,
                -0.27569660544395447,
                0.05317189544439316,
                0.6333068609237671
            ],
            "quaternion_xyzw_world": [
                -0.20836596190929413,
                -0.1205025315284729,
                -0.7885009050369263,
                0.5659762024879456
            ],
            "segmentation_id": 1,
            "visibility": 1
        },
        {
            "bounding_box_minx_maxx_miny_maxy": [
                0,
                94,
                323,
                400
            ],
            "class": "Cube",
            "local_cuboid": null,
            "local_to_world_matrix": [
                [
                    -0.0012262111995369196,
                    -0.0017052016919478774,
                    0.004537476692348719,
                    0.0
                ],
                [
                    -0.004801308270543814,
                    -0.0002160060394089669,
                    -0.0013786853523924947,
                    0.0
                ],
                [
                    0.0006662121159024537,
                    -0.0046952771954238415,
                    -0.0015844666631892323,
                    0.0
                ],
                [
                    1.8214869499206543,
                    0.553758442401886,
                    -0.6008526682853699,
                    1.0
                ]
            ],
            "location": [
                -0.553758442401886,
                -0.6008526682853699,
                -1.8214869499206543
            ],
            "location_world": [
                1.8214869499206543,
                0.553758442401886,
                -0.6008526682853699
            ],
            "name": "hope_Cube_1",
            "projected_cuboid": [
                [
                    94.8165774345398,
                    340.787410736084
                ],
                [
                    82.03377723693848,
                    383.58545303344727
                ],
                [
                    5.583298206329346,
                    362.6370906829834
                ],
                [
                    28.950655460357666,
                    321.8700647354126
                ],
                [
                    76.23864412307739,
                    394.78611946105957
                ],
                [
                    61.1987829208374,
                    443.93224716186523
                ],
                [
                    -12.7488374710083,
                    425.048828125
                ],
                [
                    12.235677242279053,
                    377.4806022644043
                ],
                [
                    44.38554048538208,
                    380.29260635375977
                ]
            ],
            "provenance": "nvisii",
            "quaternion_xyzw": [
                -0.6614415645599365,
                -0.359327495098114,
                -0.44761988520622253,
                -0.48271650075912476
            ],
            "quaternion_xyzw_world": [
                -0.5279328227043152,
                0.6162252426147461,
                -0.49283623695373535,
                -0.3141111433506012
            ],
            "segmentation_id": 2,
            "visibility": 1
        },
        {
            "bounding_box_minx_maxx_miny_maxy": [
                328,
                399,
                41,
                157
            ],
            "class": "Cube",
            "local_cuboid": null,