{
    "camera_data": {
        "camera_look_at": {
            "at": [
                1.0,
                0.0,
                0.0
            ],
            "eye": [
                0.0,
                0.0,
                0.0
            ],
            "up": [
                0.0,
                0.0,
                1.0
            ]
        },
        "camera_view_matrix": [
            [
                0.0,
                0.0,
                -1.0,
                0.0
            ],
            [
                -1.0,
                0.0,
                0.0,
                0.0
            ],
            [
                0.0,
                1.0,
                0.0,
                0.0
            ],
            [
                0.0,
                0.0,
                0.0,
                1.0
            ]
        ],
        "height": 400,
        "intrinsics": {
            "cx": 200.0,
            "cy": 200.0,
            "fx": 482.84283447265625,
            "fy": 482.84283447265625
        },
        "location_world": [
            0.0,
            0.0,
            0.0
        ],
        "quaternion_world_xyzw": [
            0.5,
            -0.5,
            -0.5,
            0.5
        ],
        "width": 400
    },
    "objects": [
        {
            "bounding_box_minx_maxx_miny_maxy": [
                32,
                175,
                1,
                35
            ],
            "class": "Cube",
            "local_cuboid": null,
            "local_to_world_matrix": [
                [
                    0.0034292275086045265,
                    -0.003634834196418524,
                    0.00016846135258674622,
                    0.0
                ],
                [
                    0.00022364422329701483,
                    -2.0503997802734375e-05,
                    -0.004994953982532024,
                    0.0
                ],
                [
                    0.003631856292486191,
                    0.0034333013463765383,
                    0.00014851897140033543,
                    0.0
                ],
                [
                    1.171321153640747,
                    0.2370244413614273,
                    0.7047563195228577,
                    1.0
                ]
            ],
            "location": [
                -0.2370244413614273,
                0.7047563195228577,
                -1.171321153640747
            ],
            "location_world": [
                1.171321153640747,
                0.2370244413614273,
                0.7047563195228577
            ],
            "name": "hope_Cube_0",
            "projected_cuboid": [
                [
                    116.89510345458984,
                    -55.30533790588379
                ],
                [
                    117.94313192367554,
                    35.52687168121338
                ],
                [
                    175.68402290344238,
                    13.205885887145996
                ],
                [
                    175.02644062042236,
                    -91.98343753814697
                ],
                [
                    30.187225341796875,
                    -89.05951976776123
                ],
                [
                    32.203078269958496,
                    15.204882621765137
                ],
                [
                    84.30819511413574,
                    -14.58895206451416
                ],
                [
                    82.51008987426758,
                    -138.22102546691895
                ],
                [
                    102.96809673309326,
                    -37.90402412414551
                ]
            ],
            "provenance": "nvisii",
            "quaternion_xyzw": [
                -0.9290221929550171,
                -0.010170146822929382,
                0.36934149265289307,
                0.02002982795238495
            ],
            "quaternion_xyzw_world": [
                -0.6442520022392273,
                0.26474034786224365,
                -0.294940322637558,
                0.6541116833686829
            ],
            "segmentation_id": 1,
            "visibility": 1
        },
        {
            "bounding_box_minx_maxx_miny_maxy": [
                11,
                124,
                279,
                379
            ],
            "class": "Cube",
            "local_cuboid": null,
            "local_to_world_matrix": [
                [
                    0.0018448468763381243,
                    0.0027339160442352295,
                    0.003757957136258483,
                    0.0
                ],
                [
                    -0.004646230023354292,
                    0.001167992944829166,
                    0.0014312001876533031,
                    0.0
                ],
                [
                    -9.529724775347859e-05,
                    -0.0040201363153755665,
                    0.0029714342672377825,
                    0.0
                ],
                [
                    1.9488656520843506,
                    0.46350976824760437,
                    -0.5224593877792358,
                    1.0
                ]
            ],
            "location": [
                -0.46350976824760437,
                -0.5224593877792358,
                -1.9488656520843506
            ],
            "location_world": [
                1.9488656520843506,
                0.46350976824760437,
                -0.5224593877792358
            ],
            "name": "hope_Cube_1",
            "projected_cuboid": [
                [
                    95.47531604766846,
                    285.83481311798096
                ],
                [
                    65.66203832626343,
                    277.53400802612305
                ],
                [
                    11.038005352020264,
                    317.96746253967285
                ],
                [
                    47.13339805603027,
                    321.5456962585449
                ],
                [
                    125.13335943222046,
                    337.74213790893555
                ],
                [
                    97.80193567276001,
                    336.2115144729614
                ],
                [
                    40.074217319488525,
                    378.7073850631714
                ],
                [
                    74.3766188621521,
                    375.05221366882324
                ],
                [
                    70.191490650177,
                    328.21977138519287
                ]
            ],
            "provenance": "nvisii",
            "quaternion_xyzw": [
                0.19230011105537415,
                0.673417329788208,
                0.5655975937843323,
                0.43546420335769653
            ],
            "quaternion_xyzw_world": [
                0.3677920401096344,
                -0.2599722743034363,
                0.49792543053627014,
                0.7410895228385925
            ],
            "segmentation_id": 2,
            "visibility": 1
        },
        {
            "bounding_box_minx_maxx_miny_maxy": [
                324,
                399,
                1,
                73
            ],
            "class": "Cube",
            "local_cuboid": null,