{
    "camera_data": {
        "camera_look_at": {
            "at": [
                1.0,
                0.0,
                0.0
            ],
            "eye": [
                0.0,
                0.0,
                0.0
            ],
            "up": [
                0.0,
                0.0,
                1.0
            ]
        },
        "camera_view_matrix": [
            [
                0.0,
                0.0,
                -1.0,
                0.0
            ],
            [
                -1.0,
                0.0,
                0.0,
                0.0
            ],
            [
                0.0,
                1.0,
                0.0,
                0.0
            ],
            [
                0.0,
                0.0,
                0.0,
                1.0
            ]
        ],
        "height": 400,
        "intrinsics": {
            "cx": 200.0,
            "cy": 200.0,
            "fx": 482.84283447265625,
            "fy": 482.84283447265625
        },
        "location_world": [
            0.0,
            0.0,
            0.0
        ],
        "quaternion_world_xyzw": [
            0.5,
            -0.5,
            -0.5,
            0.5
        ],
        "width": 400
    },
    "objects": [
        {
            "bounding_box_minx_maxx_miny_maxy": [
                0,
                79,
                363,
                400
            ],
            "class": "Cube",
            "local_cuboid": null,
            "local_to_world_matrix": [
                [
                    0.004023157060146332,
                    0.0014318489702418447,
                    -0.002600772073492408,
                    0.0
                ],
                [
                    0.002863570349290967,
                    -0.0007152938633225858,
                    0.004035878926515579,
                    0.0
                ],
                [
                    0.000783690542448312,
                    -0.0047368938103318214,
                    -0.001395587925799191,
                    0.0
                ],
                [
                    0.6912899017333984,
                    0.3765830099582672,
                    -0.5121670365333557,
                    1.0
                ]
            ],
            "location": [
                -0.3765830099582672,
                -0.5121670365333557,
                -0.6912899017333984
            ],
            "location_world": [
                0.6912899017333984,
                0.3765830099582672,
                -0.5121670365333557
            ],
            "name": "hope_Cube_0",
            "projected_cuboid": [
                [
                    25.087106227874756,
                    564.2029762268066
                ],
                [
                    69.4101095199585,
                    407.51476287841797
                ],
                [
                    -61.09964847564697,
                    379.59299087524414
                ],
                [
                    -131.8678617477417,
                    539.0548229217529
                ],
                [
                    24.075818061828613,
                    581.3651084899902
                ],
                [
                    80.42393922805786,
                    379.5844554901123
                ],
                [
                    -86.23538017272949,
                    342.2672748565674
                ],
                [
                    -188.2307529449463,
                    548.5367774963379
                ],
                [
                    -27.02946662902832,
                    460.3017807006836
                ]
            ],
            "provenance": "nvisii",
            "quaternion_xyzw": [
                -0.12569060921669006,
                0.7500472664833069,
                -0.28392598032951355,
                0.5839666128158569
            ],
            "quaternion_xyzw_world": [
                0.7461246252059937,
                0.28784865140914917,
                -0.12176795303821564,
                0.5878892540931702
            ],
            "segmentation_id": 1,
            "visibility": 1
        },
        {
            "bounding_box_minx_maxx_miny_maxy": [
                51,
                164,
                309,
                400
            ],
            "class": "Cube",
            "local_cuboid": null,
            "local_to_world_matrix": [
                [
                    -0.003564072074368596,
                    0.002876710146665573,
                    0.002005473943427205,
                    0.0
                ],
                [
                    -0.0030450206249952316,
                    -0.0011204964248463511,
                    -0.0038042522501200438,
                    0.0
                ],
                [
                    -0.0017393212765455246,
                    -0.00393306789919734,
                    0.00255063408985734,
                    0.0
                ],
                [
                    1.7116814851760864,
                    0.3433127701282501,
                    -0.46651405096054077,
                    1.0
                ]
            ],
            "location": [
                -0.3433127701282501,
                -0.46651405096054077,
                -1.7116814851760864
            ],
            "location_world": [
                1.7116814851760864,
                0.3433127701282501,
                -0.46651405096054077
            ],
            "name": "hope_Cube_1",
            "projected_cuboid": [
                [
                    103.09982299804688,
                    307.81850814819336
                ],
                [
                    111.71889305114746,
                    383.6909770965576
                ],
                [
                    54.06625270843506,
                    413.8154983520508
                ],
                [
                    51.16565227508545,
                    339.1505718231201
                ],
                [
                    152.4470567703247,
                    324.43649768829346
                ],
                [
                    164.79012966156006,
                    393.4614658355713
                ],
                [
                    110.48176288604736,
                    419.91100311279297
                ],
                [
                    103.20409536361694,
                    351.95746421813965
                ],
                [
                    106.918203830719,
                    365.7994747161865
                ]
            ],
            "provenance": "nvisii",
            "quaternion_xyzw": [
                0.457614541053772,
                0.3415506184101105,
                0.8191545605659485,
                0.054017722606658936
            ],
            "quaternion_xyzw_world": [
                0.017014155164361,
                -0.49461811780929565,
                0.7821509838104248,
                0.37855419516563416
            ],
            "segmentation_id": 2,
            "visibility": 1
        },
        {
            "bounding_box_minx_maxx_miny_maxy": [
                286,
                388,
                1,
                66
            ],
            "class": "Cube",
            "local_cuboid": null,