{
    "camera_data": {
        "camera_look_at": {
            "at": [
                1.0,
                0.0,
                0.0
            ],
            "eye": [
                0.0,
                0.0,
                0.0
            ],
            "up": [
                0.0,
                0.0,
                1.0
            ]
        },
        "camera_view_matrix": [
            [
                0.0,
                0.0,
                -1.0,
                0.0
            ],
            [
                -1.0,
                0.0,
                0.0,
                0.0
            ],
            [
                0.0,
                1.0,
                0.0,
                0.0
            ],
            [
                0.0,
                0.0,
                0.0,
                1.0
            ]
        ],
        "height": 400,
        "intrinsics": {
            "cx": 200.0,
            "cy": 200.0,
            "fx": 482.84283447265625,
            "fy": 482.84283447265625
        },
        "location_world": [
            0.0,
            0.0,
            0.0
        ],
        "quaternion_world_xyzw": [
            0.5,
            -0.5,
            -0.5,
            0.5
        ],
        "width": 400
    },
    "objects": [
        {
            "bounding_box_minx_maxx_miny_maxy": [
                54,
                217,
                123,
                279
            ],
            "class": "Cube",
            "local_cuboid": null,
            "local_to_world_matrix": [
                [
                    0.0002592098608147353,
                    -0.0027485452592372894,
                    -0.004168729763478041,
                    0.0
                ],
                [
                    0.004560946952551603,
                    0.0018293842440471053,
                    -0.000922560051549226,
                    0.0
                ],
                [
                    0.0020323817152529955,
                    -0.0037548437248915434,
                    0.00260203261859715,
                    0.0
                ],
                [
                    1.0684148073196411,
                    0.1206476092338562,
                    0.011715477332472801,
                    1.0
                ]
            ],
            "location": [
                -0.1206476092338562,
                0.011715477332472801,
                -1.0684148073196411
            ],
            "location_world": [
                1.0684148073196411,
                0.1206476092338562,
                0.011715477332472801
            ],
            "name": "hope_Cube_0",
            "projected_cuboid": [
                [
                    217.98789501190186,
                    211.77480220794678
                ],
                [
                    182.3333978652954,
                    226.24375820159912
                ],
                [
                    108.50319862365723,
                    278.54292392730713
                ],
                [
                    131.25483989715576,
                    274.2844343185425
                ],
                [
                    158.56482982635498,
                    121.4670181274414
                ],
                [
                    132.6726198196411,
                    151.43574476242065
                ],
                [
                    53.99777889251709,
                    198.14724922180176
                ],
                [
                    64.74801301956177,
                    175.70185661315918
                ],
                [
                    132.05866813659668,
                    204.63409423828125
                ]
            ],
            "provenance": "nvisii",
            "quaternion_xyzw": [
                -0.7315561175346375,
                0.40995585918426514,
                -0.23891766369342804,
                0.4895714521408081
            ],
            "quaternion_xyzw_world": [
                0.20344442129135132,
                0.44542911648750305,
                -0.5250446796417236,
                0.6960828900337219
            ],
            "segmentation_id": 1,
            "visibility": 1
        },
        {
            "bounding_box_minx_maxx_miny_maxy": [
                50,
                168,
                289,
                400
            ],
            "class": "Cube",
            "local_cuboid": null,
            "local_to_world_matrix": [
                [
                    -0.0031608312856405973,
                    0.002229164121672511,
                    0.003168591298162937,
                    0.0
                ],
                [
                    -0.003774865297600627,
                    -0.0026920323725789785,
                    -0.0018717243801802397,
                    0.0
                ],
                [
                    0.0008715140866115689,
                    -0.003575442126020789,
                    0.003384771291166544,
                    0.0
                ],
                [
                    1.818701982498169,
                    0.3889651596546173,
                    -0.4854251742362976,
                    1.0
                ]
            ],
            "location": [
                -0.3889651596546173,
                -0.4854251742362976,
                -1.818701982498169
            ],
            "location_world": [
                1.818701982498169,
                0.3889651596546173,
                -0.4854251742362976
            ],
            "name": "hope_Cube_1",
            "projected_cuboid": [
                [
                    102.605140209198,
                    288.15252780914307
                ],
                [
                    132.24084377288818,
                    327.4636507034302
                ],
                [
                    73.8610029220581,
                    384.53454971313477
                ],
                [
                    49.887728691101074,
                    337.9559516906738
                ],
                [
                    138.6608123779297,
                    320.74666023254395
                ],
                [
                    169.52232122421265,
                    360.0226163864136
                ],
                [
                    117.57388114929199,
                    412.5885009765625
                ],
                [
                    91.2221908569336,
                    367.1114444732666
                ],
                [
                    109.9283218383789,
                    349.0304708480835
                ]
            ],
            "provenance": "nvisii",
            "quaternion_xyzw": [
                0.5250749588012695,
                0.5580750107765198,
                0.6414582133293152,
                0.03714650869369507
            ],
            "quaternion_xyzw_world": [
                0.23941907286643982,
                -0.3228023648262024,
                0.8437308669090271,
                0.35580241680145264
            ],
            "segmentation_id": 2,
            "visibility": 1
        },
        {
            "bounding_box_minx_maxx_miny_maxy": [
                304,
                399,
                1,
                60
            ],
            "class": "Cube",
            "local_cuboid": null,