{
    "camera_data": {
        "camera_look_at": {
            "at": [
                1.0,
                0.0,
                0.0
            ],
            "eye": [
                0.0,
                0.0,
                0.0
            ],
            "up": [
                0.0,
                0.0,
                1.0
            ]
        },
        "camera_view_matrix": [
            [
                0.0,
                0.0,
                -1.0,
                0.0
            ],
            [
                -1.0,
                0.0,
                0.0,
                0.0
            ],
            [
                0.0,
                1.0,
                0.0,
                0.0
            ],
            [
                0.0,
                0.0,
                0.0,
                1.0
            ]
        ],
        "height": 400,
        "intrinsics": {
            "cx": 200.0,
            "cy": 200.0,
            "fx": 482.84283447265625,
            "fy": 482.84283447265625
        },
        "location_world": [
            0.0,
            0.0,
            0.0
        ],
        "quaternion_world_xyzw": [
            0.5,
            -0.5,
            -0.5,
            0.5
        ],
        "width": 400
    },
    "objects": [
        {
            "bounding_box_minx_maxx_miny_maxy": [
                26,
                137,
                1,
                33
            ],
            "class": "Cube",
            "local_cuboid": null,
            "local_to_world_matrix": [
                [
                    -0.00456859590485692,
                    -0.001979343593120575,
                    -0.00045840858365409076,
                    0.0
                ],
                [
                    0.0006374826189130545,
                    -0.00032534063211642206,
                    -0.004948511719703674,
                    0.0
                ],
                [
                    0.0019291333155706525,
                    -0.004579994827508926,
                    0.0005496287485584617,
                    0.0
                ],
                [
                    1.2824870347976685,
                    0.34084758162498474,
                    0.7332476377487183,
                    1.0
                ]
            ],
            "location": [
                -0.34084758162498474,
                0.7332476377487183,
                -1.2824870347976685
            ],
            "location_world": [
                1.2824870347976685,
                0.34084758162498474,
                0.7332476377487183
            ],
            "name": "hope_Cube_0",
            "projected_cuboid": [
                [
                    129.8006296157837,
                    -91.93944931030273
                ],
                [
                    137.88468837738037,
                    11.213088035583496
                ],
                [
                    36.694908142089844,
                    6.924116611480713
                ],
                [
                    25.034987926483154,
                    -105.23383617401123
                ],
                [
                    107.82725811004639,
                    -53.44576835632324
                ],
                [
                    115.13516902923584,
                    32.92049169540405
                ],
                [
                    29.1013240814209,
                    30.858170986175537
                ],
                [
                    19.237053394317627,
                    -61.734652519226074
                ],
                [
                    76.27418041229248,
                    -26.666712760925293
                ]
            ],
            "provenance": "nvisii",
            "quaternion_xyzw": [
                0.8323757648468018,
                -0.007993310689926147,
                0.5495468378067017,
                -0.07130864262580872
            ],
            "quaternion_xyzw_world": [
                0.10176350176334381,
                -0.6593036651611328,
                0.7226189970970154,
                -0.1810654252767563
            ],
            "segmentation_id": 1,
            "visibility": 1
        },
        {
            "bounding_box_minx_maxx_miny_maxy": [
                20,
                120,
                293,
                388
            ],
            "class": "Cube",
            "local_cuboid": null,
            "local_to_world_matrix": [
                [
                    0.0007634854409843683,
                    0.002067191293463111,
                    0.00448818551376462,
                    0.0
                ],
                [
                    -0.004921152256429195,
                    -9.225249232258648e-05,
                    0.0008796271285973489,
                    0.0
                ],
                [
                    0.00044648064067587256,
                    -0.004551725462079048,
                    0.00202050618827343,
                    0.0
                ],
                [
                    1.9687678813934326,
                    0.4868451654911041,
                    -0.5423835515975952,
                    1.0
                ]
            ],
            "location": [
                -0.4868451654911041,
                -0.5423835515975952,
                -1.9687678813934326
            ],
            "location_world": [
                1.9687678813934326,
                0.4868451654911041,
                -0.5423835515975952
            ],
            "name": "hope_Cube_1",
            "projected_cuboid": [
                [
                    97.4102258682251,
                    291.7046308517456
                ],
                [
                    84.28051471710205,
                    292.46251583099365
                ],
                [
                    19.291841983795166,
                    321.841025352478
                ],
                [
                    40.65957069396973,
                    317.417573928833
                ],
                [
                    120.86448669433594,
                    348.7490653991699
                ],
                [
                    110.80799102783203,
                    357.7092170715332
                ],
                [
                    44.70337629318237,
                    388.61098289489746
                ],
                [
                    63.26638460159302,
                    375.62527656555176
                ],
                [
                    73.24529886245728,
                    336.13407611846924
                ]
            ],
            "provenance": "nvisii",
            "quaternion_xyzw": [
                0.3535294830799103,
                0.6478155255317688,
                0.5357743501663208,
                0.4102410674095154
            ],
            "quaternion_xyzw_world": [
                0.437905877828598,
                -0.32586470246315,
                0.563439130783081,
                0.6201507449150085
            ],
            "segmentation_id": 2,
            "visibility": 1
        },
        {
            "bounding_box_minx_maxx_miny_maxy": [
                318,
                399,
                1,
                65
            ],
            "class": "Cube",
            "local_cuboid": null,