{
    "camera_data": {
        "camera_look_at": {
            "at": [
                1.0,
                0.0,
                0.0
            ],
            "eye": [
                0.0,
                0.0,
                0.0
            ],
            "up": [
                0.0,
                0.0,
                1.0
            ]
        },
        "camera_view_matrix": [
            [
                0.0,
                0.0,
                -1.0,
                0.0
            ],
            [
                -1.0,
                0.0,
                0.0,
                0.0
            ],
            [
                0.0,
                1.0,
                0.0,
                0.0
            ],
            [
                0.0,
                0.0,
                0.0,
                1.0
            ]
        ],
        "height": 400,
        "intrinsics": {
            "cx": 200.0,
            "cy": 200.0,
            "fx": 482.84283447265625,
            "fy": 482.84283447265625
        },
        "location_world": [
            0.0,
            0.0,
            0.0
        ],
        "quaternion_world_xyzw": [
            0.5,
            -0.5,
            -0.5,
            0.5
        ],
        "width": 400
    },
    "objects": [
        {
            "bounding_box_minx_maxx_miny_maxy": [
                0,
                95,
                1,
                114
            ],
            "class": "Cube",
            "local_cuboid": null,
            "local_to_world_matrix": [
                [
                    0.0024593279231339693,
                    -0.0023201468866318464,
                    0.0036835616920143366,
                    0.0
                ],
                [
                    0.004347070120275021,
                    0.001536087365821004,
                    -0.001934791449457407,
                    0.0
                ],
                [
                    -0.0002338545018574223,
                    0.004154197406023741,
                    0.002772716572508216,
                    0.0
                ],
                [
                    1.4312876462936401,
                    0.48434650897979736,
                    0.5427170395851135,
                    1.0
                ]
            ],
            "location": [
                -0.48434650897979736,
                0.5427170395851135,
                -1.4312876462936401
            ],
            "location_world": [
                1.4312876462936401,
                0.48434650897979736,
                0.5427170395851135
            ],
            "name": "hope_Cube_0",
            "projected_cuboid": [
                [
                    27.831101417541504,
                    -28.647303581237793
                ],
                [
                    28.02889347076416,
                    27.920520305633545
                ],
                [
                    87.64647245407104,
                    68.10265779495239
                ],
                [
                    96.09692096710205,
                    17.804062366485596
                ],
                [
                    -28.757381439208984,
                    15.938472747802734
                ],
                [
                    -20.766019821166992,
                    70.77673673629761
                ],
                [
                    43.81171464920044,
                    113.7460708618164
                ],
                [
                    46.091604232788086,
                    66.1630630493164
                ],
                [
                    36.09658479690552,
                    45.00155448913574
                ]
            ],
            "provenance": "nvisii",
            "quaternion_xyzw": [
                -0.67160564661026,
                -0.15987609326839447,
                0.4923667013645172,
                0.5300570726394653
            ],
            "quaternion_xyzw_world": [
                -0.39689570665359497,
                -0.2553471028804779,
                -0.4345860779285431,
                0.7670766711235046
            ],
            "segmentation_id": 1,
            "visibility": 1
        },
        {
            "bounding_box_minx_maxx_miny_maxy": [
                13,
                110,
                313,
                400
            ],
            "class": "Cube",
            "local_cuboid": null,
            "local_to_world_matrix": [
                [
                    -0.0020846384577453136,
                    0.000868187693413347,
                    0.004461003001779318,
                    0.0
                ],
                [
                    -0.0045411172322928905,
                    -0.0002030908945016563,
                    -0.0020825504325330257,
                    0.0
                ],
                [
                    -0.00018041192379314452,
                    -0.004919859115034342,
                    0.0008731812122277915,
                    0.0
                ],
                [
                    1.9400370121002197,
                    0.5125277042388916,
                    -0.5714907050132751,
                    1.0
                ]
            ],
            "location": [
                -0.5125277042388916,
                -0.5714907050132751,
                -1.9400370121002197
            ],
            "location_world": [
                1.9400370121002197,
                0.5125277042388916,
                -0.5714907050132751
            ],
            "name": "hope_Cube_1",
            "projected_cuboid": [
                [
                    94.57300901412964,
                    312.32333183288574
                ],
                [
                    83.08104276657104,
                    358.074951171875
                ],
                [
                    12.393558025360107,
                    369.87671852111816
                ],
                [
                    32.31189250946045,
                    322.92723655700684
                ],
                [
                    110.64672470092773,
                    360.61697006225586
                ],
                [
                    101.90807580947876,
                    409.8881721496582
                ],
                [
                    35.28820276260376,
                    420.7307815551758
                ],
                [
                    51.56320333480835,
                    370.4491853713989
                ],
                [
                    65.85404872894287,
                    364.83845710754395
                ]
            ],
            "provenance": "nvisii",
            "quaternion_xyzw": [
                0.5492700338363647,
                0.4245719313621521,
                0.6376186609268188,
                0.3338918089866638
            ],
            "quaternion_xyzw_world": [
                0.3350575566291809,
                -0.5481042861938477,
                0.6387844085693359,
                0.423406183719635
            ],
            "segmentation_id": 2,
            "visibility": 1
        },
        {
            "bounding_box_minx_maxx_miny_maxy": [
                318,
                399,
                1,
                85
            ],
            "class": "Cube",
            "local_cuboid": null,