{
    "camera_data": {
        "camera_look_at": {
            "at": [
                1.0,
                0.0,
                0.0
            ],
            "eye": [
                0.0,
                0.0,
                0.0
            ],
            "up": [
                0.0,
                0.0,
                1.0
            ]
        },
        "camera_view_matrix": [
            [
                0.0,
                0.0,
                -1.0,
                0.0
            ],
            [
                -1.0,
                0.0,
                0.0,
                0.0
            ],
            [
                0.0,
                1.0,
                0.0,
                0.0
            ],
            [
                0.0,
                0.0,
                0.0,
                1.0
            ]
        ],
        "height": 400,
        "intrinsics": {
            "cx": 200.0,
            "cy": 200.0,
            "fx": 482.84283447265625,
            "fy": 482.84283447265625
        },
        "location_world": [
            0.0,
            0.0,
            0.0
        ],
        "quaternion_world_xyzw": [
            0.5,
            -0.5,
            -0.5,
            0.5
        ],
        "width": 400
    },
    "objects": [
        {
            "bounding_box_minx_maxx_miny_maxy": [
                76,
                212,
                1,
                105
            ],
            "class": "Cube",
            "local_cuboid": null,
            "local_to_world_matrix": [
                [
                    -0.0005093085928820074,
                    -0.004769097547978163,
                    -0.0014129068003967404,
                    0.0
                ],
                [
                    0.004925386980175972,
                    -0.0006816267850808799,
                    0.0005253027193248272,
                    0.0
                ],
                [
                    -0.0006936591817066073,
                    -0.001338314381428063,
                    0.0047673629596829414,
                    0.0
                ],
                [
                    1.1397309303283691,
                    0.14937779307365417,
                    0.40271785855293274,
                    1.0
                ]
            ],
            "location": [
                -0.14937779307365417,
                0.40271785855293274,
                -1.1397309303283691
            ],
            "location_world": [
                1.1397309303283691,
                0.14937779307365417,
                0.40271785855293274
            ],
            "name": "hope_Cube_0",
            "projected_cuboid": [
                [
                    201.43921375274658,
                    -11.724305152893066
                ],
                [
                    213.3141040802002,
                    17.377030849456787
                ],
                [
                    189.74778652191162,
                    104.69722747802734
                ],
                [
                    173.1611728668213,
                    95.269775390625
                ],
                [
                    99.97619390487671,
                    -37.024617195129395
                ],
                [
                    129.72065210342407,
                    -3.949284553527832
                ],
                [
                    108.62550735473633,
                    82.32293128967285
                ],
                [
                    75.3219723701477,
                    68.39041709899902
                ],
                [
                    149.4023561477661,
                    41.00414514541626
                ]
            ],
            "provenance": "nvisii",
            "quaternion_xyzw": [
                -0.6538400053977966,
                0.05592194199562073,
                -0.14129012823104858,
                0.7412172555923462
            ],
            "quaternion_xyzw_world": [
                0.14229463040828705,
                0.054917432367801666,
                -0.7402127385139465,
                0.6548445224761963
            ],
            "segmentation_id": 1,
            "visibility": 1
        },
        {
            "bounding_box_minx_maxx_miny_maxy": [
                44,
                152,
                271,
                373
            ],
            "class": "Cube",
            "local_cuboid": null,
            "local_to_world_matrix": [
                [
                    -0.0002672862901818007,
                    0.0034408550709486008,
                    0.00361788272857666,
                    0.0
                ],
                [
                    -0.004244309384375811,
                    -0.0020647007040679455,
                    0.0016501059290021658,
                    0.0
                ],
                [
                    0.002629523864015937,
                    -0.00298287277109921,
                    0.0030311839655041695,
                    0.0
                ],
                [
                    1.926081895828247,
                    0.43788519501686096,
                    -0.5032384991645813,
                    1.0
                ]
            ],
            "location": [
                -0.43788519501686096,
                -0.5032384991645813,
                -1.926081895828247
            ],
            "location_world": [
                1.926081895828247,
                0.43788519501686096,
                -0.5032384991645813
            ],
            "name": "hope_Cube_1",
            "projected_cuboid": [
                [
                    90.70881605148315,
                    281.97100162506104
                ],
                [
                    105.74220418930054,
                    269.31304931640625
                ],
                [
                    54.32072877883911,
                    319.44708824157715
                ],
                [
                    44.108009338378906,
                    327.2632598876953
                ],
                [
                    133.00559520721436,
                    325.1272916793823
                ],
                [
                    152.95145511627197,
                    317.69111156463623
                ],
                [
                    105.69608211517334,
                    371.2639093399048
                ],
                [
                    89.71692323684692,
                    373.1344223022461
                ],
                [
                    97.52240180969238,
                    322.56577014923096
                ]
            ],
            "provenance": "nvisii",
            "quaternion_xyzw": [
                0.3562697768211365,
                0.7975112795829773,
                0.45613735914230347,
                0.17025381326675415
            ],
            "quaternion_xyzw_world": [
                0.4339487552642822,
                -0.09257481247186661,
                0.7198323011398315,
                0.5338163375854492
            ],
            "segmentation_id": 2,
            "visibility": 1
        },
        {
            "bounding_box_minx_maxx_miny_maxy": [
                308,
                399,
                1,
                71
            ],
            "class": "Cube",
            "local_cuboid": null,