{
    "camera_data": {
        "camera_look_at": {
            "at": [
                1.0,
                0.0,
                0.0
            ],
            "eye": [
                0.0,
                0.0,
                0.0
            ],
            "up": [
                0.0,
                0.0,
                1.0
            ]
        },
        "camera_view_matrix": [
            [
                0.0,
                0.0,
                -1.0,
                0.0
            ],
            [
                -1.0,
                0.0,
                0.0,
                0.0
            ],
            [
                0.0,
                1.0,
                0.0,
                0.0
            ],
            [
                0.0,
                0.0,
                0.0,
                1.0
            ]
        ],
        "height": 400,
        "intrinsics": {
            "cx": 200.0,
            "cy": 200.0,
            "fx": 482.84283447265625,
            "fy": 482.84283447265625
        },
        "location_world": [
            0.0,
            0.0,
            0.0
        ],
        "quaternion_world_xyzw": [
            0.5,
            -0.5,
            -0.5,
            0.5
        ],
        "width": 400
    },
    "objects": [
        {
            "bounding_box_minx_maxx_miny_maxy": [
                -1,
                -1,
                -1,
                -1
            ],
            "class": "Cube",
            "local_cuboid": null,
            "local_to_world_matrix": [
                [
                    0.0006283688126131892,
                    0.0035783194471150637,
                    0.003435226622968912,
                    0.0
                ],
                [
                    0.002620141953229904,
                    -0.0031796335242688656,
                    0.0028328055050224066,
                    0.0
                ],
                [
                    0.004211888648569584,
                    0.0014441472012549639,
                    -0.0022747379262000322,
                    0.0
                ],
                [
                    0.5218715667724609,
                    0.4076741635799408,
                    -0.4696066677570343,
                    1.0
                ]
            ],
            "location": [
                -0.4076741635799408,
                -0.4696066677570343,
                -0.5218715667724609
            ],
            "location_world": [
                0.5218715667724609,
                0.4076741635799408,
                -0.4696066677570343
            ],
            "name": "hope_Cube_0",
            "projected_cuboid": [
                [
                    -200.49452781677246,
                    530.9148788452148
                ],
                [
                    -33.50489139556885,
                    386.5236759185791
                ],
                [
                    -58.90917778015137,
                    358.76500606536865
                ],
                [
                    -314.94970321655273,
                    565.0863170623779
                ],
                [
                    -79.79094982147217,
                    683.5505485534668
                ],
                [
                    72.96714782714844,
                    506.1169624328613
                ],
                [
                    88.21966648101807,
                    524.0713596343994
                ],
                [
                    -139.80512619018555,
                    800.5874633789062
                ],
                [
                    -69.77818012237549,
                    527.8164386749268
                ]
            ],
            "provenance": "nvisii",
            "quaternion_xyzw": [
                0.3742167353630066,
                0.883827269077301,
                -0.2769138216972351,
                -0.04615031182765961
            ],
            "quaternion_xyzw_world": [
                0.7444037795066833,
                0.41633734107017517,
                0.513640284538269,
                0.09327320009469986
            ],
            "segmentation_id": 1,
            "visibility": 0
        },
        {
            "bounding_box_minx_maxx_miny_maxy": [
                52,
                161,
                332,
                400
            ],
            "class": "Cube",
            "local_cuboid": null,
            "local_to_world_matrix": [
                [
                    -0.003051737556234002,
                    0.003874078392982483,
                    0.0008236603462137282,
                    0.0
                ],
                [
                    -0.0009778441162779927,
                    0.0002706441155169159,
                    -0.0048959748819470406,
                    0.0
                ],
                [
                    -0.003838062286376953,
                    -0.0031493280548602343,
                    0.0005924617871642113,
                    0.0
                ],
                [
                    1.608313798904419,
                    0.2992803454399109,
                    -0.4487030506134033,
                    1.0
                ]
            ],
            "location": [
                -0.2992803454399109,
                -0.4487030506134033,
                -1.608313798904419
            ],
            "location_world": [
                1.608313798904419,
                0.2992803454399109,
                -0.4487030506134033
            ],
            "name": "hope_Cube_1",
            "projected_cuboid": [
                [
                    93.28235387802124,
                    338.96195888519287
                ],
                [
                    84.81075763702393,
                    429.06837463378906
                ],
                [
                    50.66030025482178,
                    410.28804779052734
                ],
                [
                    59.158897399902344,
                    331.36725425720215
                ],
                [
                    162.40508556365967,
                    338.13180923461914
                ],
                [
                    156.96786642074585,
                    419.28248405456543
                ],
                [
                    117.83015727996826,
                    403.2414436340332
                ],
                [
                    123.75603914260864,
                    331.2774181365967
                ],
                [
                    106.70158863067627,
                    374.10082817077637
                ]
            ],
            "provenance": "nvisii",
            "quaternion_xyzw": [
                0.3304417133331299,
                0.08367830514907837,
                0.9382994174957275,
                0.058313190937042236
            ],
            "quaternion_xyzw_world": [
                -0.23293310403823853,
                -0.6216880083084106,
                0.6470531225204468,
                0.37492460012435913
            ],
            "segmentation_id": 2,
            "visibility": 1
        },
        {
            "bounding_box_minx_maxx_miny_maxy": [
                276,
                364,
                1,
                73
            ],
            "class": "Cube",
            "local_cuboid": null,