{
    "camera_data": {
        "camera_look_at": {
            "at": [
                1.0,
                0.0,
                0.0
            ],
            "eye": [
                0.0,
                0.0,
                0.0
            ],
            "up": [
                0.0,
                0.0,
                1.0
            ]
        },
        "camera_view_matrix": [
            [
                0.0,
                0.0,
                -1.0,
                0.0
            ],
            [
                -1.0,
                0.0,
                0.0,
                0.0
            ],
            [
                0.0,
                1.0,
                0.0,
                0.0
            ],
            [
                0.0,
                0.0,
                0.0,
                1.0
            ]
        ],
        "height": 400,
        "intrinsics": {
            "cx": 200.0,
            "cy": 200.0,
            "fx": 482.84283447265625,
            "fy": 482.84283447265625
        },
        "location_world": [
            0.0,
            0.0,
            0.0
        ],
        "quaternion_world_xyzw": [
            0.5,
            -0.5,
            -0.5,
            0.5
        ],
        "width": 400
    },
    "objects": [
        {
            "bounding_box_minx_maxx_miny_maxy": [
                320,
                399,
                54,
                213
            ],
            "class": "Cube",
            "local_cuboid": null,
            "local_to_world_matrix": [
                [
                    0.0018008407205343246,
                    -0.0046489727683365345,
                    -0.0003795042575802654,
                    0.0
                ],
                [
                    0.00317586911842227,
                    0.0009241240913979709,
                    0.0037496467120945454,
                    0.0
                ],
                [
                    -0.0034162593074142933,
                    -0.0015915544936433434,
                    0.003285745857283473,
                    0.0
                ],
                [
                    1.055605173110962,
                    -0.5144210457801819,
                    0.05029015243053436,
                    1.0
                ]
            ],
            "location": [
                0.5144210457801819,
                0.05029015243053436,
                -1.055605173110962
            ],
            "location_world": [
                1.055605173110962,
                -0.5144210457801819,
                0.05029015243053436
            ],
            "name": "distract_Cube_0",
            "projected_cuboid": [
                [
                    518.8614845275879,
                    141.52624607086182
                ],
                [
                    456.72969818115234,
                    72.32835292816162
                ],
                [
                    395.5498218536377,
                    147.52984046936035
                ],
                [
                    440.5421257019043,
                    216.83027744293213
                ],
                [
                    428.58119010925293,
                    125.93233585357666
                ],
                [
                    374.5137691497803,
                    53.27078104019165
                ],
                [
                    320.1356887817383,
                    136.46295070648193
                ],
                [
                    357.8979969024658,
                    209.85336303710938
                ],
                [
                    409.0123176574707,
                    138.72745037078857
                ]
            ],
            "provenance": "nvisii",
            "quaternion_xyzw": [
                -0.3523540496826172,
                0.18498846888542175,
                0.029698297381401062,
                0.9169209003448486
            ],
            "quaternion_xyzw_world": [
                0.35992851853370667,
                -0.20463837683200836,
                -0.5272940993309021,
                0.7419808506965637
            ],
            "segmentation_id": 1,
            "visibility": 1
        },
        {
            "bounding_box_minx_maxx_miny_maxy": [
                0,
                60,
                300,
                393
            ],
            "class": "Cube",
            "local_cuboid": null,
            "local_to_world_matrix": [
                [
                    0.0020982653368264437,
                    -0.004391100257635117,
                    -0.001146961934864521,
                    0.0
                ],
                [
                    0.002816613297909498,
                    0.0002691250992938876,
                    0.004122409038245678,
                    0.0
                ],
                [
                    -0.0035586473532021046,
                    -0.0023760912008583546,
                    0.002586545655503869,
                    0.0
                ],
                [
                    1.6980122327804565,
                    0.6745026707649231,
                    -0.640971839427948,
                    1.0
                ]
            ],
            "location": [
                -0.6745026707649231,
                -0.640971839427948,
                -1.6980122327804565
            ],
            "location_world": [
                1.6980122327804565,
                0.6745026707649231,
                -0.640971839427948
            ],
            "name": "distract_Cube_1",
            "projected_cuboid": [
                [
                    53.15009355545044,
                    375.8115530014038
                ],
                [
                    61.01970672607422,
                    306.85458183288574
                ],
                [
                    44.53967809677124,
                    328.78692150115967
                ],
                [
                    36.16950511932373,
                    392.752742767334
                ],
                [
                    -24.85189437866211,
                    369.87218856811523
                ],
                [
                    -10.024213790893555,
                    297.1459150314331
                ],
                [
                    -20.685601234436035,
                    321.2263584136963
                ],
                [
                    -34.857869148254395,
                    388.4472846984863
                ],
                [
                    14.000046253204346,
                    346.86875343322754
                ]
            ],
            "provenance": "nvisii",
            "quaternion_xyzw": [
                -0.2924075424671173,
                0.2421427071094513,
                -0.047506675124168396,
                0.923909068107605
            ],
            "quaternion_xyzw_world": [
                0.4605754315853119,
                -0.1709260493516922,
                -0.5108402371406555,
                0.7054762840270996
            ],
            "segmentation_id": 2,
            "visibility": 1
        },
        {
            "bounding_box_minx_maxx_miny_maxy": [
                39,
                125,
                334,
                400
            ],
            "class": "Green",
            "local_cuboid": null,