{
    "camera_data": {
        "camera_look_at": {
            "at": [
                1.0,
                0.0,
                0.0
            ],
            "eye": [
                0.0,
                0.0,
                0.0
            ],
            "up": [
                0.0,
                0.0,
                1.0
            ]
        },
        "camera_view_matrix": [
            [
                0.0,
                0.0,
                -1.0,
                0.0
            ],
            [
                -1.0,
                0.0,
                0.0,
                0.0
            ],
            [
                0.0,
                1.0,
                0.0,
                0.0
            ],
            [
                0.0,
                0.0,
                0.0,
                1.0
            ]
        ],
        "height": 400,
        "intrinsics": {
            "cx": 200.0,
            "cy": 200.0,
            "fx": 482.84283447265625,
            "fy": 482.84283447265625
        },
        "location_world": [
            0.0,
            0.0,
            0.0
        ],
        "quaternion_world_xyzw": [
            0.5,
            -0.5,
            -0.5,
            0.5
        ],
        "width": 400
    },
    "objects": [
        {
            "bounding_box_minx_maxx_miny_maxy": [
                338,
                399,
                372,
                384
            ],
            "class": "Green",
            "local_cuboid": null,
            "local_to_world_matrix": [
                [
                    0.0017409422434866428,
                    0.004488459322601557,
                    -0.0013501320499926805,
                    0.0
                ],
                [
                    0.0009171059355139732,
                    0.0010862135095521808,
                    0.004793648142367601,
                    0.0
                ],
                [
                    0.0045965248718857765,
                    -0.0019167361315339804,
                    -0.000445071462308988,
                    0.0
                ],
                [
                    1.0748904943466187,
                    -0.4465027153491974,
                    -0.6757797002792358,
                    1.0
                ]
            ],
            "location": [
                0.4465027153491974,
                -0.6757797002792358,
                -1.0748904943466187
            ],
            "location_world": [
                1.0748904943466187,
                -0.4465027153491974,
                -0.6757797002792358
            ],
            "name": "hope_Green_cube_0",
            "projected_cuboid": [
                [
                    349.6335983276367,
                    482.1354866027832
                ],
                [
                    323.7694025039673,
                    381.5507411956787
                ],
                [
                    306.7793130874634,
                    411.07378005981445
                ],
                [
                    337.7906560897827,
                    536.0439300537109
                ],
                [
                    455.5293560028076,
                    475.12502670288086
                ],
                [
                    423.70333671569824,
                    367.4654006958008
                ],
                [
                    429.0433883666992,
                    396.29502296447754
                ],
                [
                    469.1178321838379,
                    532.3957920074463
                ],
                [
                    384.43751335144043,
                    444.5131301879883
                ]
            ],
            "provenance": "nvisii",
            "quaternion_xyzw": [
                -0.12538301944732666,
                0.9715614914894104,
                -0.07010246813297272,
                0.18823714554309845
            ],
            "quaternion_xyzw_world": [
                0.5522590279579163,
                0.4894048869609833,
                0.2939194142818451,
                0.6075395941734314
            ],
            "segmentation_id": 1,
            "visibility": 1
        },
        {
            "bounding_box_minx_maxx_miny_maxy": [
                240,
                399,
                377,
                400
            ],
            "class": "Green",
            "local_cuboid": null,
            "local_to_world_matrix": [
                [
                    -0.0025840234011411667,
                    0.00014048862794879824,
                    -0.004278212785720825,
                    0.0
                ],
                [
                    -0.0006206455291248858,
                    0.0049322014674544334,
                    0.0005368317360989749,
                    0.0
                ],
                [
                    0.004235284868627787,
                    0.0008084875298663974,
                    -0.002531545702368021,
                    0.0
                ],
                [
                    0.787212073802948,
                    -0.3344716429710388,
                    -0.45767271518707275,
                    1.0
                ]
            ],
            "location": [
                0.3344716429710388,
                -0.45767271518707275,
                -0.787212073802948
            ],
            "location_world": [
                0.787212073802948,
                -0.3344716429710388,
                -0.45767271518707275
            ],
            "name": "hope_Green_cube_1",
            "projected_cuboid": [
                [
                    381.1022758483887,
                    565.9473419189453
                ],
                [
                    238.83347511291504,
                    563.9358520507812
                ],
                [
                    286.1994981765747,
                    591.1712169647217
                ],
                [
                    474.93529319763184,
                    592.503023147583
                ],
                [
                    360.21156311035156,
                    408.73022079467773
                ],
                [
                    237.07919120788574,
                    401.73425674438477
                ],
                [
                    275.3653049468994,
                    376.00080966949463
                ],
                [
                    431.8613052368164,
                    386.053466796875
                ],
                [
                    332.1249485015869,
                    477.9641628265381
                ]
            ],
            "provenance": "nvisii",
            "quaternion_xyzw": [
                -0.6541393399238586,
                0.7040101885795593,
                -0.1357153058052063,
                -0.24094180762767792
            ],
            "quaternion_xyzw_world": [
                -0.027677834033966064,
                0.8674033284187317,
                0.07754866033792496,
                0.4907462000846863
            ],
            "segmentation_id": 2,
            "visibility": 1
        },
        {
            "bounding_box_minx_maxx_miny_maxy": [
                10,
                183,
                82,
                231
            ],
            "class": "Green",
            "local_cuboid": null,