{
    "camera_data": {
        "camera_look_at": {
            "at": [
                1.0,
                0.0,
                0.0
            ],
            "eye": [
                0.0,
                0.0,
                0.0
            ],
            "up": [
                0.0,
                0.0,
                1.0
            ]
        },
        "camera_view_matrix": [
            [
                0.0,
                0.0,
                -1.0,
                0.0
            ],
            [
                -1.0,
                0.0,
                0.0,
                0.0
            ],
            [
                0.0,
                1.0,
                0.0,
                0.0
            ],
            [
                0.0,
                0.0,
                0.0,
                1.0
            ]
        ],
        "height": 500,
        "intrinsics": {
            "cx": 250.0,
            "cy": 250.0,
            "fx": 603.5535278320312,
            "fy": 603.5535278320312
        },
        "location_world": [
            0.0,
            0.0,
            0.0
        ],
        "quaternion_world_xyzw": [
            0.5,
            -0.5,
            -0.5,
            0.5
        ],
        "width": 500
    },
    "objects": [
        {
            "bounding_box_minx_maxx_miny_maxy": [
                0,
                148,
                351,
                500
            ],
            "class": "Cube",
            "local_cuboid": null,
            "local_to_world_matrix": [
                [
                    0.009707126766443253,
                    0.0014032520120963454,
                    -0.0019500191556289792,
                    0.0
                ],
                [
                    0.0019734762609004974,
                    -2.8628110158024356e-05,
                    0.009803293272852898,
                    0.0
                ],
                [
                    0.0013700665440410376,
                    -0.009901012293994427,
                    -0.00030471920035779476,
                    0.0
                ],
                [
                    1.4268670082092285,
                    0.5161386728286743,
                    -0.7527790069580078,
                    1.0
                ]
            ],
            "location": [
                -0.5161386728286743,
                -0.7527790069580078,
                -1.4268670082092285
            ],
            "location_world": [
                1.4268670082092285,
                0.5161386728286743,
                -0.7527790069580078
            ],
            "name": "hope_Cube_0",
            "projected_cuboid": [
                [
                    142.41912961006165,
                    536.6326570510864
                ],
                [
                    148.78781139850616,
                    356.81068897247314
                ],
                [
                    -27.52634882926941,
                    355.7271659374237
                ],
                [
                    -44.80066895484924,
                    543.0165529251099
                ],
                [
                    134.32011008262634,
                    602.5135517120361
                ],
                [
                    143.64241063594818,
                    351.49165987968445
                ],
                [
                    -101.49037837982178,
                    349.6951162815094
                ],
                [
                    -132.40236043930054,
                    615.5166029930115
                ],
                [
                    39.266690611839294,
                    457.574337720871
                ]
            ],
            "provenance": "nvisii",
            "quaternion_xyzw": [
                -0.06393758207559586,
                0.7512757778167725,
                -0.07581090927124023,
                0.6524947285652161
            ],
            "quaternion_xyzw_world": [
                0.7078219056129456,
                0.11926475912332535,
                -0.020483704283833504,
                0.695948600769043
            ],
            "segmentation_id": 1,
            "visibility": 1
        }
    ]
}