{
    "camera_data": {
        "camera_look_at": {
            "at": [
                1.0,
                0.0,
                0.0
            ],
            "eye": [
                0.0,
                0.0,
                0.0
            ],
            "up": [
                0.0,
                0.0,
                1.0
            ]
        },
        "camera_view_matrix": [
            [
                0.0,
                0.0,
                -1.0,
                0.0
            ],
            [
                -1.0,
                0.0,
                0.0,
                0.0
            ],
            [
                0.0,
                1.0,
                0.0,
                0.0
            ],
            [
                0.0,
                0.0,
                0.0,
                1.0
            ]
        ],
        "height": 500,
        "intrinsics": {
            "cx": 250.0,
            "cy": 250.0,
            "fx": 603.5535278320312,
            "fy": 603.5535278320312
        },
        "location_world": [
            0.0,
            0.0,
            0.0
        ],
        "quaternion_world_xyzw": [
            0.5,
            -0.5,
            -0.5,
            0.5
        ],
        "width": 500
    },
    "objects": [
        {
            "bounding_box_minx_maxx_miny_maxy": [
                369,
                499,
                285,
                448
            ],
            "class": "Cube",
            "local_cuboid": null,
            "local_to_world_matrix": [
                [
                    0.005857438314706087,
                    -0.0026308814994990826,
                    -0.002787271747365594,
                    0.0
                ],
                [
                    0.0026040293741971254,
                    0.0064668431878089905,
                    -0.0006316421204246581,
                    0.0
                ],
                [
                    0.002812375081703067,
                    -0.0005083330324850976,
                    0.006390003953129053,
                    0.0
                ],
                [
                    1.568817377090454,
                    -0.6950490474700928,
                    -0.31157565116882324,
                    1.0
                ]
            ],
            "location": [
                0.6950490474700928,
                -0.31157565116882324,
                -1.568817377090454
            ],
            "location_world": [
                1.568817377090454,
                -0.6950490474700928,
                -0.31157565116882324
            ],
            "name": "hope_Cube_0",
            "projected_cuboid": [
                [
                    511.4673376083374,
                    324.87356662750244
                ],
                [
                    391.82960987091064,
                    329.734742641449
                ],
                [
                    394.4229483604431,
                    444.6817636489868
                ],
                [
                    524.4932174682617,
                    448.50337505340576
                ],
                [
                    509.5798969268799,
                    283.21394324302673
                ],
                [
                    368.5033619403839,
                    292.29462146759033
                ],
                [
                    369.39623951911926,
                    426.40140652656555
                ],
                [
                    525.2310633659363,
                    429.2904734611511
                ],
                [
                    447.0246434211731,
                    370.9260821342468
                ]
            ],
            "provenance": "nvisii",
            "quaternion_xyzw": [
                -0.6833452582359314,
                0.4836561977863312,
                0.2795651853084564,
                0.47006329894065857
            ],
            "quaternion_xyzw_world": [
                -0.004595459904521704,
                0.2086864858865738,
                -0.19509358704090118,
                0.9583149552345276
            ],
            "segmentation_id": 1,
            "visibility": 1
        }
    ]
}