{
    "camera_data": {
        "camera_look_at": {
            "at": [
                1.0,
                0.0,
                0.0
            ],
            "eye": [
                0.0,
                0.0,
                0.0
            ],
            "up": [
                0.0,
                0.0,
                1.0
            ]
        },
        "camera_view_matrix": [
            [
                0.0,
                0.0,
                -1.0,
                0.0
            ],
            [
                -1.0,
                0.0,
                0.0,
                0.0
            ],
            [
                0.0,
                1.0,
                0.0,
                0.0
            ],
            [
                0.0,
                0.0,
                0.0,
                1.0
            ]
        ],
        "height": 500,
        "intrinsics": {
            "cx": 250.0,
            "cy": 250.0,
            "fx": 603.5535278320312,
            "fy": 603.5535278320312
        },
        "location_world": [
            0.0,
            0.0,
            0.0
        ],
        "quaternion_world_xyzw": [
            0.5,
            -0.5,
            -0.5,
            0.5
        ],
        "width": 500
    },
    "objects": [
        {
            "bounding_box_minx_maxx_miny_maxy": [
                472,
                499,
                1,
                23
            ],
            "class": "Cube",
            "local_cuboid": null,
            "local_to_world_matrix": [
                [
                    0.0009808865142986178,
                    5.951631464995444e-05,
                    0.00018525519408285618,
                    0.0
                ],
                [
                    -0.0001308335631620139,
                    -0.0005029931198805571,
                    0.0008543305448256433,
                    0.0
                ],
                [
                    0.00014402868691831827,
                    -0.0008622388704679906,
                    -0.00048559237620793283,
                    0.0
                ],
                [
                    1.1718000173568726,
                    -0.46085473895072937,
                    0.45780402421951294,
                    1.0
                ]
            ],
            "location": [
                0.46085473895072937,
                0.45780402421951294,
                -1.1718000173568726
            ],
            "location_world": [
                1.1718000173568726,
                -0.46085473895072937,
                0.45780402421951294
            ],
            "name": "hope_Cube_0",
            "projected_cuboid": [
                [
                    491.90106987953186,
                    23.504167795181274
                ],
                [
                    505.9465169906616,
                    0.6587356328964233
                ],
                [
                    485.56414246559143,
                    -13.209015130996704
                ],
                [
                    471.5456962585449,
                    9.850412607192993
                ],
                [
                    503.77023220062256,
                    18.709808588027954
                ],
                [
                    518.4855461120605,
                    -5.142182111740112
                ],
                [
                    497.30342626571655,
                    -19.64479684829712
                ],
                [
                    482.6166033744812,
                    4.440337419509888
                ],
                [
                    494.52972412109375,
                    2.50929594039917
                ]
            ],
            "provenance": "nvisii",
            "quaternion_xyzw": [
                0.23988637328147888,
                0.7172648310661316,
                -0.12364986538887024,
                0.6424145102500916
            ],
            "quaternion_xyzw_world": [
                0.8616077899932861,
                -0.020693069323897362,
                0.09554342925548553,
                0.498071551322937
            ],
            "segmentation_id": 1,
            "visibility": 1
        }
    ]
}