{
    "camera_data": {
        "camera_look_at": {
            "at": [
                1.0,
                0.0,
                0.0
            ],
            "eye": [
                0.0,
                0.0,
                0.0
            ],
            "up": [
                0.0,
                0.0,
                1.0
            ]
        },
        "camera_view_matrix": [
            [
                0.0,
                0.0,
                -1.0,
                0.0
            ],
            [
                -1.0,
                0.0,
                0.0,
                0.0
            ],
            [
                0.0,
                1.0,
                0.0,
                0.0
            ],
            [
                0.0,
                0.0,
                0.0,
                1.0
            ]
        ],
        "height": 500,
        "intrinsics": {
            "cx": 250.0,
            "cy": 250.0,
            "fx": 603.5535278320312,
            "fy": 603.5535278320312
        },
        "location_world": [
            0.0,
            0.0,
            0.0
        ],
        "quaternion_world_xyzw": [
            0.5,
            -0.5,
            -0.5,
            0.5
        ],
        "width": 500
    },
    "objects": [
        {
            "bounding_box_minx_maxx_miny_maxy": [
                291,
                453,
                287,
                445
            ],
            "class": "Cube",
            "local_cuboid": null,
            "local_to_world_matrix": [
                [
                    0.0016678819665685296,
                    0.0013325742911547422,
                    0.006666514556854963,
                    0.0
                ],
                [
                    0.0067292810417711735,
                    -0.0012998920865356922,
                    -0.0014237490249797702,
                    0.0
                ],
                [
                    0.0009669286664575338,
                    0.006747927516698837,
                    -0.0015907615888863802,
                    0.0
                ],
                [
                    1.5939875841140747,
                    -0.31476810574531555,
                    -0.3034469187259674,
                    1.0
                ]
            ],
            "location": [
                0.31476810574531555,
                -0.3034469187259674,
                -1.5939875841140747
            ],
            "location_world": [
                1.5939875841140747,
                -0.31476810574531555,
                -0.3034469187259674
            ],
            "name": "hope_Cube_0",
            "projected_cuboid": [
                [
                    290.9998893737793,
                    314.1978085041046
                ],
                [
                    303.7396967411041,
                    324.9000906944275
                ],
                [
                    409.6111059188843,
                    302.11523175239563
                ],
                [
                    418.59376430511475,
                    286.33466362953186
                ],
                [
                    318.67775321006775,
                    445.2085494995117
                ],
                [
                    327.10468769073486,
                    433.3339333534241
                ],
                [
                    438.31706047058105,
                    412.3415946960449
                ],
                [
                    454.11044359207153,
                    419.96967792510986
                ],
                [
                    368.93707513809204,
                    366.1201298236847
                ]
            ],
            "provenance": "nvisii",
            "quaternion_xyzw": [
                0.5364600419998169,
                0.5303554534912109,
                -0.5602740049362183,
                -0.3420916795730591
            ],
            "quaternion_xyzw_world": [
                0.6424989104270935,
                0.4481305480003357,
                0.4243166148662567,
                -0.45423513650894165
            ],
            "segmentation_id": 1,
            "visibility": 1
        }
    ]
}