{
    "camera_data": {
        "camera_look_at": {
            "at": [
                1.0,
                0.0,
                0.0
            ],
            "eye": [
                0.0,
                0.0,
                0.0
            ],
            "up": [
                0.0,
                0.0,
                1.0
            ]
        },
        "camera_view_matrix": [
            [
                0.0,
                0.0,
                -1.0,
                0.0
            ],
            [
                -1.0,
                0.0,
                0.0,
                0.0
            ],
            [
                0.0,
                1.0,
                0.0,
                0.0
            ],
            [
                0.0,
                0.0,
                0.0,
                1.0
            ]
        ],
        "height": 500,
        "intrinsics": {
            "cx": 250.0,
            "cy": 250.0,
            "fx": 603.5535278320312,
            "fy": 603.5535278320312
        },
        "location_world": [
            0.0,
            0.0,
            0.0
        ],
        "quaternion_world_xyzw": [
            0.5,
            -0.5,
            -0.5,
            0.5
        ],
        "width": 500
    },
    "objects": [
        {
            "bounding_box_minx_maxx_miny_maxy": [
                0,
                117,
                243,
                445
            ],
            "class": "Cube",
            "local_cuboid": null,
            "local_to_world_matrix": [
                [
                    0.005441844463348389,
                    0.0012469447683542967,
                    -0.004222732037305832,
                    0.0
                ],
                [
                    0.0042793420143425465,
                    8.195573172997683e-05,
                    0.005539000499993563,
                    0.0
                ],
                [
                    0.0010361295426264405,
                    -0.006887556053698063,
                    -0.0006985874497331679,
                    0.0
                ],
                [
                    1.3699511289596558,
                    0.521736204624176,
                    -0.37239357829093933,
                    1.0
                ]
            ],
            "location": [
                -0.521736204624176,
                -0.37239357829093933,
                -1.3699511289596558
            ],
            "location_world": [
                1.3699511289596558,
                0.521736204624176,
                -0.37239357829093933
            ],
            "name": "hope_Cube_0",
            "projected_cuboid": [
                [
                    99.99977052211761,
                    445.1931416988373
                ],
                [
                    116.9666200876236,
                    325.52826404571533
                ],
                [
                    -9.795278310775757,
                    315.39350748062134
                ],
                [
                    -45.68108916282654,
                    437.78181076049805
                ],
                [
                    97.47236967086792,
                    386.19866967201233
                ],
                [
                    117.93863773345947,
                    253.00592184066772
                ],
                [
                    -33.04365277290344,
                    238.2897436618805
                ],
                [
                    -81.13029599189758,
                    374.5880126953125
                ],
                [
                    35.95373034477234,
                    345.59154510498047
                ]
            ],
            "provenance": "nvisii",
            "quaternion_xyzw": [
                -0.2113042175769806,
                0.7275711894035339,
                -0.2443515807390213,
                0.6052132844924927
            ],
            "quaternion_xyzw_world": [
                0.6829159259796143,
                0.2890068590641022,
                -0.16664893925189972,
                0.6498685479164124
            ],
            "segmentation_id": 1,
            "visibility": 1
        }
    ]
}