{
    "camera_data": {
        "camera_look_at": {
            "at": [
                1.0,
                0.0,
                0.0
            ],
            "eye": [
                0.0,
                0.0,
                0.0
            ],
            "up": [
                0.0,
                0.0,
                1.0
            ]
        },
        "camera_view_matrix": [
            [
                0.0,
                0.0,
                -1.0,
                0.0
            ],
            [
                -1.0,
                0.0,
                0.0,
                0.0
            ],
            [
                0.0,
                1.0,
                0.0,
                0.0
            ],
            [
                0.0,
                0.0,
                0.0,
                1.0
            ]
        ],
        "height": 400,
        "intrinsics": {
            "cx": 200.0,
            "cy": 200.0,
            "fx": 482.84283447265625,
            "fy": 482.84283447265625
        },
        "location_world": [
            0.0,
            0.0,
            0.0
        ],
        "quaternion_world_xyzw": [
            0.5,
            -0.5,
            -0.5,
            0.5
        ],
        "width": 400
    },
    "objects": [
        {
            "bounding_box_minx_maxx_miny_maxy": [
                137,
                399,
                1,
                181
            ],
            "class": "Colored",
            "local_cuboid": null,
            "local_to_world_matrix": [
                [
                    -0.009605004452168941,
                    0.00012058328866260126,
                    0.011520828120410442,
                    0.0
                ],
                [
                    -0.0028848678339272738,
                    -0.014546552672982216,
                    -0.0022528842091560364,
                    0.0
                ],
                [
                    0.01115444116294384,
                    -0.00365833449177444,
                    0.009337829425930977,
                    0.0
                ],
                [
                    0.5503666400909424,
                    -0.12215616554021835,
                    0.24780429899692535,
                    1.0
                ]
            ],
            "location": [
                0.12215616554021835,
                0.24780429899692535,
                -0.5503666400909424
            ],
            "location_world": [
                0.5503666400909424,
                -0.12215616554021835,
                0.24780429899692535
            ],
            "name": "hope_Colored_cube_0",
            "projected_cuboid": [
                [
                    209.79807376861572,
                    -188.83323669433594
                ],
                [
                    472.4350929260254,
                    -190.09747505187988
                ],
                [
                    553.5032749176025,
                    -180.07068634033203
                ],
                [
                    120.61536312103271,
                    -179.60429191589355
                ],
                [
                    208.88586044311523,
                    47.50070571899414
                ],
                [
                    402.2533893585205,
                    65.27156829833984
                ],
                [
                    421.6052055358887,
                    184.07557010650635
                ],
                [
                    149.73304271697998,
                    147.11229801177979
                ],
                [
                    307.16896057128906,
                    -17.401480674743652
                ]
            ],
            "provenance": "nvisii",
            "quaternion_xyzw": [
                0.6866191029548645,
                0.632747232913971,
                0.32194799184799194,
                -0.15663623809814453
            ],
            "quaternion_xyzw_world": [
                0.4203910529613495,
                -0.10959179699420929,
                0.8989752531051636,
                0.05571994557976723
            ],
            "segmentation_id": 1,
            "visibility": 1
        },
        {
            "bounding_box_minx_maxx_miny_maxy": [
                0,
                88,
                1,
                93
            ],
            "class": "Colored",
            "local_cuboid": null,
            "local_to_world_matrix": [
                [
                    0.013470628298819065,
                    0.002809777157381177,
                    0.005970538128167391,
                    0.0
                ],
                [
                    -0.0051831635646522045,
                    -0.003893987974151969,
                    0.013526706025004387,
                    0.0
                ],
                [
                    0.004083746112883091,
                    -0.014210633933544159,
                    -0.0025260632392019033,
                    0.0
                ],
                [
                    1.7222046852111816,
                    0.576791524887085,
                    0.5923568606376648,
                    1.0
                ]
            ],
            "location": [
                -0.576791524887085,
                0.5923568606376648,
                -1.7222046852111816
            ],
            "location_world": [
                1.7222046852111816,
                0.576791524887085,
                0.5923568606376648
            ],
            "name": "hope_Colored_cube_1",
            "projected_cuboid": [
                [
                    75.74081420898438,
                    78.26405763626099
                ],
                [
                    89.13388252258301,
                    0.6630301475524902
                ],
                [
                    6.21720552444458,
                    -22.391963005065918
                ],
                [
                    -3.159809112548828,
                    59.881699085235596
                ],
                [
                    71.96537256240845,
                    93.0598497390747
                ],
                [
                    87.39897012710571,
                    3.170335292816162
                ],
                [
                    -10.556530952453613,
                    -23.90284538269043
                ],
                [
                    -20.426201820373535,
                    72.33530282974243
                ],
                [
                    38.288867473602295,
                    33.924949169158936
                ]
            ],
            "provenance": "nvisii",
            "quaternion_xyzw": [
                0.2139807641506195,
                0.7683340311050415,
                0.0576377809047699,
                0.6004607677459717
            ],
            "quaternion_xyzw_world": [
                0.7625688910484314,
                -0.0518726222217083,
                0.219745934009552,
                0.6062259078025818
            ],
            "segmentation_id": 2,
            "visibility": 1
        },
        {
            "bounding_box_minx_maxx_miny_maxy": [
                -1,
                -1,
                -1,
                -1
            ],
            "class": "Colored",
            "local_cuboid": null,