{
    "camera_data": {
        "camera_look_at": {
            "at": [
                1.0,
                0.0,
                0.0
            ],
            "eye": [
                0.0,
                0.0,
                0.0
            ],
            "up": [
                0.0,
                0.0,
                1.0
            ]
        },
        "camera_view_matrix": [
            [
                0.0,
                0.0,
                -1.0,
                0.0
            ],
            [
                -1.0,
                0.0,
                0.0,
                0.0
            ],
            [
                0.0,
                1.0,
                0.0,
                0.0
            ],
            [
                0.0,
                0.0,
                0.0,
                1.0
            ]
        ],
        "height": 400,
        "intrinsics": {
            "cx": 200.0,
            "cy": 200.0,
            "fx": 482.84283447265625,
            "fy": 482.84283447265625
        },
        "location_world": [
            0.0,
            0.0,
            0.0
        ],
        "quaternion_world_xyzw": [
            0.5,
            -0.5,
            -0.5,
            0.5
        ],
        "width": 400
    },
    "objects": [
        {
            "bounding_box_minx_maxx_miny_maxy": [
                223,
                372,
                1,
                130
            ],
            "class": "Colored",
            "local_cuboid": null,
            "local_to_world_matrix": [
                [
                    -0.009454441256821156,
                    0.010322247631847858,
                    -0.005391174461692572,
                    0.0
                ],
                [
                    0.004890125710517168,
                    0.00982135534286499,
                    0.01022876612842083,
                    0.0
                ],
                [
                    0.010568832978606224,
                    0.004689582157880068,
                    -0.009555501863360405,
                    0.0
                ],
                [
                    1.665899634361267,
                    -0.32867351174354553,
                    0.485564649105072,
                    1.0
                ]
            ],
            "location": [
                0.32867351174354553,
                0.485564649105072,
                -1.665899634361267
            ],
            "location_world": [
                1.665899634361267,
                -0.32867351174354553,
                0.485564649105072
            ],
            "name": "hope_Colored_cube_0",
            "projected_cuboid": [
                [
                    282.0787191390991,
                    130.66105842590332
                ],
                [
                    222.47605323791504,
                    77.35916376113892
                ],
                [
                    255.51354885101318,
                    -0.6825685501098633
                ],
                [
                    326.28936767578125,
                    55.18441200256348
                ],
                [
                    328.39109897613525,
                    109.22701358795166
                ],
                [
                    272.3083257675171,
                    62.282752990722656
                ],
                [
                    307.8618049621582,
                    -8.96766185760498
                ],
                [
                    373.4920024871826,
                    39.81640338897705
                ],
                [
                    295.2624320983887,
                    59.26433801651001
                ]
            ],
            "provenance": "nvisii",
            "quaternion_xyzw": [
                -0.28918910026550293,
                0.8767349720001221,
                -0.2746102809906006,
                -0.268876850605011
            ],
            "quaternion_xyzw_world": [
                0.29663965106010437,
                0.8547055721282959,
                0.2909061908721924,
                0.3112184405326843
            ],
            "segmentation_id": 1,
            "visibility": 1
        },
        {
            "bounding_box_minx_maxx_miny_maxy": [
                0,
                87,
                1,
                76
            ],
            "class": "Colored",
            "local_cuboid": null,
            "local_to_world_matrix": [
                [
                    0.00014271854888647795,
                    0.014808161184191704,
                    -0.00238704401999712,
                    0.0
                ],
                [
                    -0.0012555272551253438,
                    0.0023905679117888212,
                    0.01475496031343937,
                    0.0
                ],
                [
                    0.014946680516004562,
                    5.941316339885816e-05,
                    0.0012622153153643012,
                    0.0
                ],
                [
                    1.8346517086029053,
                    0.6332972645759583,
                    0.6717724800109863,
                    1.0
                ]
            ],
            "location": [
                -0.6332972645759583,
                0.6717724800109863,
                -1.8346517086029053
            ],
            "location_world": [
                1.8346517086029053,
                0.6332972645759583,
                0.6717724800109863
            ],
            "name": "hope_Colored_cube_1",
            "projected_cuboid": [
                [
                    16.81239604949951,
                    76.03926658630371
                ],
                [
                    2.7802348136901855,
                    2.243030071258545
                ],
                [
                    -32.09426403045654,
                    -25.78897476196289
                ],
                [
                    -15.078067779541016,
                    61.404407024383545
                ],
                [
                    88.2207989692688,
                    64.30877447128296
                ],
                [
                    75.07843971252441,
                    -9.743881225585938
                ],
                [
                    53.07662487030029,
                    -39.967918395996094
                ],
                [
                    68.86067390441895,
                    47.582125663757324
                ],
                [
                    33.32911729812622,
                    23.20321798324585
                ]
            ],
            "provenance": "nvisii",
            "quaternion_xyzw": [
                -0.07995414733886719,
                0.9959065914154053,
                0.042134836316108704,
                0.0013941079378128052
            ],
            "quaternion_xyzw_world": [
                0.4376058876514435,
                0.5161659121513367,
                0.4783466160297394,
                0.5596948862075806
            ],
            "segmentation_id": 2,
            "visibility": 1
        },
        {
            "bounding_box_minx_maxx_miny_maxy": [
                321,
                399,
                1,
                71
            ],
            "class": "Colored",
            "local_cuboid": null,