{
    "camera_data": {
        "camera_look_at": {
            "at": [
                1.0,
                0.0,
                0.0
            ],
            "eye": [
                0.0,
                0.0,
                0.0
            ],
            "up": [
                0.0,
                0.0,
                1.0
            ]
        },
        "camera_view_matrix": [
            [
                0.0,
                0.0,
                -1.0,
                0.0
            ],
            [
                -1.0,
                0.0,
                0.0,
                0.0
            ],
            [
                0.0,
                1.0,
                0.0,
                0.0
            ],
            [
                0.0,
                0.0,
                0.0,
                1.0
            ]
        ],
        "height": 400,
        "intrinsics": {
            "cx": 200.0,
            "cy": 200.0,
            "fx": 482.84283447265625,
            "fy": 482.84283447265625
        },
        "location_world": [
            0.0,
            0.0,
            0.0
        ],
        "quaternion_world_xyzw": [
            0.5,
            -0.5,
            -0.5,
            0.5
        ],
        "width": 400
    },
    "objects": [
        {
            "bounding_box_minx_maxx_miny_maxy": [
                195,
                324,
                23,
                162
            ],
            "class": "Colored",
            "local_cuboid": null,
            "local_to_world_matrix": [
                [
                    -0.00347565277479589,
                    0.011266020126640797,
                    -0.009273436851799488,
                    0.0
                ],
                [
                    -0.0013327382039278746,
                    -0.009738125838339329,
                    -0.011331050656735897,
                    0.0
                ],
                [
                    -0.014530782587826252,
                    -0.0018015815876424313,
                    0.0032573987264186144,
                    0.0
                ],
                [
                    1.7959614992141724,
                    -0.20764829218387604,
                    0.38612836599349976,
                    1.0
                ]
            ],
            "location": [
                0.20764829218387604,
                0.38612836599349976,
                -1.7959614992141724
            ],
            "location_world": [
                1.7959614992141724,
                -0.20764829218387604,
                0.38612836599349976
            ],
            "name": "hope_Colored_cube_0",
            "projected_cuboid": [
                [
                    204.6299934387207,
                    69.81385946273804
                ],
                [
                    263.3875608444214,
                    135.92782020568848
                ],
                [
                    244.46754455566406,
                    162.37882375717163
                ],
                [
                    194.86711025238037,
                    105.90561628341675
                ],
                [
                    268.4847354888916,
                    22.424185276031494
                ],
                [
                    325.81751346588135,
                    85.03419160842896
                ],
                [
                    298.323655128479,
                    118.08414459228516
                ],
                [
                    249.7347354888916,
                    64.17773962020874
                ],
                [
                    255.82609176635742,
                    96.18971347808838
                ]
            ],
            "provenance": "nvisii",
            "quaternion_xyzw": [
                0.09436169266700745,
                0.0820758044719696,
                0.9320931434631348,
                -0.33994391560554504
            ],
            "quaternion_xyzw_world": [
                -0.5477997660636902,
                -0.3022175431251526,
                0.7242372632026672,
                0.28993165493011475
            ],
            "segmentation_id": 1,
            "visibility": 1
        },
        {
            "bounding_box_minx_maxx_miny_maxy": [
                0,
                66,
                128,
                216
            ],
            "class": "Colored",
            "local_cuboid": null,
            "local_to_world_matrix": [
                [
                    -0.0012891697697341442,
                    0.014930156990885735,
                    0.0006545698270201683,
                    0.0
                ],
                [
                    -0.0010785699123516679,
                    -0.0007482397486455739,
                    0.014942450448870659,
                    0.0
                ],
                [
                    0.014905527234077454,
                    0.0012371577322483063,
                    0.001137854764238,
                    0.0
                ],
                [
                    1.8238016366958618,
                    0.6868374943733215,
                    0.1120256558060646,
                    1.0
                ]
            ],
            "location": [
                -0.6868374943733215,
                0.1120256558060646,
                -1.8238016366958618
            ],
            "location_world": [
                1.8238016366958618,
                0.6868374943733215,
                0.1120256558060646
            ],
            "name": "hope_Colored_cube_1",
            "projected_cuboid": [
                [
                    -9.722137451171875,
                    204.77135181427002
                ],
                [
                    -8.336091041564941,
                    130.79450130462646
                ],
                [
                    -38.71650695800781,
                    124.95417594909668
                ],
                [
                    -39.95776176452637,
                    212.1910572052002
                ],
                [
                    65.20053148269653,
                    207.87577629089355
                ],
                [
                    67.3868179321289,
                    134.8986029624939
                ],
                [
                    50.93557834625244,
                    129.87771034240723
                ],
                [
                    48.57449531555176,
                    215.72773456573486
                ],
                [
                    18.163013458251953,
                    170.3417420387268
                ]
            ],
            "provenance": "nvisii",
            "quaternion_xyzw": [
                0.023423507809638977,
                0.9981493949890137,
                0.0370088666677475,
                -0.0421835333108902
            ],
            "quaternion_xyzw_world": [
                0.4711902439594269,
                0.4899502694606781,
                0.550382673740387,
                0.4847756326198578
            ],
            "segmentation_id": 2,
            "visibility": 1
        },
        {
            "bounding_box_minx_maxx_miny_maxy": [
                307,
                399,
                1,
                76
            ],
            "class": "Colored",
            "local_cuboid": null,