{
    "camera_data": {
        "camera_look_at": {
            "at": [
                1.0,
                0.0,
                0.0
            ],
            "eye": [
                0.0,
                0.0,
                0.0
            ],
            "up": [
                0.0,
                0.0,
                1.0
            ]
        },
        "camera_view_matrix": [
            [
                0.0,
                0.0,
                -1.0,
                0.0
            ],
            [
                -1.0,
                0.0,
                0.0,
                0.0
            ],
            [
                0.0,
                1.0,
                0.0,
                0.0
            ],
            [
                0.0,
                0.0,
                0.0,
                1.0
            ]
        ],
        "height": 400,
        "intrinsics": {
            "cx": 200.0,
            "cy": 200.0,
            "fx": 482.84283447265625,
            "fy": 482.84283447265625
        },
        "location_world": [
            0.0,
            0.0,
            0.0
        ],
        "quaternion_world_xyzw": [
            0.5,
            -0.5,
            -0.5,
            0.5
        ],
        "width": 400
    },
    "objects": [
        {
            "bounding_box_minx_maxx_miny_maxy": [
                229,
                370,
                1,
                94
            ],
            "class": "Colored",
            "local_cuboid": null,
            "local_to_world_matrix": [
                [
                    -0.004204446449875832,
                    -0.01384201180189848,
                    -0.003965012263506651,
                    0.0
                ],
                [
                    0.0005505559965968132,
                    -0.004282121546566486,
                    0.014365246519446373,
                    0.0
                ],
                [
                    -0.014388171955943108,
                    0.0038809962570667267,
                    0.0017083167331293225,
                    0.0
                ],
                [
                    1.341875672340393,
                    -0.29412344098091125,
                    0.516584038734436,
                    1.0
                ]
            ],
            "location": [
                0.29412344098091125,
                0.516584038734436,
                -1.341875672340393
            ],
            "location_world": [
                1.341875672340393,
                -0.29412344098091125,
                0.516584038734436
            ],
            "name": "hope_Colored_cube_0",
            "projected_cuboid": [
                [
                    347.27838039398193,
                    52.95151472091675
                ],
                [
                    381.48560523986816,
                    -65.09349346160889
                ],
                [
                    371.3099479675293,
                    -1.071929931640625
                ],
                [
                    343.8692331314087,
                    93.84418725967407
                ],
                [
                    228.97062301635742,
                    31.952130794525146
                ],
                [
                    261.9143009185791,
                    -77.93774604797363
                ],
                [
                    274.7372627258301,
                    -15.016722679138184
                ],
                [
                    248.1137752532959,
                    74.55551624298096
                ],
                [
                    305.83348274230957,
                    14.119219779968262
                ]
            ],
            "provenance": "nvisii",
            "quaternion_xyzw": [
                0.0384257435798645,
                0.13754162192344666,
                0.14029216766357422,
                -0.9797570705413818
            ],
            "quaternion_xyzw_world": [
                -0.47204092144966125,
                0.4692903757095337,
                0.6480082869529724,
                -0.37017449736595154
            ],
            "segmentation_id": 1,
            "visibility": 1
        },
        {
            "bounding_box_minx_maxx_miny_maxy": [
                0,
                83,
                1,
                65
            ],
            "class": "Colored",
            "local_cuboid": null,
            "local_to_world_matrix": [
                [
                    0.0020386737305670977,
                    0.014829661697149277,
                    0.000961788697168231,
                    0.0
                ],
                [
                    -0.0018631736747920513,
                    -0.0007080781506374478,
                    0.014866986311972141,
                    0.0
                ],
                [
                    0.014743557199835777,
                    -0.0021400637924671173,
                    0.0017457765061408281,
                    0.0
                ],
                [
                    1.7964887619018555,
                    0.6328951120376587,
                    0.6848714351654053,
                    1.0
                ]
            ],
            "location": [
                -0.6328951120376587,
                0.6848714351654053,
                -1.7964887619018555
            ],
            "location_world": [
                1.7964887619018555,
                0.6328951120376587,
                0.6848714351654053
            ],
            "name": "hope_Colored_cube_1",
            "projected_cuboid": [
                [
                    13.26819658279419,
                    62.84308433532715
                ],
                [
                    13.206279277801514,
                    -13.572025299072266
                ],
                [
                    -32.67822265625,
                    -41.5083646774292
                ],
                [
                    -31.592559814453125,
                    48.87157678604126
                ],
                [
                    83.08402299880981,
                    64.74584341049194
                ],
                [
                    84.3864917755127,
                    -13.267707824707031
                ],
                [
                    50.37640333175659,
                    -41.855764389038086
                ],
                [
                    49.610137939453125,
                    50.76911449432373
                ],
                [
                    29.896605014801025,
                    15.926897525787354
                ]
            ],
            "provenance": "nvisii",
            "quaternion_xyzw": [
                0.027961790561676025,
                0.9953241348266602,
                0.06043174862861633,
                0.06997287273406982
            ],
            "quaternion_xyzw_world": [
                0.5164135098457336,
                0.4184788465499878,
                0.5068724155426025,
                0.5488834977149963
            ],
            "segmentation_id": 2,
            "visibility": 1
        },
        {
            "bounding_box_minx_maxx_miny_maxy": [
                351,
                399,
                1,
                69
            ],
            "class": "Colored",
            "local_cuboid": null,