{
    "camera_data": {
        "camera_look_at": {
            "at": [
                1.0,
                0.0,
                0.0
            ],
            "eye": [
                0.0,
                0.0,
                0.0
            ],
            "up": [
                0.0,
                0.0,
                1.0
            ]
        },
        "camera_view_matrix": [
            [
                0.0,
                0.0,
                -1.0,
                0.0
            ],
            [
                -1.0,
                0.0,
                0.0,
                0.0
            ],
            [
                0.0,
                1.0,
                0.0,
                0.0
            ],
            [
                0.0,
                0.0,
                0.0,
                1.0
            ]
        ],
        "height": 400,
        "intrinsics": {
            "cx": 200.0,
            "cy": 200.0,
            "fx": 482.84283447265625,
            "fy": 482.84283447265625
        },
        "location_world": [
            0.0,
            0.0,
            0.0
        ],
        "quaternion_world_xyzw": [
            0.5,
            -0.5,
            -0.5,
            0.5
        ],
        "width": 400
    },
    "objects": [
        {
            "bounding_box_minx_maxx_miny_maxy": [
                0,
                399,
                1,
                400
            ],
            "class": "Colored",
            "local_cuboid": null,
            "local_to_world_matrix": [
                [
                    0.005318440496921539,
                    0.010298485867679119,
                    0.009521311149001122,
                    0.0
                ],
                [
                    0.013614051975309849,
                    -0.006238927133381367,
                    -0.0008563993615098298,
                    0.0
                ],
                [
                    0.0033722086809575558,
                    0.00894522201269865,
                    -0.011559032835066319,
                    0.0
                ],
                [
                    0.36185967922210693,
                    0.07756766676902771,
                    -0.027233002707362175,
                    1.0
                ]
            ],
            "location": [
                -0.07756766676902771,
                -0.027233002707362175,
                -0.36185967922210693
            ],
            "location_world": [
                0.36185967922210693,
                0.07756766676902771,
                -0.027233002707362175
            ],
            "name": "hope_Colored_cube_0",
            "projected_cuboid": [
                [
                    -313.3748531341553,
                    260.30592918395996
                ],
                [
                    28.61253023147583,
                    246.37203216552734
                ],
                [
                    173.20984601974487,
                    36.701953411102295
                ],
                [
                    -102.27138996124268,
                    -178.3759355545044
                ],
                [
                    -95.95668315887451,
                    737.1901512145996
                ],
                [
                    198.33942651748657,
                    448.8189697265625
                ],
                [
                    408.1960678100586,
                    218.11106204986572
                ],
                [
                    382.5458526611328,
                    194.05819177627563
                ],
                [
                    96.49858474731445,
                    236.33801937103271
                ]
            ],
            "provenance": "nvisii",
            "quaternion_xyzw": [
                0.3857918381690979,
                0.6808609366416931,
                -0.6162071824073792,
                -0.08877931535243988
            ],
            "quaternion_xyzw_world": [
                0.7970403432846069,
                0.5000277757644653,
                0.26961246132850647,
                -0.2049587219953537
            ],
            "segmentation_id": 1,
            "visibility": 1
        },
        {
            "bounding_box_minx_maxx_miny_maxy": [
                -1,
                -1,
                -1,
                -1
            ],
            "class": "Colored",
            "local_cuboid": null,
            "local_to_world_matrix": [
                [
                    -0.012233966030180454,
                    0.004575682338327169,
                    -0.007375174202024937,
                    0.0
                ],
                [
                    -0.002489635953679681,
                    0.010360436514019966,
                    0.010557606816291809,
                    0.0
                ],
                [
                    0.008314551785588264,
                    0.009834861382842064,
                    -0.007690497674047947,
                    0.0
                ],
                [
                    1.6334846019744873,
                    0.4979453682899475,
                    0.4928554594516754,
                    1.0
                ]
            ],
            "location": [
                -0.4979453682899475,
                0.4928554594516754,
                -1.6334846019744873
            ],
            "location_world": [
                1.6334846019744873,
                0.4979453682899475,
                0.4928554594516754
            ],
            "name": "hope_Colored_cube_1",
            "projected_cuboid": [
                [
                    39.434802532196045,
                    129.4389247894287
                ],
                [
                    -29.40974235534668,
                    62.2367262840271
                ],
                [
                    11.089789867401123,
                    -7.020306587219238
                ],
                [
                    86.42594814300537,
                    70.24703025817871
                ],
                [
                    84.22003984451294,
                    100.490403175354
                ],
                [
                    25.890445709228516,
                    41.557776927948
                ],
                [
                    65.95697402954102,
                    -19.50216293334961
                ],
                [
                    128.8252353668213,
                    46.99438810348511
                ],
                [
                    52.81195640563965,
                    54.31654453277588
                ]
            ],
            "provenance": "nvisii",
            "quaternion_xyzw": [
                -0.3692619502544403,
                0.8004981875419617,
                -0.10828383266925812,
                -0.4594811201095581
            ],
            "quaternion_xyzw_world": [
                0.04001948982477188,
                0.8687625527381897,
                0.3912167549133301,
                0.3009975850582123
            ],
            "segmentation_id": 2,
            "visibility": 0
        },
        {
            "bounding_box_minx_maxx_miny_maxy": [
                296,
                399,
                1,
                88
            ],
            "class": "Colored",
            "local_cuboid": null,