{
    "camera_data": {
        "camera_look_at": {
            "at": [
                1.0,
                0.0,
                0.0
            ],
            "eye": [
                0.0,
                0.0,
                0.0
            ],
            "up": [
                0.0,
                0.0,
                1.0
            ]
        },
        "camera_view_matrix": [
            [
                0.0,
                0.0,
                -1.0,
                0.0
            ],
            [
                -1.0,
                0.0,
                0.0,
                0.0
            ],
            [
                0.0,
                1.0,
                0.0,
                0.0
            ],
            [
                0.0,
                0.0,
                0.0,
                1.0
            ]
        ],
        "height": 400,
        "intrinsics": {
            "cx": 200.0,
            "cy": 200.0,
            "fx": 482.84283447265625,
            "fy": 482.84283447265625
        },
        "location_world": [
            0.0,
            0.0,
            0.0
        ],
        "quaternion_world_xyzw": [
            0.5,
            -0.5,
            -0.5,
            0.5
        ],
        "width": 400
    },
    "objects": [
        {
            "bounding_box_minx_maxx_miny_maxy": [
                168,
                399,
                1,
                139
            ],
            "class": "Colored",
            "local_cuboid": null,
            "local_to_world_matrix": [
                [
                    -0.0029145509470254183,
                    0.006998653057962656,
                    0.012943120673298836,
                    0.0
                ],
                [
                    -0.010801614262163639,
                    -0.009977366775274277,
                    0.0029626768082380295,
                    0.0
                ],
                [
                    0.00999152846634388,
                    -0.008744779042899609,
                    0.0069784121587872505,
                    0.0
                ],
                [
                    0.806648313999176,
                    -0.18524521589279175,
                    0.3342500925064087,
                    1.0
                ]
            ],
            "location": [
                0.18524521589279175,
                0.3342500925064087,
                -0.806648313999176
            ],
            "location_world": [
                0.806648313999176,
                -0.18524521589279175,
                0.3342500925064087
            ],
            "name": "hope_Colored_cube_0",
            "projected_cuboid": [
                [
                    250.4350185394287,
                    -46.87066078186035
                ],
                [
                    389.82319831848145,
                    -153.37178707122803
                ],
                [
                    308.15722942352295,
                    -159.0339183807373
                ],
                [
                    155.77070713043213,
                    -23.885560035705566
                ],
                [
                    312.37192153930664,
                    86.67033910751343
                ],
                [
                    458.1094741821289,
                    22.524535655975342
                ],
                [
                    405.7588577270508,
                    73.37089776992798
                ],
                [
                    238.91282081604004,
                    139.68974351882935
                ],
                [
                    310.88390350341797,
                    -0.07510185241699219
                ]
            ],
            "provenance": "nvisii",
            "quaternion_xyzw": [
                0.5005031228065491,
                0.7632481455802917,
                0.3882535696029663,
                0.1273118257522583
            ],
            "quaternion_xyzw_world": [
                0.5014047622680664,
                -0.12641020119190216,
                0.7623465061187744,
                0.38915520906448364
            ],
            "segmentation_id": 1,
            "visibility": 1
        },
        {
            "bounding_box_minx_maxx_miny_maxy": [
                0,
                97,
                1,
                82
            ],
            "class": "Colored",
            "local_cuboid": null,
            "local_to_world_matrix": [
                [
                    0.007848710753023624,
                    0.012570170685648918,
                    0.002321327570825815,
                    0.0
                ],
                [
                    -0.00010783239849843085,
                    -0.0026587771717458963,
                    0.014762088656425476,
                    0.0
                ],
                [
                    0.012782257050275803,
                    -0.007740911561995745,
                    -0.0013008337700739503,
                    0.0
                ],
                [
                    1.7497280836105347,
                    0.6077266931533813,
                    0.6247692704200745,
                    1.0
                ]
            ],
            "location": [
                -0.6077266931533813,
                0.6247692704200745,
                -1.7497280836105347
            ],
            "location_world": [
                1.7497280836105347,
                0.6077266931533813,
                0.6247692704200745
            ],
            "name": "hope_Colored_cube_1",
            "projected_cuboid": [
                [
                    31.59308433532715,
                    79.76440191268921
                ],
                [
                    44.54076290130615,
                    6.711935997009277
                ],
                [
                    -22.836589813232422,
                    -29.758763313293457
                ],
                [
                    -37.644243240356445,
                    54.316043853759766
                ],
                [
                    84.34048891067505,
                    81.73245191574097
                ],
                [
                    98.48185777664185,
                    2.3044347763061523
                ],
                [
                    33.18793773651123,
                    -38.608598709106445
                ],
                [
                    16.79706573486328,
                    54.02345657348633
                ],
                [
                    32.295966148376465,
                    27.592992782592773
                ]
            ],
            "provenance": "nvisii",
            "quaternion_xyzw": [
                0.08660240471363068,
                0.958423376083374,
                -0.020745933055877686,
                0.27109843492507935
            ],
            "quaternion_xyzw_world": [
                0.6684350371360779,
                0.31073421239852905,
                0.37659069895744324,
                0.5610867142677307
            ],
            "segmentation_id": 2,
            "visibility": 1
        },
        {
            "bounding_box_minx_maxx_miny_maxy": [
                398,
                399,
                77,
                77
            ],
            "class": "Colored",
            "local_cuboid": null,