{
    "camera_data": {
        "camera_look_at": {
            "at": [
                1.0,
                0.0,
                0.0
            ],
            "eye": [
                0.0,
                0.0,
                0.0
            ],
            "up": [
                0.0,
                0.0,
                1.0
            ]
        },
        "camera_view_matrix": [
            [
                0.0,
                0.0,
                -1.0,
                0.0
            ],
            [
                -1.0,
                0.0,
                0.0,
                0.0
            ],
            [
                0.0,
                1.0,
                0.0,
                0.0
            ],
            [
                0.0,
                0.0,
                0.0,
                1.0
            ]
        ],
        "height": 400,
        "intrinsics": {
            "cx": 200.0,
            "cy": 200.0,
            "fx": 482.84283447265625,
            "fy": 482.84283447265625
        },
        "location_world": [
            0.0,
            0.0,
            0.0
        ],
        "quaternion_world_xyzw": [
            0.5,
            -0.5,
            -0.5,
            0.5
        ],
        "width": 400
    },
    "objects": [
        {
            "bounding_box_minx_maxx_miny_maxy": [
                0,
                251,
                99,
                400
            ],
            "class": "Colored",
            "local_cuboid": null,
            "local_to_world_matrix": [
                [
                    0.003857292700558901,
                    0.014341309666633606,
                    0.0021090556401759386,
                    0.0
                ],
                [
                    0.014242400415241718,
                    -0.003343496937304735,
                    -0.003312860382720828,
                    0.0
                ],
                [
                    -0.0026972759515047073,
                    0.0028544459491968155,
                    -0.014476768672466278,
                    0.0
                ],
                [
                    0.3853830099105835,
                    0.14972171187400818,
                    -0.11625093966722488,
                    1.0
                ]
            ],
            "location": [
                -0.14972171187400818,
                -0.11625093966722488,
                -0.3853830099105835
            ],
            "location_world": [
                0.3853830099105835,
                0.14972171187400818,
                -0.11625093966722488
            ],
            "name": "hope_Colored_cube_0",
            "projected_cuboid": [
                [
                    -473.57354164123535,
                    592.2531127929688
                ],
                [
                    -58.017873764038086,
                    444.4228172302246
                ],
                [
                    11.89650297164917,
                    186.59040927886963
                ],
                [
                    -266.44139289855957,
                    70.50949335098267
                ],
                [
                    14.149343967437744,
                    877.6180267333984
                ],
                [
                    198.5187292098999,
                    529.273271560669
                ],
                [
                    252.0726203918457,
                    224.04117584228516
                ],
                [
                    176.62758827209473,
                    115.36270380020142
                ],
                [
                    12.415051460266113,
                    345.64971923828125
                ]
            ],
            "provenance": "nvisii",
            "quaternion_xyzw": [
                0.1457323133945465,
                0.6235807538032532,
                -0.7675876617431641,
                0.02680347114801407
            ],
            "quaternion_xyzw_world": [
                0.7818520665168762,
                0.6093162894248962,
                -0.01253904402256012,
                -0.13146789371967316
            ],
            "segmentation_id": 1,
            "visibility": 1
        },
        {
            "bounding_box_minx_maxx_miny_maxy": [
                0,
                127,
                1,
                106
            ],
            "class": "Colored",
            "local_cuboid": null,
            "local_to_world_matrix": [
                [
                    0.0035175776574760675,
                    0.013450765050947666,
                    -0.005630590952932835,
                    0.0
                ],
                [
                    -0.004421454854309559,
                    0.006503289099782705,
                    0.012773330323398113,
                    0.0
                ],
                [
                    0.013895228505134583,
                    -0.0013357190182432532,
                    0.005489851348102093,
                    0.0
                ],
                [
                    1.6030666828155518,
                    0.47135427594184875,
                    0.45427030324935913,
                    1.0
                ]
            ],
            "location": [
                -0.47135427594184875,
                0.45427030324935913,
                -1.6030666828155518
            ],
            "location_world": [
                1.6030666828155518,
                0.47135427594184875,
                0.45427030324935913
            ],
            "name": "hope_Colored_cube_1",
            "projected_cuboid": [
                [
                    60.1709246635437,
                    113.81042003631592
                ],
                [
                    16.796934604644775,
                    38.23432922363281
                ],
                [
                    -27.057719230651855,
                    43.773066997528076
                ],
                [
                    26.638126373291016,
                    132.63914585113525
                ],
                [
                    128.73226404190063,
                    79.29562330245972
                ],
                [
                    87.16950416564941,
                    -1.3140678405761719
                ],
                [
                    55.210089683532715,
                    -3.4310102462768555
                ],
                [
                    106.5319299697876,
                    92.51246452331543
                ],
                [
                    58.028316497802734,
                    63.17402124404907
                ]
            ],
            "provenance": "nvisii",
            "quaternion_xyzw": [
                -0.21099498867988586,
                0.9584650993347168,
                0.1723468154668808,
                0.08439357578754425
            ],
            "quaternion_xyzw_world": [
                0.3297584354877472,
                0.45635986328125,
                0.41771170496940613,
                0.713100254535675
            ],
            "segmentation_id": 2,
            "visibility": 1
        },
        {
            "bounding_box_minx_maxx_miny_maxy": [
                285,
                399,
                1,
                94
            ],
            "class": "Colored",
            "local_cuboid": null,