{"camera_data": {}, "objects": [{"class": "Cube", "location": [-568.1940889215663, 256.06865199802814, 2320.635326429395], "quaternion_xyzw": [-0.4515669837969693, -0.5574998336900748, -0.010351378830248571, 0.6965443586279049], "projected_cuboid": [[129.71688627418789, 249.05431618426033], [128.4523112208234, 248.16560419445523], [129.26075273601512, 249.62867877725643], [130.52595451223817, 250.51480103399024], [131.4244848885446, 247.63476569705415], [130.1658556382037, 246.74135704044323], [130.97876765239369, 248.20044424181472], [132.2379925957772, 249.09128948587227], [130.34595900804078, 248.62864419442695]]}]}