{
    "camera_data": {
        "camera_look_at": {
            "at": [
                1.0,
                0.0,
                0.0
            ],
            "eye": [
                0.0,
                0.0,
                0.0
            ],
            "up": [
                0.0,
                0.0,
                1.0
            ]
        },
        "camera_view_matrix": [
            [
                0.0,
                0.0,
                -1.0,
                0.0
            ],
            [
                -1.0,
                0.0,
                0.0,
                0.0
            ],
            [
                0.0,
                1.0,
                0.0,
                0.0
            ],
            [
                0.0,
                0.0,
                0.0,
                1.0
            ]
        ],
        "height": 400,
        "intrinsics": {
            "cx": 200.0,
            "cy": 200.0,
            "fx": 482.84283447265625,
            "fy": 482.84283447265625
        },
        "location_world": [
            0.0,
            0.0,
            0.0
        ],
        "quaternion_world_xyzw": [
            0.5,
            -0.5,
            -0.5,
            0.5
        ],
        "width": 400
    },
    "objects": [
        {
            "bounding_box_minx_maxx_miny_maxy": [
                0,
                144,
                21,
                167
            ],
            "class": "Cube",
            "local_cuboid": null,
            "local_to_world_matrix": [
                [
                    0.0027716737240552902,
                    0.004110964480787516,
                    -0.000646372267510742,
                    0.0
                ],
                [
                    -0.0010560490190982819,
                    0.0014460193924605846,
                    0.004668381530791521,
                    0.0
                ],
                [
                    0.0040252432227134705,
                    -0.0024513262324035168,
                    0.0016698547406122088,
                    0.0
                ],
                [
                    1.1652766466140747,
                    0.3007795214653015,
                    0.13486795127391815,
                    1.0
                ]
            ],
            "location": [
                -0.3007795214653015,
                0.13486795127391815,
                -1.1652766466140747
            ],
            "location_world": [
                1.1652766466140747,
                0.3007795214653015,
                0.13486795127391815
            ],
            "name": "hope_Cube_0",
            "projected_cuboid": [
                [
                    76.22612714767456,
                    141.9753074645996
                ],
                [
                    43.90726089477539,
                    51.70015096664429
                ],
                [
                    -39.88966941833496,
                    61.381399631500244
                ],
                [
                    2.0675182342529297,
                    167.22863912582397
                ],
                [
                    144.83163356781006,
                    122.21448421478271
                ],
                [
                    111.76409721374512,
                    20.089435577392578
                ],
                [
                    30.135905742645264,
                    24.44436550140381
                ],
                [
                    74.22003746032715,
                    146.98821306228638
                ],
                [
                    57.15360641479492,
                    93.34005117416382
                ]
            ],
            "provenance": "nvisii",
            "quaternion_xyzw": [
                -0.11088225245475769,
                0.9435197710990906,
                0.1444539874792099,
                0.276782751083374
            ],
            "quaternion_xyzw_world": [
                0.4824831187725067,
                0.3165826201438904,
                0.3501543700695038,
                0.7378193736076355
            ],
            "segmentation_id": 1,
            "visibility": 1
        },
        {
            "bounding_box_minx_maxx_miny_maxy": [
                360,
                399,
                33,
                126
            ],
            "class": "Cube",
            "local_cuboid": null,
            "local_to_world_matrix": [
                [
                    0.0016881978372111917,
                    0.0034690527245402336,
                    0.003180512459948659,
                    0.0
                ],
                [
                    0.00011275693395873532,
                    -0.0034077821765094995,
                    0.00365709001198411,
                    0.0
                ],
                [
                    0.004705026280134916,
                    -0.0011630533263087273,
                    -0.001228834385983646,
                    0.0
                ],
                [
                    0.4615354835987091,
                    -0.23659656941890717,
                    -0.017403090372681618,
                    1.0
                ]
            ],
            "location": [
                0.23659656941890717,
                -0.017403090372681618,
                -0.4615354835987091
            ],
            "location_world": [
                0.4615354835987091,
                -0.23659656941890717,
                -0.017403090372681618
            ],
            "name": "hope_Cube_1",
            "projected_cuboid": [
                [
                    339.05344009399414,
                    175.60876607894897
                ],
                [
                    469.016170501709,
                    35.01565456390381
                ],
                [
                    558.8887691497803,
                    -139.7871494293213
                ],
                [
                    351.0547637939453,
                    83.91388654708862
                ],
                [
                    516.8851375579834,
                    314.7737503051758
                ],
                [
                    665.2180671691895,
                    150.86294412612915
                ],
                [
                    929.9535751342773,
                    16.7252779006958
                ],
                [
                    670.9065914154053,
                    305.9372901916504
                ],
                [
                    534.6033096313477,
                    123.02855253219604
                ]
            ],
            "provenance": "nvisii",
            "quaternion_xyzw": [
                0.3590880036354065,
                0.9173649549484253,
                -0.07312202453613281,
                0.15540441870689392
            ],
            "quaternion_xyzw_world": [
                0.7524896860122681,
                0.23799726366996765,
                0.5239632725715637,
                0.32027968764305115
            ],
            "segmentation_id": 2,
            "visibility": 1
        },
        {
            "bounding_box_minx_maxx_miny_maxy": [
                26,
                131,
                258,
                376
            ],
            "class": "Cube",
            "local_cuboid": null,