{
    "camera_data": {
        "camera_look_at": {
            "at": [
                1.0,
                0.0,
                0.0
            ],
            "eye": [
                0.0,
                0.0,
                0.0
            ],
            "up": [
                0.0,
                0.0,
                1.0
            ]
        },
        "camera_view_matrix": [
            [
                0.0,
                0.0,
                -1.0,
                0.0
            ],
            [
                -1.0,
                0.0,
                0.0,
                0.0
            ],
            [
                0.0,
                1.0,
                0.0,
                0.0
            ],
            [
                0.0,
                0.0,
                0.0,
                1.0
            ]
        ],
        "height": 400,
        "intrinsics": {
            "cx": 200.0,
            "cy": 200.0,
            "fx": 482.84283447265625,
            "fy": 482.84283447265625
        },
        "location_world": [
            0.0,
            0.0,
            0.0
        ],
        "quaternion_world_xyzw": [
            0.5,
            -0.5,
            -0.5,
            0.5
        ],
        "width": 400
    },
    "objects": [
        {
            "bounding_box_minx_maxx_miny_maxy": [
                228,
                365,
                36,
                185
            ],
            "class": "Cube",
            "local_cuboid": null,
            "local_to_world_matrix": [
                [
                    -0.0024001412093639374,
                    0.004239005036652088,
                    0.0011270131217315793,
                    0.0
                ],
                [
                    0.003952949307858944,
                    0.0026471810415387154,
                    -0.0015383836580440402,
                    0.0
                ],
                [
                    -0.001900924718938768,
                    0.00015253759920597076,
                    -0.004622036125510931,
                    0.0
                ],
                [
                    1.2044953107833862,
                    -0.316280335187912,
                    0.26413214206695557,
                    1.0
                ]
            ],
            "location": [
                0.316280335187912,
                0.26413214206695557,
                -1.2044953107833862
            ],
            "location_world": [
                1.2044953107833862,
                -0.316280335187912,
                0.26413214206695557
            ],
            "name": "hope_Cube_0",
            "projected_cuboid": [
                [
                    290.88964462280273,
                    122.19862937927246
                ],
                [
                    227.6487112045288,
                    162.76440620422363
                ],
                [
                    228.4076690673828,
                    85.01402139663696
                ],
                [
                    286.7318868637085,
                    34.79105234146118
                ],
                [
                    366.01951122283936,
                    152.22817659378052
                ],
                [
                    297.6465702056885,
                    185.15697717666626
                ],
                [
                    293.9382553100586,
                    112.17736005783081
                ],
                [
                    356.79945945739746,
                    70.64011096954346
                ],
                [
                    292.6553010940552,
                    116.39468669891357
                ]
            ],
            "provenance": "nvisii",
            "quaternion_xyzw": [
                -0.14114773273468018,
                0.5385024547576904,
                -0.796188235282898,
                -0.237016499042511
            ],
            "quaternion_xyzw_world": [
                0.4782631993293762,
                0.8564274311065674,
                -0.08090855181217194,
                -0.17677727341651917
            ],
            "segmentation_id": 1,
            "visibility": 1
        },
        {
            "bounding_box_minx_maxx_miny_maxy": [
                0,
                128,
                5,
                206
            ],
            "class": "Cube",
            "local_cuboid": null,
            "local_to_world_matrix": [
                [
                    8.151114161591977e-05,
                    0.004865740891546011,
                    0.0011480107204988599,
                    0.0
                ],
                [
                    -0.0023177035618573427,
                    -0.000980544020421803,
                    0.0043205083347857,
                    0.0
                ],
                [
                    0.004429629072546959,
                    -0.0006025844486430287,
                    0.002239482244476676,
                    0.0
                ],
                [
                    0.9282122850418091,
                    0.3209690749645233,
                    0.07450472563505173,
                    1.0
                ]
            ],
            "location": [
                -0.3209690749645233,
                0.07450472563505173,
                -0.9282122850418091
            ],
            "location_world": [
                0.9282122850418091,
                0.3209690749645233,
                0.07450472563505173
            ],
            "name": "hope_Cube_1",
            "projected_cuboid": [
                [
                    1.6904234886169434,
                    126.16193294525146
                ],
                [
                    2.4376273155212402,
                    4.161727428436279
                ],
                [
                    -80.42495250701904,
                    19.356441497802734
                ],
                [
                    -69.65668201446533,
                    172.17988967895508
                ],
                [
                    114.19835090637207,
                    152.60043144226074
                ],
                [
                    129.10475730895996,
                    33.386874198913574
                ],
                [
                    85.86301803588867,
                    57.92297124862671
                ],
                [
                    73.05314540863037,
                    206.02939128875732
                ],
                [
                    35.52063703536987,
                    98.73569011688232
                ]
            ],
            "provenance": "nvisii",
            "quaternion_xyzw": [
                0.1103132963180542,
                0.9647766351699829,
                0.23617829382419586,
                0.03545364737510681
            ],
            "quaternion_xyzw_world": [
                0.43718263506889343,
                0.2914156913757324,
                0.6379073262214661,
                0.5630476474761963
            ],
            "segmentation_id": 2,
            "visibility": 1
        },
        {
            "bounding_box_minx_maxx_miny_maxy": [
                218,
                327,
                297,
                400
            ],
            "class": "Cube",
            "local_cuboid": null,