{
    "camera_data": {
        "camera_look_at": {
            "at": [
                1.0,
                0.0,
                0.0
            ],
            "eye": [
                0.0,
                0.0,
                0.0
            ],
            "up": [
                0.0,
                0.0,
                1.0
            ]
        },
        "camera_view_matrix": [
            [
                0.0,
                0.0,
                -1.0,
                0.0
            ],
            [
                -1.0,
                0.0,
                0.0,
                0.0
            ],
            [
                0.0,
                1.0,
                0.0,
                0.0
            ],
            [
                0.0,
                0.0,
                0.0,
                1.0
            ]
        ],
        "height": 500,
        "intrinsics": {
            "cx": 250.0,
            "cy": 250.0,
            "fx": 603.5535278320312,
            "fy": 603.5535278320312
        },
        "location_world": [
            0.0,
            0.0,
            0.0
        ],
        "quaternion_world_xyzw": [
            0.5,
            -0.5,
            -0.5,
            0.5
        ],
        "width": 500
    },
    "objects": [
        {
            "bounding_box_minx_maxx_miny_maxy": [
                403,
                499,
                290,
                494
            ],
            "class": "Cube",
            "local_cuboid": null,
            "local_to_world_matrix": [
                [
                    0.0033323420211672783,
                    0.002058787038549781,
                    -0.003107553580775857,
                    0.0
                ],
                [
                    -0.003676407039165497,
                    0.0025040097534656525,
                    -0.002283411333337426,
                    0.0
                ],
                [
                    0.0006160576594993472,
                    0.0038067479617893696,
                    0.003182631451636553,
                    0.0
                ],
                [
                    1.2672897577285767,
                    -0.5721715688705444,
                    -0.20653791725635529,
                    1.0
                ]
            ],
            "location": [
                0.5721715688705444,
                -0.20653791725635529,
                -1.2672897577285767
            ],
            "location_world": [
                1.2672897577285767,
                -0.5721715688705444,
                -0.20653791725635529
            ],
            "name": "hope_Cube_0",
            "projected_cuboid": [
                [
                    438.01766633987427,
                    340.4274582862854
                ],
                [
                    403.33276987075806,
                    412.77721524238586
                ],
                [
                    507.2100758552551,
                    500.5491375923157
                ],
                [
                    528.3940434455872,
                    414.4464135169983
                ],
                [
                    515.9380435943604,
                    274.8003304004669
                ],
                [
                    489.66652154922485,
                    347.1413850784302
                ],
                [
                    613.81995677948,
                    447.7108120918274
                ],
                [
                    621.2543845176697,
                    357.64312744140625
                ],
                [
                    511.66319847106934,
                    385.3696286678314
                ]
            ],
            "provenance": "nvisii",
            "quaternion_xyzw": [
                -0.540401816368103,
                0.5192029476165771,
                0.660535454750061,
                -0.04568594694137573
            ],
            "quaternion_xyzw_world": [
                -0.36371010541915894,
                0.22237762808799744,
                0.34251126646995544,
                0.8372271060943604
            ],
            "segmentation_id": 1,
            "visibility": 1
        },
        {
            "bounding_box_minx_maxx_miny_maxy": [
                138,
                274,
                223,
                364
            ],
            "class": "Cube",
            "local_cuboid": null,
            "local_to_world_matrix": [
                [
                    -0.004175553098320961,
                    -0.0016492988215759397,
                    -0.002201038645580411,
                    0.0
                ],
                [
                    0.0007622843841090798,
                    0.0031505823135375977,
                    -0.0038069349247962236,
                    0.0
                ],
                [
                    0.002642665524035692,
                    -0.003514775075018406,
                    -0.002379637910053134,
                    0.0
                ],
                [
                    1.7699241638183594,
                    0.05761173367500305,
                    -0.028460415080189705,
                    1.0
                ]
            ],
            "location": [
                -0.05761173367500305,
                -0.028460415080189705,
                -1.7699241638183594
            ],
            "location_world": [
                1.7699241638183594,
                0.05761173367500305,
                -0.028460415080189705
            ],
            "name": "hope_Cube_1",
            "projected_cuboid": [
                [
                    274.9180495738983,
                    299.83505606651306
                ],
                [
                    220.65681219100952,
                    363.67863416671753
                ],
                [
                    153.51828932762146,
                    328.99874448776245
                ],
                [
                    210.66220104694366,
                    259.05463099479675
                ],
                [
                    246.58633768558502,
                    260.24141907691956
                ],
                [
                    198.59671592712402,
                    318.11073422431946
                ],
                [
                    137.47116923332214,
                    284.0912640094757
                ],
                [
                    187.67908215522766,
                    221.27622365951538
                ],
                [
                    203.9903700351715,
                    291.71067476272583
                ]
            ],
            "provenance": "nvisii",
            "quaternion_xyzw": [
                -0.8092867136001587,
                0.33063817024230957,
                -0.47513002157211304,
                -0.09992462396621704
            ],
            "quaternion_xyzw_world": [
                -0.05172157287597656,
                0.8574897646903992,
                -0.42692697048187256,
                0.2824350893497467
            ],
            "segmentation_id": 2,
            "visibility": 1
        },
        {
            "bounding_box_minx_maxx_miny_maxy": [
                0,
                241,
                375,
                500
            ],
            "class": "Cube",
            "local_cuboid": null,