{
    "camera_data": {
        "camera_look_at": {
            "at": [
                1.0,
                0.0,
                0.0
            ],
            "eye": [
                0.0,
                0.0,
                0.0
            ],
            "up": [
                0.0,
                0.0,
                1.0
            ]
        },
        "camera_view_matrix": [
            [
                0.0,
                0.0,
                -1.0,
                0.0
            ],
            [
                -1.0,
                0.0,
                0.0,
                0.0
            ],
            [
                0.0,
                1.0,
                0.0,
                0.0
            ],
            [
                0.0,
                0.0,
                0.0,
                1.0
            ]
        ],
        "height": 400,
        "intrinsics": {
            "cx": 200.0,
            "cy": 200.0,
            "fx": 482.84283447265625,
            "fy": 482.84283447265625
        },
        "location_world": [
            0.0,
            0.0,
            0.0
        ],
        "quaternion_world_xyzw": [
            0.5,
            -0.5,
            -0.5,
            0.5
        ],
        "width": 400
    },
    "objects": [
        {
            "bounding_box_minx_maxx_miny_maxy": [
                202,
                322,
                294,
                400
            ],
            "class": "Cube",
            "local_cuboid": null,
            "local_to_world_matrix": [
                [
                    -0.001495255739428103,
                    -0.004581802990287542,
                    -0.0013308976776897907,
                    0.0
                ],
                [
                    -0.0009830883936956525,
                    0.0016606604913249612,
                    -0.004612563643604517,
                    0.0
                ],
                [
                    0.004668805282562971,
                    -0.0011177145643159747,
                    -0.0013974863104522228,
                    0.0
                ],
                [
                    1.3914735317230225,
                    -0.2298169583082199,
                    -0.3202480375766754,
                    1.0
                ]
            ],
            "location": [
                0.2298169583082199,
                -0.3202480375766754,
                -1.3914735317230225
            ],
            "location_world": [
                1.3914735317230225,
                -0.2298169583082199,
                -0.3202480375766754
            ],
            "name": "hope_Cube_0",
            "projected_cuboid": [
                [
                    322.22142219543457,
                    327.5240898132324
                ],
                [
                    298.2464790344238,
                    410.2623462677002
                ],
                [
                    294.838547706604,
                    423.17700386047363
                ],
                [
                    323.4719514846802,
                    324.3164539337158
                ],
                [
                    244.74077224731445,
                    300.5666255950928
                ],
                [
                    219.4185495376587,
                    378.28571796417236
                ],
                [
                    201.64237022399902,
                    384.5255374908447
                ],
                [
                    232.13555812835693,
                    292.7457809448242
                ],
                [
                    266.51532649993896,
                    353.8580894470215
                ]
            ],
            "provenance": "nvisii",
            "quaternion_xyzw": [
                -0.9711635112762451,
                0.154019296169281,
                -0.13452783226966858,
                -0.12256303429603577
            ],
            "quaternion_xyzw_world": [
                -0.40258973836898804,
                0.6911368370056152,
                -0.41455453634262085,
                0.4340460002422333
            ],
            "segmentation_id": 1,
            "visibility": 1
        },
        {
            "bounding_box_minx_maxx_miny_maxy": [
                0,
                100,
                1,
                220
            ],
            "class": "Cube",
            "local_cuboid": null,
            "local_to_world_matrix": [
                [
                    -0.0015961980680003762,
                    0.004321209620684385,
                    0.001944044604897499,
                    0.0
                ],
                [
                    0.0014451496535912156,
                    0.0023976105730980635,
                    -0.004142825957387686,
                    0.0
                ],
                [
                    -0.00451261643320322,
                    -0.0007606659783050418,
                    -0.0020143717993050814,
                    0.0
                ],
                [
                    0.4265137314796448,
                    0.19990991055965424,
                    0.2549712359905243,
                    1.0
                ]
            ],
            "location": [
                -0.19990991055965424,
                0.2549712359905243,
                -0.4265137314796448
            ],
            "location_world": [
                0.4265137314796448,
                0.19990991055965424,
                0.2549712359905243
            ],
            "name": "hope_Cube_1",
            "projected_cuboid": [
                [
                    -309.5252990722656,
                    -246.54884338378906
                ],
                [
                    -370.40205001831055,
                    135.71624755859375
                ],
                [
                    -177.3991823196411,
                    76.02076530456543
                ],
                [
                    -116.10147953033447,
                    -142.18075275421143
                ],
                [
                    100.50601959228516,
                    -13.031697273254395
                ],
                [
                    -18.53358745574951,
                    257.97197818756104
                ],
                [
                    28.963327407836914,
                    163.24856281280518
                ],
                [
                    107.55813121795654,
                    -14.006614685058594
                ],
                [
                    -71.19603157043457,
                    41.98880195617676
                ]
            ],
            "provenance": "nvisii",
            "quaternion_xyzw": [
                -0.12429820001125336,
                0.18245108425617218,
                -0.9480679035186768,
                -0.22897394001483917
            ],
            "quaternion_xyzw_world": [
                0.3886234164237976,
                0.7418955564498901,
                -0.3304705321788788,
                -0.4351462423801422
            ],
            "segmentation_id": 2,
            "visibility": 1
        },
        {
            "bounding_box_minx_maxx_miny_maxy": [
                0,
                95,
                157,
                282
            ],
            "class": "Cube",
            "local_cuboid": null,