{
    "camera_data": {
        "camera_look_at": {
            "at": [
                1.0,
                0.0,
                0.0
            ],
            "eye": [
                0.0,
                0.0,
                0.0
            ],
            "up": [
                0.0,
                0.0,
                1.0
            ]
        },
        "camera_view_matrix": [
            [
                0.0,
                0.0,
                -1.0,
                0.0
            ],
            [
                -1.0,
                0.0,
                0.0,
                0.0
            ],
            [
                0.0,
                1.0,
                0.0,
                0.0
            ],
            [
                0.0,
                0.0,
                0.0,
                1.0
            ]
        ],
        "height": 500,
        "intrinsics": {
            "cx": 250.0,
            "cy": 250.0,
            "fx": 603.5535278320312,
            "fy": 603.5535278320312
        },
        "location_world": [
            0.0,
            0.0,
            0.0
        ],
        "quaternion_world_xyzw": [
            0.5,
            -0.5,
            -0.5,
            0.5
        ],
        "width": 500
    },
    "objects": [
        {
            "bounding_box_minx_maxx_miny_maxy": [
                331,
                499,
                1,
                168
            ],
            "class": "Cube",
            "local_cuboid": null,
            "local_to_world_matrix": [
                [
                    -0.0035390229895710945,
                    0.005832958035171032,
                    0.001565860933624208,
                    0.0
                ],
                [
                    0.0005684004863724113,
                    -0.0014851575251668692,
                    0.006816980894654989,
                    0.0
                ],
                [
                    0.006012673024088144,
                    0.0035736411809921265,
                    0.0002772218140307814,
                    0.0
                ],
                [
                    1.653013825416565,
                    -0.4650779068470001,
                    0.2905169725418091,
                    1.0
                ]
            ],
            "location": [
                0.4650779068470001,
                0.2905169725418091,
                -1.653013825416565
            ],
            "location_world": [
                1.653013825416565,
                -0.4650779068470001,
                0.2905169725418091
            ],
            "name": "hope_Cube_0",
            "projected_cuboid": [
                [
                    330.9192657470703,
                    131.53371214866638
                ],
                [
                    355.30948638916016,
                    15.456855297088623
                ],
                [
                    452.0097076892853,
                    -27.620822191238403
                ],
                [
                    424.3779182434082,
                    112.26582527160645
                ],
                [
                    416.39649868011475,
                    167.59277880191803
                ],
                [
                    437.2740685939789,
                    61.67888641357422
                ],
                [
                    538.6236906051636,
                    31.887561082839966
                ],
                [
                    515.6117677688599,
                    157.2805941104889
                ],
                [
                    431.80447816848755,
                    83.13407003879547
                ]
            ],
            "provenance": "nvisii",
            "quaternion_xyzw": [
                0.11381915211677551,
                0.9573514461517334,
                -0.010862499475479126,
                -0.26534008979797363
            ],
            "quaternion_xyzw_world": [
                0.4083465337753296,
                0.5598674416542053,
                0.6628240942955017,
                0.28366485238075256
            ],
            "segmentation_id": 1,
            "visibility": 1
        },
        {
            "bounding_box_minx_maxx_miny_maxy": [
                213,
                386,
                207,
                410
            ],
            "class": "Cube",
            "local_cuboid": null,
            "local_to_world_matrix": [
                [
                    -0.003605893813073635,
                    0.003161842003464699,
                    -0.005099048372358084,
                    0.0
                ],
                [
                    0.0008562589646317065,
                    0.006159394979476929,
                    0.003213826334103942,
                    0.0
                ],
                [
                    0.005938380025327206,
                    0.001031801220960915,
                    -0.00355963921174407,
                    0.0
                ],
                [
                    1.7175848484039307,
                    -0.29139482975006104,
                    -0.25402551889419556,
                    1.0
                ]
            ],
            "location": [
                0.29139482975006104,
                -0.25402551889419556,
                -1.7175848484039307
            ],
            "location_world": [
                1.7175848484039307,
                -0.29139482975006104,
                -0.25402551889419556
            ],
            "name": "hope_Cube_1",
            "projected_cuboid": [
                [
                    313.40187788009644,
                    409.90087389945984
                ],
                [
                    209.7071409225464,
                    352.8100848197937
                ],
                [
                    222.3065197467804,
                    302.2805452346802
                ],
                [
                    347.1836745738983,
                    369.37016248703003
                ],
                [
                    356.33528232574463,
                    316.5017068386078
                ],
                [
                    261.0735297203064,
                    266.5604054927826
                ],
                [
                    281.29884600639343,
                    206.33748173713684
                ],
                [
                    394.1291570663452,
                    263.6616826057434
                ],
                [
                    297.6910471916199,
                    310.2792501449585
                ]
            ],
            "provenance": "nvisii",
            "quaternion_xyzw": [
                -0.48413074016571045,
                0.8305344581604004,
                -0.18989059329032898,
                -0.19942817091941833
            ],
            "quaternion_xyzw_world": [
                0.1684330552816391,
                0.8519919514656067,
                0.17797064781188965,
                0.46267321705818176
            ],
            "segmentation_id": 2,
            "visibility": 1
        },
        {
            "bounding_box_minx_maxx_miny_maxy": [
                0,
                302,
                108,
                435
            ],
            "class": "Cube",
            "local_cuboid": null,