{
    "camera_data": {
        "camera_look_at": {
            "at": [
                1.0,
                0.0,
                0.0
            ],
            "eye": [
                0.0,
                0.0,
                0.0
            ],
            "up": [
                0.0,
                0.0,
                1.0
            ]
        },
        "camera_view_matrix": [
            [
                0.0,
                0.0,
                -1.0,
                0.0
            ],
            [
                -1.0,
                0.0,
                0.0,
                0.0
            ],
            [
                0.0,
                1.0,
                0.0,
                0.0
            ],
            [
                0.0,
                0.0,
                0.0,
                1.0
            ]
        ],
        "height": 500,
        "intrinsics": {
            "cx": 250.0,
            "cy": 250.0,
            "fx": 603.5535278320312,
            "fy": 603.5535278320312
        },
        "location_world": [
            0.0,
            0.0,
            0.0
        ],
        "quaternion_world_xyzw": [
            0.5,
            -0.5,
            -0.5,
            0.5
        ],
        "width": 500
    },
    "objects": [
        {
            "bounding_box_minx_maxx_miny_maxy": [
                0,
                192,
                1,
                201
            ],
            "class": "Cube",
            "local_cuboid": null,
            "local_to_world_matrix": [
                [
                    0.009778439067304134,
                    -0.0020861520897597075,
                    0.00017346578533761203,
                    0.0
                ],
                [
                    -0.0020923656411468983,
                    -0.009765654802322388,
                    0.0005040680407546461,
                    0.0
                ],
                [
                    6.424438470276073e-05,
                    -0.0005291952402330935,
                    -0.009985785000026226,
                    0.0
                ],
                [
                    1.750623106956482,
                    0.7321792840957642,
                    0.4068567156791687,
                    1.0
                ]
            ],
            "location": [
                -0.7321792840957642,
                0.4068567156791687,
                -1.750623106956482
            ],
            "location_world": [
                1.750623106956482,
                0.7321792840957642,
                0.4068567156791687
            ],
            "name": "hope_Cube_0",
            "projected_cuboid": [
                [
                    48.44300448894501,
                    201.1675238609314
                ],
                [
                    193.05603206157684,
                    190.4277801513672
                ],
                [
                    184.5044195652008,
                    30.786901712417603
                ],
                [
                    40.107131004333496,
                    49.92195963859558
                ],
                [
                    -58.66950750350952,
                    188.80456686019897
                ],
                [
                    128.34706902503967,
                    173.40081930160522
                ],
                [
                    116.66037142276764,
                    -42.032986879348755
                ],
                [
                    -69.9428915977478,
                    -11.616259813308716
                ],
                [
                    76.55912637710571,
                    100.93119740486145
                ]
            ],
            "provenance": "nvisii",
            "quaternion_xyzw": [
                0.5395908355712891,
                0.460493266582489,
                -0.4285305440425873,
                0.5595975518226624
            ],
            "quaternion_xyzw_world": [
                0.994106113910675,
                -0.10508228838443756,
                0.005977988243103027,
                0.025984732434153557
            ],
            "segmentation_id": 1,
            "visibility": 1
        }
    ]
}