{
    "camera_data": {
        "camera_look_at": {
            "at": [
                1.0,
                0.0,
                0.0
            ],
            "eye": [
                0.0,
                0.0,
                0.0
            ],
            "up": [
                0.0,
                0.0,
                1.0
            ]
        },
        "camera_view_matrix": [
            [
                0.0,
                0.0,
                -1.0,
                0.0
            ],
            [
                -1.0,
                0.0,
                0.0,
                0.0
            ],
            [
                0.0,
                1.0,
                0.0,
                0.0
            ],
            [
                0.0,
                0.0,
                0.0,
                1.0
            ]
        ],
        "height": 500,
        "intrinsics": {
            "cx": 250.0,
            "cy": 250.0,
            "fx": 603.5535278320312,
            "fy": 603.5535278320312
        },
        "location_world": [
            0.0,
            0.0,
            0.0
        ],
        "quaternion_world_xyzw": [
            0.5,
            -0.5,
            -0.5,
            0.5
        ],
        "width": 500
    },
    "objects": [
        {
            "bounding_box_minx_maxx_miny_maxy": [
                0,
                198,
                364,
                500
            ],
            "class": "Cube",
            "local_cuboid": null,
            "local_to_world_matrix": [
                [
                    0.0019132844172418118,
                    0.006238170899450779,
                    -0.0025346768088638783,
                    0.0
                ],
                [
                    0.0005140483845025301,
                    0.002492002211511135,
                    0.006521172821521759,
                    0.0
                ],
                [
                    0.006713800597935915,
                    -0.001968544442206621,
                    0.00022302621800918132,
                    0.0
                ],
                [
                    1.3017314672470093,
                    0.3219870626926422,
                    -0.6651067733764648,
                    1.0
                ]
            ],
            "location": [
                -0.3219870626926422,
                -0.6651067733764648,
                -1.3017314672470093
            ],
            "location_world": [
                1.3017314672470093,
                0.3219870626926422,
                -0.6651067733764648
            ],
            "name": "hope_Cube_0",
            "projected_cuboid": [
                [
                    79.47233319282532,
                    537.5347137451172
                ],
                [
                    33.578068017959595,
                    405.21493554115295
                ],
                [
                    -75.79284906387329,
                    453.94235849380493
                ],
                [
                    -19.24028992652893,
                    624.9099969863892
                ],
                [
                    200.40830969810486,
                    503.08138132095337
                ],
                [
                    149.33334290981293,
                    362.62816190719604
                ],
                [
                    65.5030906200409,
                    402.6896059513092
                ],
                [
                    130.38094341754913,
                    587.5037908554077
                ],
                [
                    73.56537878513336,
                    480.5147647857666
                ]
            ],
            "provenance": "nvisii",
            "quaternion_xyzw": [
                -0.18462881445884705,
                0.9723525643348694,
                -0.010689154267311096,
                0.14257870614528656
            ],
            "quaternion_xyzw_world": [
                0.4704957902431488,
                0.5125458836555481,
                0.31722792983055115,
                0.644435465335846
            ],
            "segmentation_id": 1,
            "visibility": 1
        }
    ]
}