{
    "camera_data": {
        "camera_look_at": {
            "at": [
                1.0,
                0.0,
                0.0
            ],
            "eye": [
                0.0,
                0.0,
                0.0
            ],
            "up": [
                0.0,
                0.0,
                1.0
            ]
        },
        "camera_view_matrix": [
            [
                0.0,
                0.0,
                -1.0,
                0.0
            ],
            [
                -1.0,
                0.0,
                0.0,
                0.0
            ],
            [
                0.0,
                1.0,
                0.0,
                0.0
            ],
            [
                0.0,
                0.0,
                0.0,
                1.0
            ]
        ],
        "height": 500,
        "intrinsics": {
            "cx": 250.0,
            "cy": 250.0,
            "fx": 603.5535278320312,
            "fy": 603.5535278320312
        },
        "location_world": [
            0.0,
            0.0,
            0.0
        ],
        "quaternion_world_xyzw": [
            0.5,
            -0.5,
            -0.5,
            0.5
        ],
        "width": 500
    },
    "objects": [
        {
            "bounding_box_minx_maxx_miny_maxy": [
                141,
                164,
                222,
                246
            ],
            "class": "Cube",
            "local_cuboid": null,
            "local_to_world_matrix": [
                [
                    -0.0006598012987524271,
                    0.00011535245721461251,
                    0.0007425342337228358,
                    0.0
                ],
                [
                    -0.0006366798770613968,
                    -0.0006106700166128576,
                    -0.00047087357961572707,
                    0.0
                ],
                [
                    0.00039912661304697394,
                    -0.0007834392017684877,
                    0.00047636262024752796,
                    0.0
                ],
                [
                    1.9642000198364258,
                    0.32930588722229004,
                    0.06449498236179352,
                    1.0
                ]
            ],
            "location": [
                -0.32930588722229004,
                0.06449498236179352,
                -1.9642000198364258
            ],
            "location_world": [
                1.9642000198364258,
                0.32930588722229004,
                0.06449498236179352
            ],
            "name": "hope_Cube_0",
            "projected_cuboid": [
                [
                    153.62432599067688,
                    220.7215577363968
                ],
                [
                    161.6002768278122,
                    227.6160567998886
                ],
                [
                    148.26977252960205,
                    234.9243313074112
                ],
                [
                    140.43068885803223,
                    227.83878445625305
                ],
                [
                    156.97017312049866,
                    232.46325552463531
                ],
                [
                    164.86620903015137,
                    239.4324541091919
                ],
                [
                    151.7961323261261,
                    246.738001704216
                ],
                [
                    144.03128623962402,
                    239.5802140235901
                ],
                [
                    152.71463990211487,
                    233.66700112819672
                ]
            ],
            "provenance": "nvisii",
            "quaternion_xyzw": [
                0.6623156070709229,
                0.5107851028442383,
                0.5447705388069153,
                0.060513824224472046
            ],
            "quaternion_xyzw_world": [
                0.34442201256752014,
                -0.37840741872787476,
                0.8286787271499634,
                0.22687691450119019
            ],
            "segmentation_id": 1,
            "visibility": 1
        }
    ]
}