{
    "camera_data": {
        "camera_look_at": {
            "at": [
                1.0,
                0.0,
                0.0
            ],
            "eye": [
                0.0,
                0.0,
                0.0
            ],
            "up": [
                0.0,
                0.0,
                1.0
            ]
        },
        "camera_view_matrix": [
            [
                0.0,
                0.0,
                -1.0,
                0.0
            ],
            [
                -1.0,
                0.0,
                0.0,
                0.0
            ],
            [
                0.0,
                1.0,
                0.0,
                0.0
            ],
            [
                0.0,
                0.0,
                0.0,
                1.0
            ]
        ],
        "height": 500,
        "intrinsics": {
            "cx": 250.0,
            "cy": 250.0,
            "fx": 603.5535278320312,
            "fy": 603.5535278320312
        },
        "location_world": [
            0.0,
            0.0,
            0.0
        ],
        "quaternion_world_xyzw": [
            0.5,
            -0.5,
            -0.5,
            0.5
        ],
        "width": 500
    },
    "objects": [
        {
            "bounding_box_minx_maxx_miny_maxy": [
                0,
                127,
                390,
                500
            ],
            "class": "Cube",
            "local_cuboid": null,
            "local_to_world_matrix": [
                [
                    0.006995374336838722,
                    -0.00018966657808050513,
                    -0.00016960631182882935,
                    0.0
                ],
                [
                    0.0001847436506068334,
                    0.0005777080659754574,
                    0.006973673589527607,
                    0.0
                ],
                [
                    -0.00017495568317826837,
                    -0.006973541807383299,
                    0.000582332257181406,
                    0.0
                ],
                [
                    1.8141249418258667,
                    0.58150714635849,
                    -0.8168638944625854,
                    1.0
                ]
            ],
            "location": [
                -0.58150714635849,
                -0.8168638944625854,
                -1.8141249418258667
            ],
            "location_world": [
                1.8141249418258667,
                0.58150714635849,
                -0.8168638944625854
            ],
            "name": "hope_Cube_0",
            "projected_cuboid": [
                [
                    127.61671841144562,
                    495.28107047080994
                ],
                [
                    119.43995952606201,
                    388.5967433452606
                ],
                [
                    14.925315976142883,
                    396.7665433883667
                ],
                [
                    22.581905126571655,
                    503.0205249786377
                ],
                [
                    97.93262183666229,
                    544.6265935897827
                ],
                [
                    88.18311989307404,
                    414.9688482284546
                ],
                [
                    -38.282960653305054,
                    424.7279167175293
                ],
                [
                    -29.29610013961792,
                    553.7504553794861
                ],
                [
                    52.23292112350464,
                    463.2221460342407
                ]
            ],
            "provenance": "nvisii",
            "quaternion_xyzw": [
                -0.038283418864011765,
                0.6971638798713684,
                0.020367681980133057,
                0.7155990600585938
            ],
            "quaternion_xyzw_world": [
                0.6770559549331665,
                -0.00025968090631067753,
                -0.018175432458519936,
                0.7357070446014404
            ],
            "segmentation_id": 1,
            "visibility": 1
        }
    ]
}