{
    "camera_data": {
        "camera_look_at": {
            "at": [
                1.0,
                0.0,
                0.0
            ],
            "eye": [
                0.0,
                0.0,
                0.0
            ],
            "up": [
                0.0,
                0.0,
                1.0
            ]
        },
        "camera_view_matrix": [
            [
                0.0,
                0.0,
                -1.0,
                0.0
            ],
            [
                -1.0,
                0.0,
                0.0,
                0.0
            ],
            [
                0.0,
                1.0,
                0.0,
                0.0
            ],
            [
                0.0,
                0.0,
                0.0,
                1.0
            ]
        ],
        "height": 500,
        "intrinsics": {
            "cx": 250.0,
            "cy": 250.0,
            "fx": 603.5535278320312,
            "fy": 603.5535278320312
        },
        "location_world": [
            0.0,
            0.0,
            0.0
        ],
        "quaternion_world_xyzw": [
            0.5,
            -0.5,
            -0.5,
            0.5
        ],
        "width": 500
    },
    "objects": [
        {
            "bounding_box_minx_maxx_miny_maxy": [
                -1,
                -1,
                -1,
                -1
            ],
            "class": "Cube",
            "local_cuboid": null,
            "local_to_world_matrix": [
                [
                    -0.000668587745167315,
                    -0.0003118142776656896,
                    0.0006751018227078021,
                    0.0
                ],
                [
                    0.00017543576541356742,
                    -0.0009483553585596383,
                    -0.00026428099954500794,
                    0.0
                ],
                [
                    0.0007226429879665375,
                    -5.8258014178136364e-05,
                    0.0006887621129862964,
                    0.0
                ],
                [
                    1.3926948308944702,
                    0.7476983666419983,
                    -0.5053511261940002,
                    1.0
                ]
            ],
            "location": [
                -0.7476983666419983,
                -0.5053511261940002,
                -1.3926948308944702
            ],
            "location_world": [
                1.3926948308944702,
                0.7476983666419983,
                -0.5053511261940002
            ],
            "name": "hope_Cube_0",
            "projected_cuboid": [
                [
                    -69.71108913421631,
                    454.0300965309143
                ],
                [
                    -47.31076955795288,
                    458.43952894210815
                ],
                [
                    -56.45737051963806,
                    479.15875911712646
                ],
                [
                    -79.5128345489502,
                    474.7657775878906
                ],
                [
                    -68.81588697433472,
                    463.52410316467285
                ],
                [
                    -46.94241285324097,
                    467.7729308605194
                ],
                [
                    -55.861085653305054,
                    488.23824524879456
                ],
                [
                    -78.35888862609863,
                    484.00813341140747
                ],
                [
                    -62.7710223197937,
                    471.1713194847107
                ]
            ],
            "provenance": "nvisii",
            "quaternion_xyzw": [
                0.7580795288085938,
                0.5353848338127136,
                0.23969969153404236,
                -0.28499576449394226
            ],
            "quaternion_xyzw_world": [
                0.3843844532966614,
                -0.08869928866624832,
                0.909079909324646,
                -0.13399536907672882
            ],
            "segmentation_id": 1,
            "visibility": 0
        }
    ]
}