{
    "camera_data": {
        "camera_look_at": {
            "at": [
                1.0,
                0.0,
                0.0
            ],
            "eye": [
                0.0,
                0.0,
                0.0
            ],
            "up": [
                0.0,
                0.0,
                1.0
            ]
        },
        "camera_view_matrix": [
            [
                0.0,
                0.0,
                -1.0,
                0.0
            ],
            [
                -1.0,
                0.0,
                0.0,
                0.0
            ],
            [
                0.0,
                1.0,
                0.0,
                0.0
            ],
            [
                0.0,
                0.0,
                0.0,
                1.0
            ]
        ],
        "height": 500,
        "intrinsics": {
            "cx": 250.0,
            "cy": 250.0,
            "fx": 603.5535278320312,
            "fy": 603.5535278320312
        },
        "location_world": [
            0.0,
            0.0,
            0.0
        ],
        "quaternion_world_xyzw": [
            0.5,
            -0.5,
            -0.5,
            0.5
        ],
        "width": 500
    },
    "objects": [
        {
            "bounding_box_minx_maxx_miny_maxy": [
                0,
                179,
                69,
                357
            ],
            "class": "Cube",
            "local_cuboid": null,
            "local_to_world_matrix": [
                [
                    -0.007635016459971666,
                    -0.002635754644870758,
                    -0.005895702634006739,
                    0.0
                ],
                [
                    0.0029747881926596165,
                    -0.009538394398987293,
                    0.0004118778451811522,
                    0.0
                ],
                [
                    -0.0057321153581142426,
                    -0.0014393773162737489,
                    0.008066662587225437,
                    0.0
                ],
                [
                    1.406844973564148,
                    0.72137850522995,
                    0.09609561413526535,
                    1.0
                ]
            ],
            "location": [
                -0.72137850522995,
                0.09609561413526535,
                -1.406844973564148
            ],
            "location_world": [
                1.406844973564148,
                0.72137850522995,
                0.09609561413526535
            ],
            "name": "hope_Cube_0",
            "projected_cuboid": [
                [
                    -98.57189655303955,
                    165.39207100868225
                ],
                [
                    179.54443395137787,
                    165.51901400089264
                ],
                [
                    164.13068771362305,
                    343.0016338825226
                ],
                [
                    -57.03085660934448,
                    362.3226284980774
                ],
                [
                    -61.76912784576416,
                    65.26987254619598
                ],
                [
                    146.70641720294952,
                    74.65581595897675
                ],
                [
                    139.38669860363007,
                    230.0657033920288
                ],
                [
                    -35.39508581161499,
                    235.50185561180115
                ],
                [
                    53.224191069602966,
                    206.64799213409424
                ]
            ],
            "provenance": "nvisii",
            "quaternion_xyzw": [
                0.40285730361938477,
                0.22605350613594055,
                0.5631270408630371,
                -0.6851961016654968
            ],
            "quaternion_xyzw_world": [
                -0.3097061514854431,
                -0.027367381379008293,
                0.9386169910430908,
                -0.14943642914295197
            ],
            "segmentation_id": 1,
            "visibility": 1
        }
    ]
}