{
    "camera_data": {
        "camera_look_at": {
            "at": [
                1.0,
                0.0,
                0.0
            ],
            "eye": [
                0.0,
                0.0,
                0.0
            ],
            "up": [
                0.0,
                0.0,
                1.0
            ]
        },
        "camera_view_matrix": [
            [
                0.0,
                0.0,
                -1.0,
                0.0
            ],
            [
                -1.0,
                0.0,
                0.0,
                0.0
            ],
            [
                0.0,
                1.0,
                0.0,
                0.0
            ],
            [
                0.0,
                0.0,
                0.0,
                1.0
            ]
        ],
        "height": 500,
        "intrinsics": {
            "cx": 250.0,
            "cy": 250.0,
            "fx": 603.5535278320312,
            "fy": 603.5535278320312
        },
        "location_world": [
            0.0,
            0.0,
            0.0
        ],
        "quaternion_world_xyzw": [
            0.5,
            -0.5,
            -0.5,
            0.5
        ],
        "width": 500
    },
    "objects": [
        {
            "bounding_box_minx_maxx_miny_maxy": [
                -1,
                -1,
                -1,
                -1
            ],
            "class": "Cube",
            "local_cuboid": null,
            "local_to_world_matrix": [
                [
                    0.000759765156544745,
                    0.000621072540525347,
                    0.00019242087728343904,
                    0.0
                ],
                [
                    0.0003949503879994154,
                    -0.0006759207462891936,
                    0.0006222102092579007,
                    0.0
                ],
                [
                    0.0005164989270269871,
                    -0.00039673695573583245,
                    -0.0007588338921777904,
                    0.0
                ],
                [
                    0.28387850522994995,
                    -0.046065397560596466,
                    0.1967478096485138,
                    1.0
                ]
            ],
            "location": [
                0.046065397560596466,
                0.1967478096485138,
                -0.28387850522994995
            ],
            "location_world": [
                0.28387850522994995,
                -0.046065397560596466,
                0.1967478096485138
            ],
            "name": "hope_Cube_50mm_0",
            "projected_cuboid": [
                [
                    327.32465863227844,
                    -98.97571802139282
                ],
                [
                    383.56584310531616,
                    -134.3984305858612
                ],
                [
                    356.0454845428467,
                    -240.39161205291748
                ],
                [
                    292.9210066795349,
                    -209.03262495994568
                ],
                [
                    405.3671360015869,
                    -125.7944107055664
                ],
                [
                    463.6092185974121,
                    -163.95974159240723
                ],
                [
                    439.8488402366638,
                    -287.58102655410767
                ],
                [
                    373.77530336380005,
                    -255.19263744354248
                ],
                [
                    379.36681509017944,
                    -186.2052083015442
                ]
            ],
            "provenance": "nvisii",
            "quaternion_xyzw": [
                0.2613504230976105,
                0.8306294679641724,
                -0.3472619652748108,
                0.34807997941970825
            ],
            "quaternion_xyzw_world": [
                0.8936609625816345,
                0.2842305302619934,
                0.1983189880847931,
                0.28504857420921326
            ],
            "segmentation_id": 1,
            "visibility": 0
        }
    ]
}