{
    "camera_data": {
        "camera_look_at": {
            "at": [
                1.0,
                0.0,
                0.0
            ],
            "eye": [
                0.0,
                0.0,
                0.0
            ],
            "up": [
                0.0,
                0.0,
                1.0
            ]
        },
        "camera_view_matrix": [
            [
                0.0,
                0.0,
                -1.0,
                0.0
            ],
            [
                -1.0,
                0.0,
                0.0,
                0.0
            ],
            [
                0.0,
                1.0,
                0.0,
                0.0
            ],
            [
                0.0,
                0.0,
                0.0,
                1.0
            ]
        ],
        "height": 500,
        "intrinsics": {
            "cx": 250.0,
            "cy": 250.0,
            "fx": 603.5535278320312,
            "fy": 603.5535278320312
        },
        "location_world": [
            0.0,
            0.0,
            0.0
        ],
        "quaternion_world_xyzw": [
            0.5,
            -0.5,
            -0.5,
            0.5
        ],
        "width": 500
    },
    "objects": [
        {
            "bounding_box_minx_maxx_miny_maxy": [
                348,
                499,
                218,
                349
            ],
            "class": "Cube",
            "local_cuboid": null,
            "local_to_world_matrix": [
                [
                    0.00031694708741270006,
                    -0.0006207220139913261,
                    -0.00495118647813797,
                    0.0
                ],
                [
                    -0.003976939246058464,
                    0.0029650789219886065,
                    -0.000626308610662818,
                    0.0
                ],
                [
                    0.0030138844158500433,
                    0.003977814689278603,
                    -0.00030575989512726665,
                    0.0
                ],
                [
                    1.4952396154403687,
                    -0.4846709668636322,
                    -0.054015833884477615,
                    1.0
                ]
            ],
            "location": [
                0.4846709668636322,
                -0.054015833884477615,
                -1.4952396154403687
            ],
            "location_world": [
                1.4952396154403687,
                -0.4846709668636322,
                -0.054015833884477615
            ],
            "name": "hope_Cube_0",
            "projected_cuboid": [
                [
                    403.22691202163696,
                    320.9039568901062
                ],
                [
                    360.4552745819092,
                    344.8225259780884
                ],
                [
                    471.67542576789856,
                    348.94150495529175
                ],
                [
                    503.4720301628113,
                    321.9248950481415
                ],
                [
                    392.7936255931854,
                    226.00720822811127
                ],
                [
                    348.0037450790405,
                    236.36756837368011
                ],
                [
                    459.13010835647583,
                    227.06805169582367
                ],
                [
                    493.05033683776855,
                    216.91161394119263
                ],
                [
                    427.5200068950653,
                    280.1269590854645
                ]
            ],
            "provenance": "nvisii",
            "quaternion_xyzw": [
                -0.6804746389389038,
                0.5816723108291626,
                0.3155710697174072,
                -0.3146846890449524
            ],
            "quaternion_xyzw_world": [
                -0.3645290434360504,
                0.6306303143501282,
                0.2657267153263092,
                0.631516695022583
            ],
            "segmentation_id": 1,
            "visibility": 1
        },
        {
            "bounding_box_minx_maxx_miny_maxy": [
                220,
                425,
                309,
                500
            ],
            "class": "Cube",
            "local_cuboid": null,
            "local_to_world_matrix": [
                [
                    0.0003762662236113101,
                    0.0037792681250721216,
                    -0.00325200823135674,
                    0.0
                ],
                [
                    -0.0040863375179469585,
                    -0.0016347747296094894,
                    -0.0023726271465420723,
                    0.0
                ],
                [
                    -0.0028566184919327497,
                    0.0028363086748868227,
                    0.0029656505212187767,
                    0.0
                ],
                [
                    1.332804560661316,
                    -0.10150063782930374,
                    -0.27532118558883667,
                    1.0
                ]
            ],
            "location": [
                0.10150063782930374,
                -0.27532118558883667,
                -1.332804560661316
            ],
            "location_world": [
                1.332804560661316,
                -0.10150063782930374,
                -0.27532118558883667
            ],
            "name": "hope_Cube_1",
            "projected_cuboid": [
                [
                    219.65660154819489,
                    384.1615915298462
                ],
                [
                    260.101854801178,
                    477.00151801109314
                ],
                [
                    329.6872675418854,
                    524.1967439651489
                ],
                [
                    283.2711338996887,
                    433.9158535003662
                ],
                [
                    310.29579043388367,
                    307.79147148132324
                ],
                [
                    369.14390325546265,
                    387.40479946136475
                ],
                [
                    426.74651741981506,
                    446.09522819519043
                ],
                [
                    365.486741065979,
                    366.0372495651245
                ],
                [
                    319.8234438896179,
                    414.11805152893066
                ]
            ],
            "provenance": "nvisii",
            "quaternion_xyzw": [
                -0.19192972779273987,
                0.42130881547927856,
                0.8369144201278687,
                -0.29195237159729004
            ],
            "quaternion_xyzw_world": [
                -0.4497438371181488,
                0.0341382659971714,
                0.6791229248046875,
                0.5791003108024597
            ],
            "segmentation_id": 2,
            "visibility": 1
        },
        {
            "bounding_box_minx_maxx_miny_maxy": [
                0,
                82,
                420,
                500
            ],
            "class": "Cube",
            "local_cuboid": null,