{
    "camera_data": {
        "camera_look_at": {
            "at": [
                1.0,
                0.0,
                0.0
            ],
            "eye": [
                0.0,
                0.0,
                0.0
            ],
            "up": [
                0.0,
                0.0,
                1.0
            ]
        },
        "camera_view_matrix": [
            [
                0.0,
                0.0,
                -1.0,
                0.0
            ],
            [
                -1.0,
                0.0,
                0.0,
                0.0
            ],
            [
                0.0,
                1.0,
                0.0,
                0.0
            ],
            [
                0.0,
                0.0,
                0.0,
                1.0
            ]
        ],
        "height": 500,
        "intrinsics": {
            "cx": 250.0,
            "cy": 250.0,
            "fx": 603.5535278320312,
            "fy": 603.5535278320312
        },
        "location_world": [
            0.0,
            0.0,
            0.0
        ],
        "quaternion_world_xyzw": [
            0.5,
            -0.5,
            -0.5,
            0.5
        ],
        "width": 500
    },
    "objects": [
        {
            "bounding_box_minx_maxx_miny_maxy": [
                0,
                223,
                1,
                327
            ],
            "class": "Cube",
            "local_cuboid": null,
            "local_to_world_matrix": [
                [
                    0.009005265310406685,
                    -0.0023375549353659153,
                    -0.003666200442239642,
                    0.0
                ],
                [
                    -0.0024914511013776064,
                    -0.009684504009783268,
                    5.5065676860976964e-05,
                    0.0
                ],
                [
                    -0.0035634057130664587,
                    0.0008638279978185892,
                    -0.009303543716669083,
                    0.0
                ],
                [
                    1.3827499151229858,
                    0.6314968466758728,
                    0.14327144622802734,
                    1.0
                ]
            ],
            "location": [
                -0.6314968466758728,
                0.14327144622802734,
                -1.3827499151229858
            ],
            "location_world": [
                1.3827499151229858,
                0.6314968466758728,
                0.14327144622802734
            ],
            "name": "hope_Cube_50mm_0",
            "projected_cuboid": [
                [
                    13.690963387489319,
                    321.916401386261
                ],
                [
                    202.19601690769196,
                    327.15022563934326
                ],
                [
                    224.19151663780212,
                    139.852836728096
                ],
                [
                    53.86357009410858,
                    148.91788363456726
                ],
                [
                    -151.90356969833374,
                    248.6794888973236
                ],
                [
                    104.66404259204865,
                    246.7448115348816
                ],
                [
                    150.9713977575302,
                    -2.9402971267700195
                ],
                [
                    -73.55648279190063,
                    23.66681396961212
                ],
                [
                    72.02143967151642,
                    183.88469517230988
                ]
            ],
            "provenance": "nvisii",
            "quaternion_xyzw": [
                0.4668801426887512,
                0.3222617208957672,
                -0.5284596681594849,
                0.6315858364105225
            ],
            "quaternion_xyzw_world": [
                0.9745936989784241,
                -0.1238722950220108,
                -0.18545180559158325,
                -0.02074613980948925
            ],
            "segmentation_id": 1,
            "visibility": 1
        },
        {
            "bounding_box_minx_maxx_miny_maxy": [
                149,
                408,
                176,
                432
            ],
            "class": "Cube",
            "local_cuboid": null,
            "local_to_world_matrix": [
                [
                    0.0033932183869183064,
                    0.009341256693005562,
                    0.0011076974915340543,
                    0.0
                ],
                [
                    0.0031455853022634983,
                    -0.0022365630138665438,
                    0.009225131943821907,
                    0.0
                ],
                [
                    0.0088651767000556,
                    -0.002781853312626481,
                    -0.0036972868256270885,
                    0.0
                ],
                [
                    1.5352643728256226,
                    -0.0676986500620842,
                    -0.38408565521240234,
                    1.0
                ]
            ],
            "location": [
                0.0676986500620842,
                -0.38408565521240234,
                -1.5352643728256226
            ],
            "location_world": [
                1.5352643728256226,
                -0.0676986500620842,
                -0.38408565521240234
            ],
            "name": "hope_Cube_50mm_1",
            "projected_cuboid": [
                [
                    218.44588220119476,
                    397.0850706100464
                ],
                [
                    254.69249486923218,
                    246.24666571617126
                ],
                [
                    202.0682394504547,
                    173.45890402793884
                ],
                [
                    148.41444790363312,
                    363.92104625701904
                ],
                [
                    383.83668661117554,
                    432.00141191482544
                ],
                [
                    409.22534465789795,
                    264.17163014411926
                ],
                [
                    399.57812428474426,
                    188.20665776729584
                ],
                [
                    363.7963831424713,
                    406.8535566329956
                ],
                [
                    296.2276041507721,
                    307.3886036872864
                ]
            ],
            "provenance": "nvisii",
            "quaternion_xyzw": [
                0.08642733097076416,
                0.9673619270324707,
                -0.17684364318847656,
                0.15958534181118011
            ],
            "quaternion_xyzw_world": [
                0.6951091289520264,
                0.4490964412689209,
                0.3586801588535309,
                0.43183815479278564
            ],
            "segmentation_id": 2,
            "visibility": 1
        }
    ]
}