{
    "camera_data": {
        "camera_look_at": {
            "at": [
                1.0,
                0.0,
                0.0
            ],
            "eye": [
                0.0,
                0.0,
                0.0
            ],
            "up": [
                0.0,
                0.0,
                1.0
            ]
        },
        "camera_view_matrix": [
            [
                0.0,
                0.0,
                -1.0,
                0.0
            ],
            [
                -1.0,
                0.0,
                0.0,
                0.0
            ],
            [
                0.0,
                1.0,
                0.0,
                0.0
            ],
            [
                0.0,
                0.0,
                0.0,
                1.0
            ]
        ],
        "height": 500,
        "intrinsics": {
            "cx": 250.0,
            "cy": 250.0,
            "fx": 603.5535278320312,
            "fy": 603.5535278320312
        },
        "location_world": [
            0.0,
            0.0,
            0.0
        ],
        "quaternion_world_xyzw": [
            0.5,
            -0.5,
            -0.5,
            0.5
        ],
        "width": 500
    },
    "objects": [
        {
            "bounding_box_minx_maxx_miny_maxy": [
                93,
                295,
                331,
                500
            ],
            "class": "Cube",
            "local_cuboid": null,
            "local_to_world_matrix": [
                [
                    -0.0018163734348490834,
                    -0.0006444705068133771,
                    0.00672944774851203,
                    0.0
                ],
                [
                    -0.0058420682325959206,
                    -0.0033565873745828867,
                    -0.001898312009871006,
                    0.0
                ],
                [
                    0.0034016245044767857,
                    -0.006108846515417099,
                    0.0003331084444653243,
                    0.0
                ],
                [
                    1.5941516160964966,
                    0.23505429923534393,
                    -0.3923896849155426,
                    1.0
                ]
            ],
            "location": [
                -0.23505429923534393,
                -0.3923896849155426,
                -1.5941516160964966
            ],
            "location_world": [
                1.5941516160964966,
                0.23505429923534393,
                -0.3923896849155426
            ],
            "name": "hope_Cube_0",
            "projected_cuboid": [
                [
                    225.53646564483643,
                    329.7305405139923
                ],
                [
                    295.70823907852173,
                    389.7867500782013
                ],
                [
                    144.9938714504242,
                    418.6597466468811
                ],
                [
                    96.74546122550964,
                    345.8630442619324
                ],
                [
                    215.5475616455078,
                    443.28606128692627
                ],
                [
                    279.2336940765381,
                    522.6901173591614
                ],
                [
                    137.14219629764557,
                    567.3916339874268
                ],
                [
                    93.18791329860687,
                    470.900297164917
                ],
                [
                    187.00650334358215,
                    433.32400918006897
                ]
            ],
            "provenance": "nvisii",
            "quaternion_xyzw": [
                0.6799266934394836,
                0.5297857522964478,
                0.41628536581993103,
                0.2893672585487366
            ],
            "quaternion_xyzw_world": [
                0.5413971543312073,
                -0.42789676785469055,
                0.6683152914047241,
                0.27775585651397705
            ],
            "segmentation_id": 1,
            "visibility": 1
        },
        {
            "bounding_box_minx_maxx_miny_maxy": [
                313,
                499,
                141,
                313
            ],
            "class": "Cube",
            "local_cuboid": null,
            "local_to_world_matrix": [
                [
                    -0.004326908383518457,
                    0.005058262962847948,
                    0.0021660656202584505,
                    0.0
                ],
                [
                    -0.0008620144799351692,
                    0.002098404336720705,
                    -0.006622207351028919,
                    0.0
                ],
                [
                    -0.005434592720121145,
                    -0.004360123537480831,
                    -0.0006741859833709896,
                    0.0
                ],
                [
                    1.7127519845962524,
                    -0.5161776542663574,
                    0.22980265319347382,
                    1.0
                ]
            ],
            "location": [
                0.5161776542663574,
                0.22980265319347382,
                -1.7127519845962524
            ],
            "location_world": [
                1.7127519845962524,
                -0.5161776542663574,
                0.22980265319347382
            ],
            "name": "hope_Cube_1",
            "projected_cuboid": [
                [
                    454.94571328163147,
                    140.23807644844055
                ],
                [
                    416.7224168777466,
                    277.0998477935791
                ],
                [
                    312.5114440917969,
                    260.77479124069214
                ],
                [
                    347.3477363586426,
                    145.68506181240082
                ],
                [
                    519.2208886146545,
                    193.12244653701782
                ],
                [
                    487.72111535072327,
                    313.3394420146942
                ],
                [
                    385.2100670337677,
                    293.7142252922058
                ],
                [
                    414.59351778030396,
                    190.6234174966812
                ],
                [
                    415.49086570739746,
                    227.07146406173706
                ]
            ],
            "provenance": "nvisii",
            "quaternion_xyzw": [
                -0.33430910110473633,
                -0.0072283148765563965,
                -0.9280367493629456,
                -0.16411256790161133
            ],
            "quaternion_xyzw_world": [
                0.21119339764118195,
                0.7096150517463684,
                -0.5527307987213135,
                -0.3825342655181885
            ],
            "segmentation_id": 2,
            "visibility": 1
        }
    ]
}