{
    "camera_data": {
        "camera_look_at": {
            "at": [
                1.0,
                0.0,
                0.0
            ],
            "eye": [
                0.0,
                0.0,
                0.0
            ],
            "up": [
                0.0,
                0.0,
                1.0
            ]
        },
        "camera_view_matrix": [
            [
                0.0,
                0.0,
                -1.0,
                0.0
            ],
            [
                -1.0,
                0.0,
                0.0,
                0.0
            ],
            [
                0.0,
                1.0,
                0.0,
                0.0
            ],
            [
                0.0,
                0.0,
                0.0,
                1.0
            ]
        ],
        "height": 500,
        "intrinsics": {
            "cx": 250.0,
            "cy": 250.0,
            "fx": 603.5535278320312,
            "fy": 603.5535278320312
        },
        "location_world": [
            0.0,
            0.0,
            0.0
        ],
        "quaternion_world_xyzw": [
            0.5,
            -0.5,
            -0.5,
            0.5
        ],
        "width": 500
    },
    "objects": [
        {
            "bounding_box_minx_maxx_miny_maxy": [
                20,
                317,
                1,
                312
            ],
            "class": "Cube",
            "local_cuboid": null,
            "local_to_world_matrix": [
                [
                    0.0014508668100461364,
                    0.0005762805230915546,
                    0.006823700852692127,
                    0.0
                ],
                [
                    0.003194135846570134,
                    -0.006226878147572279,
                    -0.00015326557331718504,
                    0.0
                ],
                [
                    0.006057432387024164,
                    0.0031454560812562704,
                    -0.0015535844722762704,
                    0.0
                ],
                [
                    0.8659967184066772,
                    0.30919402837753296,
                    0.10860505700111389,
                    1.0
                ]
            ],
            "location": [
                -0.30919402837753296,
                0.10860505700111389,
                -0.8659967184066772
            ],
            "location_world": [
                0.8659967184066772,
                0.30919402837753296,
                0.10860505700111389
            ],
            "name": "hope_Cube_0",
            "projected_cuboid": [
                [
                    19.60153877735138,
                    112.32483386993408
                ],
                [
                    204.78934049606323,
                    134.25709307193756
                ],
                [
                    293.99967193603516,
                    44.26780343055725
                ],
                [
                    53.08625102043152,
                    -5.652874708175659
                ],
                [
                    20.291462540626526,
                    312.02298402786255
                ],
                [
                    217.15804934501648,
                    307.39468336105347
                ],
                [
                    318.56149435043335,
                    272.19122648239136
                ],
                [
                    57.66545236110687,
                    270.597368478775
                ],
                [
                    152.03650295734406,
                    183.14337730407715
                ]
            ],
            "provenance": "nvisii",
            "quaternion_xyzw": [
                0.6717360019683838,
                0.6938620805740356,
                -0.2443734109401703,
                -0.08722344040870667
            ],
            "quaternion_xyzw_world": [
                0.7613739967346191,
                0.1768614649772644,
                0.6042240262031555,
                -0.15473537147045135
            ],
            "segmentation_id": 1,
            "visibility": 1
        }
    ]
}