{
    "camera_data": {
        "camera_look_at": {
            "at": [
                1.0,
                0.0,
                0.0
            ],
            "eye": [
                0.0,
                0.0,
                0.0
            ],
            "up": [
                0.0,
                0.0,
                1.0
            ]
        },
        "camera_view_matrix": [
            [
                0.0,
                0.0,
                -1.0,
                0.0
            ],
            [
                -1.0,
                0.0,
                0.0,
                0.0
            ],
            [
                0.0,
                1.0,
                0.0,
                0.0
            ],
            [
                0.0,
                0.0,
                0.0,
                1.0
            ]
        ],
        "height": 500,
        "intrinsics": {
            "cx": 250.0,
            "cy": 250.0,
            "fx": 603.5535278320312,
            "fy": 603.5535278320312
        },
        "location_world": [
            0.0,
            0.0,
            0.0
        ],
        "quaternion_world_xyzw": [
            0.5,
            -0.5,
            -0.5,
            0.5
        ],
        "width": 500
    },
    "objects": [
        {
            "bounding_box_minx_maxx_miny_maxy": [
                0,
                244,
                238,
                500
            ],
            "class": "Cube",
            "local_cuboid": null,
            "local_to_world_matrix": [
                [
                    -0.0008651292300783098,
                    -0.003243326209485531,
                    -0.009419787675142288,
                    0.0
                ],
                [
                    -0.005809042137116194,
                    0.007845728658139706,
                    -0.0021678500343114138,
                    0.0
                ],
                [
                    0.008093614131212234,
                    0.005284447688609362,
                    -0.0025628197472542524,
                    0.0
                ],
                [
                    1.7713056802749634,
                    0.22637924551963806,
                    -0.26587510108947754,
                    1.0
                ]
            ],
            "location": [
                -0.22637924551963806,
                -0.26587510108947754,
                -1.7713056802749634
            ],
            "location_world": [
                1.7713056802749634,
                0.22637924551963806,
                -0.26587510108947754
            ],
            "name": "hope_Cube_0",
            "projected_cuboid": [
                [
                    164.2271876335144,
                    424.8310923576355
                ],
                [
                    6.73791766166687,
                    494.76557970046997
                ],
                [
                    55.29354512691498,
                    512.0400190353394
                ],
                [
                    244.85710263252258,
                    420.57275772094727
                ],
                [
                    117.03270673751831,
                    278.5705626010895
                ],
                [
                    -44.50112581253052,
                    321.81206345558167
                ],
                [
                    -13.509511947631836,
                    284.67848896980286
                ],
                [
                    183.46264958381653,
                    237.2162640094757
                ],
                [
                    93.17195415496826,
                    368.80117654800415
                ]
            ],
            "provenance": "nvisii",
            "quaternion_xyzw": [
                -0.7665636539459229,
                0.563081681728363,
                0.14412757754325867,
                -0.27303218841552734
            ],
            "quaternion_xyzw_world": [
                -0.3103208541870117,
                0.7292749285697937,
                0.10683891177177429,
                0.6003703474998474
            ],
            "segmentation_id": 1,
            "visibility": 1
        }
    ]
}