{
    "camera_data": {
        "camera_look_at": {
            "at": [
                1.0,
                0.0,
                0.0
            ],
            "eye": [
                0.0,
                0.0,
                0.0
            ],
            "up": [
                0.0,
                0.0,
                1.0
            ]
        },
        "camera_view_matrix": [
            [
                0.0,
                0.0,
                -1.0,
                0.0
            ],
            [
                -1.0,
                0.0,
                0.0,
                0.0
            ],
            [
                0.0,
                1.0,
                0.0,
                0.0
            ],
            [
                0.0,
                0.0,
                0.0,
                1.0
            ]
        ],
        "height": 500,
        "intrinsics": {
            "cx": 250.0,
            "cy": 250.0,
            "fx": 603.5535278320312,
            "fy": 603.5535278320312
        },
        "location_world": [
            0.0,
            0.0,
            0.0
        ],
        "quaternion_world_xyzw": [
            0.5,
            -0.5,
            -0.5,
            0.5
        ],
        "width": 500
    },
    "objects": [
        {
            "bounding_box_minx_maxx_miny_maxy": [
                0,
                165,
                1,
                264
            ],
            "class": "Cube",
            "local_cuboid": null,
            "local_to_world_matrix": [
                [
                    0.0002313575241714716,
                    0.0059700608253479,
                    -0.0036475814413279295,
                    0.0
                ],
                [
                    -0.004322448745369911,
                    -0.002747728256508708,
                    -0.0047714184038341045,
                    0.0
                ],
                [
                    -0.00550117390230298,
                    0.0024100556038320065,
                    0.003595653222873807,
                    0.0
                ],
                [
                    1.2749110460281372,
                    0.5116117000579834,
                    0.3907565772533417,
                    1.0
                ]
            ],
            "location": [
                -0.5116117000579834,
                0.3907565772533417,
                -1.2749110460281372
            ],
            "location_world": [
                1.2749110460281372,
                0.5116117000579834,
                0.3907565772533417
            ],
            "name": "hope_Cube_0",
            "projected_cuboid": [
                [
                    -130.72466850280762,
                    44.37892138957977
                ],
                [
                    -130.03763556480408,
                    151.7644226551056
                ],
                [
                    17.422914505004883,
                    264.50780034065247
                ],
                [
                    -5.6022703647613525,
                    160.76835989952087
                ],
                [
                    24.594232439994812,
                    -54.99750375747681
                ],
                [
                    61.957091093063354,
                    30.28443455696106
                ],
                [
                    166.49234294891357,
                    172.1898317337036
                ],
                [
                    120.37438154220581,
                    81.78123831748962
                ],
                [
                    20.900249481201172,
                    109.58147048950195
                ]
            ],
            "provenance": "nvisii",
            "quaternion_xyzw": [
                -0.10354151576757431,
                0.31038394570350647,
                0.911095380783081,
                -0.25069156289100647
            ],
            "quaternion_xyzw_world": [
                -0.4774722456932068,
                -0.1232391744852066,
                0.6843146681785583,
                0.5371646285057068
            ],
            "segmentation_id": 1,
            "visibility": 1
        }
    ]
}