{"camera_data": {}, "objects": [{"class": "Cube", "location": [-3.249668021983955, 1.5172767683391708, 25.879938587750512], "quaternion_xyzw": [0.005144870925717389, 0.7269923260783986, 0.23500954725208953, 0.6451559507798446], "projected_cuboid": [[312.0437536872982, 199.99525427411928], [323.79314252545214, 141.4833008872619], [269.0062836171368, 289.56766552123787], [236.4398357757739, 400.23327541067505], [65.990211567037, 112.67927962619287], [156.61573318027047, 83.38737597246585], [120.66013597212333, 235.0878372494488], [29.142319683642967, 321.08996465546477], [191.55898043469332, 222.0876462620441]]}]}