{"camera_data": {}, "objects": [{"class": "Cube", "location": [-0.10604267131520828, 0.32403158933063114, 34.715031614408126], "quaternion_xyzw": [-0.2060731059490096, 0.7845947664103141, 0.5588390234253006, 0.1721739626747591], "projected_cuboid": [[225.00453266517206, 249.03511315579811], [368.86421648377313, 261.2629679240661], [279.1986533057632, 284.7696744887878], [155.84231439361184, 278.779300606602], [221.42524381556478, 79.53630167106974], [352.72056713244956, 115.05215419847303], [272.7111862802329, 164.33876363221924], [158.80605772631816, 142.9128561301277], [254.43234770679632, 196.7902307418744]]}, {"class": "Cube", "location": [-4.904880041445527, 3.983533719209584, 24.495245267621534], "quaternion_xyzw": [-0.1539699424006458, 0.6447746670967212, 0.31427650744111585, 0.6795507062597086], "projected_cuboid": [[308.67009928674, 309.90720088376725], [296.12418387019653, 229.8544204612069], [189.82198211112544, 352.67017397487643], [152.45093625523577, 481.6588115885362], [90.4946090034222, 143.03894530968617], [153.83889259756057, 117.95724083543341], [52.586218103281965, 253.15180107530736], [-53.80479732950687, 341.54021852198514], [153.23783494435446, 275.4590338803684]]}, {"class": "Cube", "location": [-4.125053010156458, 1.7811694006412397, 15.552443610103735], "quaternion_xyzw": [0.614886127866143, -0.7137203413166756, -0.3154364522024232, 0.11409719002033863], "projected_cuboid": [[-10.022316667212579, 81.13556427098698], [164.23165769458504, 601.272370449836], [-63.81523398719946, 462.46506295877043], [-199.8697463130116, 146.65138621000634], [308.44473926774924, 33.47670866049657], [365.24670159123895, 330.675798745352], [161.88028157130634, 305.6208953014112], [99.32855139720428, 88.34747832517326], [119.88137723662999, 250.77508122358574]]}, {"class": "Cube", "location": [-38.60861432238131, 65.23231064420288, 180.46159416896975], "quaternion_xyzw": [-0.4249694055671589, -0.4050898874100075, -0.8041742903043124, 0.09277337044431737], "projected_cuboid": [[140.58633851251182, 397.15312756417325], [153.78443483640234, 400.31932904632265], [171.00330385399855, 375.1799886867299], [157.5134252143971, 373.1207634208614], [121.23307635967316, 379.85383815814635], [133.81677169419874, 382.3152071675531], [151.9786333549863, 357.316448531444], [139.0407575062723, 355.9530853396586], [146.2041126174808, 377.5088445647861]]}]}