{"camera_data": {}, "objects": [{"class": "Cube", "location": [-4.622189539366458, 7.269587099892434, 16.5687016589216], "quaternion_xyzw": [0.40574729785096764, 0.41393793175919663, -0.07618194627641138, 0.8113080980731641], "projected_cuboid": [[227.50760348643678, 255.3765822946616], [63.23313915482203, 173.13511696418388], [204.29590821262346, 313.76119066327306], [371.8094100199704, 426.9355264226885], [-161.55204444236716, 727.3823810026789], [-177.62657981220764, 406.21450485994706], [51.354130173706466, 503.90579009232613], [178.67277033505218, 741.1145596953071], [112.8320125237104, 417.1686448621599]]}]}