{
    "camera_data": {
        "camera_look_at": {
            "at": [
                1.0,
                0.0,
                0.0
            ],
            "eye": [
                0.0,
                0.0,
                0.0
            ],
            "up": [
                0.0,
                0.0,
                1.0
            ]
        },
        "camera_view_matrix": [
            [
                0.0,
                0.0,
                -1.0,
                0.0
            ],
            [
                -1.0,
                0.0,
                0.0,
                0.0
            ],
            [
                0.0,
                1.0,
                0.0,
                0.0
            ],
            [
                0.0,
                0.0,
                0.0,
                1.0
            ]
        ],
        "height": 500,
        "intrinsics": {
            "cx": 250.0,
            "cy": 250.0,
            "fx": 603.5535278320312,
            "fy": 603.5535278320312
        },
        "location_world": [
            0.0,
            0.0,
            0.0
        ],
        "quaternion_world_xyzw": [
            0.5,
            -0.5,
            -0.5,
            0.5
        ],
        "width": 500
    },
    "objects": [
        {
            "bounding_box_minx_maxx_miny_maxy": [
                279,
                499,
                272,
                500
            ],
            "class": "Cube",
            "local_cuboid": null,
            "local_to_world_matrix": [
                [
                    0.00988797377794981,
                    -0.0014922886621206999,
                    3.2187010219786316e-05,
                    0.0
                ],
                [
                    0.0013451992999762297,
                    0.009002655744552612,
                    0.00414036400616169,
                    0.0
                ],
                [
                    -0.0006468387437053025,
                    -0.004089652094990015,
                    0.00910254567861557,
                    0.0
                ],
                [
                    1.4848970174789429,
                    -0.6531460285186768,
                    -0.49685144424438477,
                    1.0
                ]
            ],
            "location": [
                0.6531460285186768,
                -0.49685144424438477,
                -1.4848970174789429
            ],
            "location_world": [
                1.4848970174789429,
                -0.6531460285186768,
                -0.49685144424438477
            ],
            "name": "hope_Cube_0",
            "projected_cuboid": [
                [
                    528.8195610046387,
                    344.43533420562744
                ],
                [
                    365.9466505050659,
                    270.8039879798889
                ],
                [
                    295.9029972553253,
                    421.73585295677185
                ],
                [
                    453.0681371688843,
                    499.8117685317993
                ],
                [
                    604.8017740249634,
                    383.4521174430847
                ],
                [
                    375.48279762268066,
                    279.5383930206299
                ],
                [
                    278.9936363697052,
                    486.73883080482483
                ],
                [
                    497.22182750701904,
                    599.0868806838989
                ],
                [
                    420.1444983482361,
                    406.33782744407654
                ]
            ],
            "provenance": "nvisii",
            "quaternion_xyzw": [
                -0.40942293405532837,
                0.5477507710456848,
                0.3540545701980591,
                0.6379556059837341
            ],
            "quaternion_xyzw_world": [
                0.21111442148685455,
                -0.017418207600712776,
                -0.07278656959533691,
                0.9745919108390808
            ],
            "segmentation_id": 1,
            "visibility": 1
        }
    ]
}