{
    "camera_data": {
        "camera_look_at": {
            "at": [
                1.0,
                0.0,
                0.0
            ],
            "eye": [
                0.0,
                0.0,
                0.0
            ],
            "up": [
                0.0,
                0.0,
                1.0
            ]
        },
        "camera_view_matrix": [
            [
                0.0,
                0.0,
                -1.0,
                0.0
            ],
            [
                -1.0,
                0.0,
                0.0,
                0.0
            ],
            [
                0.0,
                1.0,
                0.0,
                0.0
            ],
            [
                0.0,
                0.0,
                0.0,
                1.0
            ]
        ],
        "height": 500,
        "intrinsics": {
            "cx": 250.0,
            "cy": 250.0,
            "fx": 603.5535278320312,
            "fy": 603.5535278320312
        },
        "location_world": [
            0.0,
            0.0,
            0.0
        ],
        "quaternion_world_xyzw": [
            0.5,
            -0.5,
            -0.5,
            0.5
        ],
        "width": 500
    },
    "objects": [
        {
            "bounding_box_minx_maxx_miny_maxy": [
                75,
                286,
                376,
                500
            ],
            "class": "Cube",
            "local_cuboid": null,
            "local_to_world_matrix": [
                [
                    -0.0011800812790170312,
                    -0.006875141058117151,
                    -0.0005829848232679069,
                    0.0
                ],
                [
                    -9.308999869972467e-05,
                    -0.0005755330785177648,
                    0.006975680589675903,
                    0.0
                ],
                [
                    -0.006899185944348574,
                    0.0011837328784167767,
                    5.594253707386088e-06,
                    0.0
                ],
                [
                    1.2779712677001953,
                    0.14224016666412354,
                    -0.6681886315345764,
                    1.0
                ]
            ],
            "location": [
                -0.14224016666412354,
                -0.6681886315345764,
                -1.2779712677001953
            ],
            "location_world": [
                1.2779712677001953,
                0.14224016666412354,
                -0.6681886315345764
            ],
            "name": "hope_Cube_0",
            "projected_cuboid": [
                [
                    250.02530217170715,
                    632.902979850769
                ],
                [
                    266.23716950416565,
                    438.0735754966736
                ],
                [
                    287.5047028064728,
                    392.38470792770386
                ],
                [
                    275.1588821411133,
                    540.0656461715698
                ],
                [
                    67.22491979598999,
                    597.4968075752258
                ],
                [
                    81.83777332305908,
                    412.6916527748108
                ],
                [
                    145.37163078784943,
                    374.76497888565063
                ],
                [
                    133.96504521369934,
                    516.6135430335999
                ],
                [
                    189.50866162776947,
                    483.6330711841583
                ]
            ],
            "provenance": "nvisii",
            "quaternion_xyzw": [
                -0.0031388401985168457,
                0.08480130136013031,
                0.041561558842659,
                -0.9955258369445801
            ],
            "quaternion_xyzw_world": [
                -0.477712482213974,
                0.5209522247314453,
                0.5593749284744263,
                -0.43301206827163696
            ],
            "segmentation_id": 1,
            "visibility": 1
        }
    ]
}