{
    "camera_data": {
        "camera_look_at": {
            "at": [
                1.0,
                0.0,
                0.0
            ],
            "eye": [
                0.0,
                0.0,
                0.0
            ],
            "up": [
                0.0,
                0.0,
                1.0
            ]
        },
        "camera_view_matrix": [
            [
                0.0,
                0.0,
                -1.0,
                0.0
            ],
            [
                -1.0,
                0.0,
                0.0,
                0.0
            ],
            [
                0.0,
                1.0,
                0.0,
                0.0
            ],
            [
                0.0,
                0.0,
                0.0,
                1.0
            ]
        ],
        "height": 500,
        "intrinsics": {
            "cx": 250.0,
            "cy": 250.0,
            "fx": 603.5535278320312,
            "fy": 603.5535278320312
        },
        "location_world": [
            0.0,
            0.0,
            0.0
        ],
        "quaternion_world_xyzw": [
            0.5,
            -0.5,
            -0.5,
            0.5
        ],
        "width": 500
    },
    "objects": [
        {
            "bounding_box_minx_maxx_miny_maxy": [
                0,
                173,
                266,
                489
            ],
            "class": "Cube",
            "local_cuboid": null,
            "local_to_world_matrix": [
                [
                    -0.0016309702768921852,
                    0.0030713919550180435,
                    0.006075071170926094,
                    0.0
                ],
                [
                    0.004524498246610165,
                    -0.004178382456302643,
                    0.0033271664287894964,
                    0.0
                ],
                [
                    0.005086143501102924,
                    0.004701879341155291,
                    -0.0010116695193573833,
                    0.0
                ],
                [
                    1.3617416620254517,
                    0.592758297920227,
                    -0.3793555796146393,
                    1.0
                ]
            ],
            "location": [
                -0.592758297920227,
                -0.3793555796146393,
                -1.3617416620254517
            ],
            "location_world": [
                1.3617416620254517,
                0.592758297920227,
                -0.3793555796146393
            ],
            "name": "hope_Cube_0",
            "projected_cuboid": [
                [
                    -78.04644107818604,
                    355.35067319869995
                ],
                [
                    41.58599674701691,
                    281.14908933639526
                ],
                [
                    104.18334603309631,
                    265.22812247276306
                ],
                [
                    -29.071301221847534,
                    352.21919417381287
                ],
                [
                    0.035181641578674316,
                    469.58476305007935
                ],
                [
                    104.05184328556061,
                    384.1116726398468
                ],
                [
                    173.82872104644775,
                    386.4929676055908
                ],
                [
                    61.448290944099426,
                    489.4317388534546
                ],
                [
                    50.173863768577576,
                    371.20404839515686
                ]
            ],
            "provenance": "nvisii",
            "quaternion_xyzw": [
                0.45069724321365356,
                0.812507152557373,
                -0.24334587156772614,
                -0.27836453914642334
            ],
            "quaternion_xyzw_world": [
                0.6140928864479065,
                0.4417601525783539,
                0.6491115689277649,
                -0.07995028048753738
            ],
            "segmentation_id": 1,
            "visibility": 1
        }
    ]
}