{
    "camera_data": {
        "camera_look_at": {
            "at": [
                1.0,
                0.0,
                0.0
            ],
            "eye": [
                0.0,
                0.0,
                0.0
            ],
            "up": [
                0.0,
                0.0,
                1.0
            ]
        },
        "camera_view_matrix": [
            [
                0.0,
                0.0,
                -1.0,
                0.0
            ],
            [
                -1.0,
                0.0,
                0.0,
                0.0
            ],
            [
                0.0,
                1.0,
                0.0,
                0.0
            ],
            [
                0.0,
                0.0,
                0.0,
                1.0
            ]
        ],
        "height": 500,
        "intrinsics": {
            "cx": 250.0,
            "cy": 250.0,
            "fx": 603.5535278320312,
            "fy": 603.5535278320312
        },
        "location_world": [
            0.0,
            0.0,
            0.0
        ],
        "quaternion_world_xyzw": [
            0.5,
            -0.5,
            -0.5,
            0.5
        ],
        "width": 500
    },
    "objects": [
        {
            "bounding_box_minx_maxx_miny_maxy": [
                0,
                389,
                1,
                372
            ],
            "class": "Cube",
            "local_cuboid": null,
            "local_to_world_matrix": [
                [
                    -0.0038957190699875355,
                    0.006864265538752079,
                    0.006140457931905985,
                    0.0
                ],
                [
                    0.00449056550860405,
                    -0.004405305255204439,
                    0.007773551624268293,
                    0.0
                ],
                [
                    0.008041031658649445,
                    0.005785770248621702,
                    -0.0013662599958479404,
                    0.0
                ],
                [
                    1.0319699048995972,
                    0.26934534311294556,
                    -0.0676756426692009,
                    1.0
                ]
            ],
            "location": [
                -0.26934534311294556,
                -0.0676756426692009,
                -1.0319699048995972
            ],
            "location_world": [
                1.0319699048995972,
                0.26934534311294556,
                -0.0676756426692009
            ],
            "name": "hope_Cube_0",
            "projected_cuboid": [
                [
                    -61.23444437980652,
                    222.53330051898956
                ],
                [
                    87.88563311100006,
                    54.593101143836975
                ],
                [
                    202.09616422653198,
                    -70.44267654418945
                ],
                [
                    6.202995777130127,
                    151.27229690551758
                ],
                [
                    140.0388777256012,
                    365.84100127220154
                ],
                [
                    241.414874792099,
                    198.2453316450119
                ],
                [
                    389.8705840110779,
                    144.43281292915344
                ],
                [
                    280.49543499946594,
                    371.5969920158386
                ],
                [
                    166.019469499588,
                    183.18849802017212
                ]
            ],
            "provenance": "nvisii",
            "quaternion_xyzw": [
                0.2916853725910187,
                0.9038646221160889,
                -0.16199398040771484,
                -0.2677804231643677
            ],
            "quaternion_xyzw_world": [
                0.5448817610740662,
                0.5209768414497375,
                0.650668203830719,
                0.09120240807533264
            ],
            "segmentation_id": 1,
            "visibility": 1
        }
    ]
}