{"camera_data": {}, "objects": [{"class": "Cube", "location": [3.394503184806004, -13.945742741890006, 43.15432131151556], "quaternion_xyzw": [-0.28692484760792664, -0.11516378401683412, -0.20298118749012062, 0.9290909924228048], "projected_cuboid": [[378.0144198872563, 34.09361648892863], [317.39380809841936, 48.524998956892915], [350.20831796341645, 93.71885228617728], [412.91011786166393, 76.83639934566014], [390.6930920231649, -28.27594293189793], [324.672783289892, -14.921000483038654], [361.3350319000305, 31.001079020394258], [429.8093800968127, 14.986492944582551], [370.46015617610874, 32.69297495509025]]}, {"class": "Cube", "location": [-13.452778515192529, -12.465211746092864, 48.15420174845714], "quaternion_xyzw": [0.1532070524473843, -0.6811597291209377, -0.09281422166949427, 0.7098834712543752], "projected_cuboid": [[118.50116445144764, 34.99720167130741], [93.5847486899932, 37.88539271390343], [96.63624890350115, 109.55763667791263], [120.44086110004443, 100.22476021809064], [182.39760232609757, 40.37052208870438], [164.09264132243572, 43.828631212077255], [164.55048103096073, 115.47454645505017], [182.19986632670262, 105.57750203964238], [140.78495532796344, 73.94110908764515]]}, {"class": "Cube", "location": [-18.26668893360025, -7.837521385835078, 41.28907076913038], "quaternion_xyzw": [0.6445769776437099, -0.6658316699722623, -0.31677505157149727, 0.20209471506084536], "projected_cuboid": [[5.546181981012069, 71.72853073462383], [18.634025752549974, 157.7606630032848], [-12.998343396399775, 162.07037786977418], [-25.532254636051505, 83.29671527945405], [86.01002728887832, 73.83402185974015], [96.62974222586101, 152.43280471334714], [61.616373772260374, 156.80264919801868], [51.26341327718097, 84.30655952639466], [36.194122739484385, 118.23000432423886]]}, {"class": "Cube", "location": [-0.3867197207424904, -0.9310941318724205, 19.157099248628853], "quaternion_xyzw": [0.3055029224392541, -0.9491526358392477, 0.07462029246442085, 0.01445856884369928], "projected_cuboid": [[285.7478180754, 62.57734101848746], [439.88258521946864, 168.8077415603122], [329.3500677614778, 324.99622108028024], [171.46647382169775, 211.050383021813], [290.76418385579177, 123.9762882799099], [410.00368573745646, 207.12836333318734], [324.4046427698222, 327.9618185321658], [202.93387732041683, 240.18429708903224], [307.05019493626816, 208.82112067990101]]}]}