{"camera_data": {}, "objects": [{"class": "Cube", "location": [-12.352449164224215, -6.260506286260237, 37.37440959310267], "quaternion_xyzw": [0.6838384092365337, 0.24144330874163608, 0.17410682342207448, 0.6661508633595042], "projected_cuboid": [[150.25480834385738, 111.26862626586916], [76.80680696943054, 61.23653615144775], [114.99314227297586, 83.83576059390643], [179.59818489294372, 127.80803511012664], [99.93389186602917, 188.4363382790552], [27.623358708612784, 137.85733896844204], [71.6509575313967, 150.8272328267308], [135.37977451546695, 195.21639106563097], [107.98070056169658, 132.54372640639374]]}, {"class": "Cube", "location": [-5.276206505930621, -7.929294847129043, 41.21093437196784], "quaternion_xyzw": [-0.6622204362914589, -0.3966273475065731, 0.3020572313423799, 0.5593856183006727], "projected_cuboid": [[222.247650848128, 175.25809003847706], [184.3036507363853, 110.64814579978648], [182.621009569703, 89.03140745126368], [225.42007544437394, 162.01509125171873], [285.5272358801979, 140.32628867917808], [248.72305503683953, 76.94951675602158], [255.15246972658713, 51.64032354499014], [296.50641617353614, 123.05370956404786], [237.86921298594004, 116.5705577427219]]}, {"class": "Cube", "location": [-13.279872917285918, -9.484601538811393, 44.018635944384734], "quaternion_xyzw": [-0.19054549483761715, -0.5906236066435998, 0.7192249234925062, 0.31236465725109297], "projected_cuboid": [[100.64130934165445, 112.96728479538677], [148.62596461567009, 65.43529430882106], [111.68156592041325, 37.07584499597405], [58.630326057609466, 90.35331611924457], [139.91629871399454, 160.62807987227217], [189.51720273511623, 112.39519650431976], [156.38806950758422, 88.81340056746274], [101.34595432878345, 142.97903513450933], [126.4674587553717, 101.77736414106977]]}, {"class": "Cube", "location": [4.084672581189944, 6.549877265667401, 45.83807712031342], "quaternion_xyzw": [-0.675593816765166, 0.6993039727572767, -0.222186505001256, 0.07197294929271583], "projected_cuboid": [[422.0205360259832, 291.2138062207216], [429.90787011648956, 363.37067787689267], [365.6689446792617, 368.4668838171485], [358.89569114458567, 292.7758694141883], [386.9233179943619, 300.42393106947867], [393.3667668473946, 366.1544153467257], [333.67405780827767, 370.88491418227267], [328.20685476094184, 302.23482431673995], [377.16464619481474, 331.66497658479676]]}]}