{"camera_data": {}, "objects": [{"class": "Cube", "location": [-8.125757604042207, -2.9662800069726107, 34.70115207893292], "quaternion_xyzw": [0.2524691982909123, -0.9157196171378, 0.21208649450086994, 0.22964364906018525], "projected_cuboid": [[145.66151561053587, 108.77748377121571], [208.07110823433223, 134.49970557196087], [144.59597473373753, 211.60534073249158], [84.66018720314275, 178.7277092677839], [189.751364518741, 164.20300113996353], [248.42594268019627, 191.11042042783203], [193.89079111617968, 261.5019943126466], [136.928313383167, 228.6408705508516], [169.78384892996993, 185.16410809230274]]}]}