{"camera_data": {}, "objects": [{"class": "Cube", "location": [4.9658321065776825, -8.28306107087186, 53.16077694358167], "quaternion_xyzw": [-0.8783029990307354, -0.17501006535036223, 0.022195516321744133, 0.44436772832293836], "projected_cuboid": [[392.63847188890526, 190.33877148441255], [337.03139834369125, 170.11992011001126], [357.0750879994328, 129.2247376482369], [416.83473037495344, 151.5153659681029], [399.7440372697434, 149.4349105758328], [347.19104385779974, 129.8768070570258], [366.84368775392255, 88.311771982572], [423.089683452587, 109.78178086955393], [379.9235278248542, 140.04691461519678]]}, {"class": "Cube", "location": [-8.480533329403153, -3.1639058802699638, 42.0305743435325], "quaternion_xyzw": [-0.47514144596935154, 0.8304074899757223, -0.17696629753980794, 0.23096955740838848], "projected_cuboid": [[218.5367652642718, 133.73560309654533], [255.07270636826138, 203.3396854378209], [192.95505264188807, 240.6844049588949], [152.20487106928385, 167.44960201741603], [188.47410856152104, 148.89791179965283], [222.41116539336542, 211.8521483924967], [164.30979993678363, 246.1238144355298], [126.83251309260226, 180.22088162427394], [190.5641734432009, 191.71025726167608]]}]}