{"camera_data": {}, "objects": [{"class": "Cube", "location": [-14.892648313140677, -15.014242882804215, 52.67580632422538], "quaternion_xyzw": [0.1629576213437394, -0.6560285745209005, -0.07313566913088423, 0.7332956408972058], "projected_cuboid": [[122.24416834867384, 21.664191032731452], [95.28470487450727, 21.77524477058472], [95.95778255145856, 87.32844848922102], [122.05574339458616, 81.73620797045453], [179.26408698094076, 28.42257002493588], [157.4975617324855, 29.178025739183028], [156.13144570344906, 95.04204705602493], [177.358025734498, 88.75616631144493], [138.63336207753372, 57.15255102057441]]}, {"class": "Cube", "location": [552.4048614261828, -1490.5560296928581, 6255.373839480124], "quaternion_xyzw": [0.7668709839000043, 0.310517717017137, -0.17429672399737528, 0.5339553291001853], "projected_cuboid": [[376.72620192456833, 86.93548477845005], [376.3162436241468, 86.85998533089483], [376.623781294417, 86.82549981370968], [377.0336539272356, 86.90093985637927], [376.67649129454, 87.45625665260386], [376.2666777012085, 87.38053018723795], [376.57415285741325, 87.3457593246307], [376.983880860673, 87.42142613711326], [376.65012638706617, 87.14075967561416]]}, {"class": "Cube", "location": [-0.6920699649326898, -2.2048728603492966, 20.334112189889225], "quaternion_xyzw": [-0.51013368145689, 0.6987081314325924, -0.424122314285041, 0.2677514456332901], "projected_cuboid": [[370.9273156821635, 70.56562306538768], [422.7078643143119, 211.0380853727478], [356.3590926890198, 226.45863583728024], [292.58669146981885, 50.10309662025671], [257.28608281828406, 131.08788223121337], [302.2043919784706, 257.52085797518805], [217.3319968221541, 281.39846608162304], [163.74135740041737, 126.62145220510858], [298.1665961927232, 170.44073295625014]]}]}