{"camera_data": {}, "objects": [{"class": "Cube", "location": [-13.088173236098967, -4.356803717426493, 33.07356928405943], "quaternion_xyzw": [0.4502373963546255, -0.2820108649009832, 0.21396659692303316, 0.8197404799098209], "projected_cuboid": [[125.6732142687724, 99.18975560765529], [27.546732525114123, 74.27722967557929], [-2.885664289902195, 136.65305143642345], [89.79723086388867, 154.0354462675986], [139.446849732548, 175.50522623306443], [35.4680949161891, 157.38677240566582], [2.190856979217415, 215.9758529675878], [100.14009922330956, 227.0470421543059], [66.13979341491384, 155.49476983495225]]}, {"class": "Cube", "location": [2.7666760690553964, 9.276458160036821, 47.351251105632045], "quaternion_xyzw": [0.2815034465875508, -0.9319383512752085, 0.199620875091607, 0.11134731792655338], "projected_cuboid": [[346.24315225874267, 309.8643743848546], [405.2766914818156, 346.50769356074426], [366.3782153444978, 406.41406589476446], [306.70009367829005, 366.3920308503379], [349.911568859022, 331.0058312218604], [403.7304700057226, 365.0211520099094], [368.4094400694873, 419.93771745232624], [314.05136649459024, 383.09139078643864], [357.48206556020517, 365.6745655228488]]}]}