{"camera_data": {}, "objects": [{"class": "Cube", "location": [-13.640282216745856, -16.146797503696163, 49.38345897127364], "quaternion_xyzw": [-0.3183354716969968, -0.6872054386460844, 0.21259112309497924, 0.617427102527828], "projected_cuboid": [[116.90541222629508, 45.61740893628189], [104.39426008438275, -14.420706579569213], [100.49634666727712, 16.24197656396578], [114.16404273849909, 78.24331771396876], [178.98263581338279, 42.22522462108148], [171.1128306136266, -17.16709757000376], [172.21922823493827, 12.804318518882837], [180.55107741177054, 74.13593574487774], [142.81028457053844, 30.250200889199817]]}, {"class": "Cube", "location": [5.874326854539117, -12.005004301606057, 58.28748083239553], "quaternion_xyzw": [-0.7507790708102331, -0.3168727763644834, -0.2745920558346702, 0.5104131985997977], "projected_cuboid": [[381.49431812303453, 150.61660051471435], [349.0394840077572, 133.87872035336136], [395.4181479100142, 111.5973382636351], [426.58472602706865, 130.61014483113794], [375.313389499117, 104.64720521165194], [343.37791125007703, 85.49814145630066], [388.0919276234453, 61.30337124817606], [418.85181126652327, 82.90306488297463], [384.65163056236287, 107.87539709213098]]}, {"class": "Cube", "location": [-8.305199338374553, -2.7930217608179593, 32.56578118351815], "quaternion_xyzw": [0.5393029246627695, -0.07535178334122333, -0.39524950317969265, 0.7397650265007713], "projected_cuboid": [[127.08393799423641, 102.52886635248609], [69.20526208109592, 175.5365490034469], [142.8829319070015, 192.40484397687982], [196.97886221109388, 129.11579325613587], [173.64511497754253, 175.50965968913758], [109.43811797236592, 249.63248348626328], [182.4609238079221, 258.28259353449033], [241.79537690435518, 194.2315150516637], [156.39927611305947, 184.98140703372627]]}]}