{"camera_data": {}, "objects": [{"class": "Cube", "location": [-12.516134559230906, -10.81722240586158, 48.057180982578295], "quaternion_xyzw": [0.346875096683388, -0.7284392725921698, -0.2500681367140649, 0.535275462212342], "projected_cuboid": [[118.30067547594325, 44.00747949066161], [117.98459710351821, 86.90899566318993], [117.58220704121194, 141.450827827477], [117.89941649906226, 98.40026675750497], [187.6410568819895, 50.57370499098707], [191.96010976819804, 92.48854699833848], [186.0321692533624, 144.93713053649785], [182.36216416648665, 102.92963628944702], [152.92610686720602, 95.60434400270333]]}, {"class": "Cube", "location": [-22.171944375645428, -8.161263082908611, 48.054142763100565], "quaternion_xyzw": [0.24347595848103956, -0.4864127638257726, -0.8195324139647028, 0.1802462296146564], "projected_cuboid": [[-37.38335647486366, 149.0635851536082], [26.27087110094965, 187.21210775046234], [54.964753463627346, 163.14656783552334], [-2.5039737689117487, 127.79518314024043], [-12.238397405852481, 93.45531542320145], [53.65919730141519, 134.69051679582287], [81.0956393201555, 114.30517225904221], [21.817885287661454, 76.34948585303417], [24.015065109054035, 131.0510110752401]]}, {"class": "Cube", "location": [-2.0574377136150437, -1.4082066426474067, 9.060308015987154], "quaternion_xyzw": [0.9382937705344458, -0.21176518991790746, -0.20581943710768133, 0.17999628836162823], "projected_cuboid": [[277.03058489629495, 101.59039169255337], [-111.35028434854462, 361.3927048225526], [-125.08591411209107, 22.80569207099137], [146.07482830611164, -233.23045385207877], [455.2400749961148, 250.52392893165822], [193.04537033790362, 387.781496038244], [134.13471071150283, 155.4405226157522], [339.81749321678717, 12.213236919095408], [174.3265536938538, 140.2942770086513]]}]}