{
    "camera_data": {
        "camera_look_at": {
            "at": [
                1.0,
                0.0,
                0.0
            ],
            "eye": [
                0.0,
                0.0,
                0.0
            ],
            "up": [
                0.0,
                0.0,
                1.0
            ]
        },
        "camera_view_matrix": [
            [
                0.0,
                0.0,
                -1.0,
                0.0
            ],
            [
                -1.0,
                0.0,
                0.0,
                0.0
            ],
            [
                0.0,
                1.0,
                0.0,
                0.0
            ],
            [
                0.0,
                0.0,
                0.0,
                1.0
            ]
        ],
        "height": 400,
        "intrinsics": {
            "cx": 200.0,
            "cy": 200.0,
            "fx": 482.84283447265625,
            "fy": 482.84283447265625
        },
        "location_world": [
            0.0,
            0.0,
            0.0
        ],
        "quaternion_world_xyzw": [
            0.5,
            -0.5,
            -0.5,
            0.5
        ],
        "width": 400
    },
    "objects": [
        {
            "bounding_box_minx_maxx_miny_maxy": [
                0,
                96,
                1,
                77
            ],
            "class": "Cube",
            "local_cuboid": null,
            "local_to_world_matrix": [
                [
                    -0.0016797553980723023,
                    -0.0016956963809207082,
                    -0.004393522161990404,
                    0.0
                ],
                [
                    0.0036206599324941635,
                    0.0025178950745612383,
                    -0.002356061479076743,
                    0.0
                ],
                [
                    0.0030115186236798763,
                    -0.003973010927438736,
                    0.00038201839197427034,
                    0.0
                ],
                [
                    1.688087821006775,
                    0.5094019174575806,
                    0.602783739566803,
                    1.0
                ]
            ],
            "location": [
                -0.5094019174575806,
                0.602783739566803,
                -1.688087821006775
            ],
            "location_world": [
                1.688087821006775,
                0.5094019174575806,
                0.602783739566803
            ],
            "name": "hope_Cube_0",
            "projected_cuboid": [
                [
                    96.86559438705444,
                    59.05120372772217
                ],
                [
                    74.72705841064453,
                    102.36287117004395
                ],
                [
                    9.207296371459961,
                    99.2352843284607
                ],
                [
                    25.916969776153564,
                    51.41134262084961
                ],
                [
                    78.98796796798706,
                    6.856322288513184
                ],
                [
                    59.414803981781006,
                    53.09354066848755
                ],
                [
                    -4.363417625427246,
                    46.067941188812256
                ],
                [
                    10.013532638549805,
                    -5.145168304443359
                ],
                [
                    44.622695446014404,
                    52.35069990158081
                ]
            ],
            "provenance": "nvisii",
            "quaternion_xyzw": [
                -0.7766362428665161,
                0.44495847821235657,
                -0.3639262616634369,
                0.25769326090812683
            ],
            "quaternion_xyzw_world": [
                0.1449708789587021,
                0.6639138460159302,
                -0.47664862871170044,
                0.5576808452606201
            ],
            "segmentation_id": 1,
            "visibility": 1
        },
        {
            "bounding_box_minx_maxx_miny_maxy": [
                306,
                399,
                72,
                217
            ],
            "class": "Cube",
            "local_cuboid": null,
            "local_to_world_matrix": [
                [
                    0.003915421199053526,
                    -0.0025641820393502712,
                    -0.0017591039650142193,
                    0.0
                ],
                [
                    0.0029770447872579098,
                    0.002274100435897708,
                    0.0033114461693912745,
                    0.0
                ],
                [
                    -0.0008981539285741746,
                    -0.003640527604147792,
                    0.0033075485844165087,
                    0.0
                ],
                [
                    1.339745283126831,
                    -0.579020082950592,
                    0.0741349384188652,
                    1.0
                ]
            ],
            "location": [
                0.579020082950592,
                0.0741349384188652,
                -1.339745283126831
            ],
            "location_world": [
                1.339745283126831,
                -0.579020082950592,
                0.0741349384188652
            ],
            "name": "hope_Cube_1",
            "projected_cuboid": [
                [
                    450.47974586486816,
                    161.49815320968628
                ],
                [
                    391.53833389282227,
                    114.04743194580078
                ],
                [
                    331.5659999847412,
                    166.07638597488403
                ],
                [
                    382.58056640625,
                    217.37189292907715
                ],
                [
                    439.92700576782227,
                    120.48962116241455
                ],
                [
                    373.7001657485962,
                    70.71092128753662
                ],
                [
                    305.9865474700928,
                    131.3247799873352
                ],
                [
                    361.88883781433105,
                    186.47164106369019
                ],
                [
                    378.28450202941895,
                    146.4221954345703
                ]
            ],
            "provenance": "nvisii",
            "quaternion_xyzw": [
                -0.40954750776290894,
                0.4923977851867676,
                0.03356078267097473,
                0.7672608494758606
            ],
            "quaternion_xyzw_world": [
                0.40827515721321106,
                0.050561822950839996,
                -0.3254248797893524,
                0.8513834476470947
            ],
            "segmentation_id": 2,
            "visibility": 1
        },
        {
            "bounding_box_minx_maxx_miny_maxy": [
                0,
                118,
                51,
                161
            ],
            "class": "Cube",
            "local_cuboid": null,