{
    "camera_data": {
        "camera_look_at": {
            "at": [
                1.0,
                0.0,
                0.0
            ],
            "eye": [
                0.0,
                0.0,
                0.0
            ],
            "up": [
                0.0,
                0.0,
                1.0
            ]
        },
        "camera_view_matrix": [
            [
                0.0,
                0.0,
                -1.0,
                0.0
            ],
            [
                -1.0,
                0.0,
                0.0,
                0.0
            ],
            [
                0.0,
                1.0,
                0.0,
                0.0
            ],
            [
                0.0,
                0.0,
                0.0,
                1.0
            ]
        ],
        "height": 400,
        "intrinsics": {
            "cx": 200.0,
            "cy": 200.0,
            "fx": 482.84283447265625,
            "fy": 482.84283447265625
        },
        "location_world": [
            0.0,
            0.0,
            0.0
        ],
        "quaternion_world_xyzw": [
            0.5,
            -0.5,
            -0.5,
            0.5
        ],
        "width": 400
    },
    "objects": [
        {
            "bounding_box_minx_maxx_miny_maxy": [
                0,
                90,
                1,
                78
            ],
            "class": "Cube",
            "local_cuboid": null,
            "local_to_world_matrix": [
                [
                    -0.0036785101983696222,
                    -0.002923886524513364,
                    -0.0017086390871554613,
                    0.0
                ],
                [
                    0.0015733205946162343,
                    0.0007584225968457758,
                    -0.004685024730861187,
                    0.0
                ],
                [
                    0.002998869866132736,
                    -0.003984429873526096,
                    0.0003620696079451591,
                    0.0
                ],
                [
                    1.6426379680633545,
                    0.5404859781265259,
                    0.696861982345581,
                    1.0
                ]
            ],
            "location": [
                -0.5404859781265259,
                0.696861982345581,
                -1.6426379680633545
            ],
            "location_world": [
                1.6426379680633545,
                0.5404859781265259,
                0.696861982345581
            ],
            "name": "hope_Cube_0",
            "projected_cuboid": [
                [
                    90.76411724090576,
                    3.0197978019714355
                ],
                [
                    85.0628137588501,
                    78.47670316696167
                ],
                [
                    12.089991569519043,
                    72.37745523452759
                ],
                [
                    14.48056697845459,
                    -11.07165813446045
                ],
                [
                    62.85827159881592,
                    0.24536848068237305
                ],
                [
                    58.87489318847656,
                    68.46789121627808
                ],
                [
                    -8.635759353637695,
                    62.150657176971436
                ],
                [
                    -7.492518424987793,
                    -12.53509521484375
                ],
                [
                    39.39986228942871,
                    33.57529640197754
                ]
            ],
            "provenance": "nvisii",
            "quaternion_xyzw": [
                -0.883396327495575,
                0.13963502645492554,
                -0.4337204098701477,
                0.10954254865646362
            ],
            "quaternion_xyzw_world": [
                -0.10024916380643845,
                0.6736046075820923,
                -0.6435121297836304,
                0.3494267463684082
            ],
            "segmentation_id": 1,
            "visibility": 1
        },
        {
            "bounding_box_minx_maxx_miny_maxy": [
                256,
                399,
                4,
                185
            ],
            "class": "Cube",
            "local_cuboid": null,
            "local_to_world_matrix": [
                [
                    0.0041296822018921375,
                    -0.002435443690046668,
                    -0.0014192743692547083,
                    0.0
                ],
                [
                    -0.002226850250735879,
                    -0.0043622348457574844,
                    0.0010060028871521354,
                    0.0
                ],
                [
                    -0.0017282543703913689,
                    -0.00019879221508745104,
                    -0.00468760309740901,
                    0.0
                ],
                [
                    1.131299376487732,
                    -0.18993140757083893,
                    0.18992814421653748,
                    1.0
                ]
            ],
            "location": [
                0.18993140757083893,
                0.18992814421653748,
                -1.131299376487732
            ],
            "location_world": [
                1.131299376487732,
                -0.18993140757083893,
                0.18992814421653748
            ],
            "name": "hope_Cube_1",
            "projected_cuboid": [
                [
                    303.6694526672363,
                    184.90023612976074
                ],
                [
                    411.8706703186035,
                    160.85529327392578
                ],
                [
                    392.05970764160156,
                    66.73177480697632
                ],
                [
                    292.9023504257202,
                    97.35243320465088
                ],
                [
                    265.7035827636719,
                    146.94302082061768
                ],
                [
                    394.64259147644043,
                    112.37599849700928
                ],
                [
                    372.1210479736328,
                    2.370178699493408
                ],
                [
                    255.92362880706787,
                    45.58234214782715
                ],
                [
                    334.2135190963745,
                    103.4527063369751
                ]
            ],
            "provenance": "nvisii",
            "quaternion_xyzw": [
                0.4848291873931885,
                0.30350494384765625,
                -0.4053891897201538,
                0.713081419467926
            ],
            "quaternion_xyzw_world": [
                0.9534023404121399,
                -0.24450822174549103,
                -0.16506822407245636,
                0.0631839856505394
            ],
            "segmentation_id": 2,
            "visibility": 1
        },
        {
            "bounding_box_minx_maxx_miny_maxy": [
                387,
                399,
                51,
                102
            ],
            "class": "Cube",
            "local_cuboid": null,