{
    "camera_data": {
        "camera_look_at": {
            "at": [
                1.0,
                0.0,
                0.0
            ],
            "eye": [
                0.0,
                0.0,
                0.0
            ],
            "up": [
                0.0,
                0.0,
                1.0
            ]
        },
        "camera_view_matrix": [
            [
                0.0,
                0.0,
                -1.0,
                0.0
            ],
            [
                -1.0,
                0.0,
                0.0,
                0.0
            ],
            [
                0.0,
                1.0,
                0.0,
                0.0
            ],
            [
                0.0,
                0.0,
                0.0,
                1.0
            ]
        ],
        "height": 400,
        "intrinsics": {
            "cx": 200.0,
            "cy": 200.0,
            "fx": 482.84283447265625,
            "fy": 482.84283447265625
        },
        "location_world": [
            0.0,
            0.0,
            0.0
        ],
        "quaternion_world_xyzw": [
            0.5,
            -0.5,
            -0.5,
            0.5
        ],
        "width": 400
    },
    "objects": [
        {
            "bounding_box_minx_maxx_miny_maxy": [
                57,
                136,
                1,
                63
            ],
            "class": "Cube",
            "local_cuboid": null,
            "local_to_world_matrix": [
                [
                    0.0014264530036598444,
                    0.004784179851412773,
                    -0.00027722149388864636,
                    0.0
                ],
                [
                    0.0023962543345987797,
                    -0.0009625631500966847,
                    -0.004281522706151009,
                    0.0
                ],
                [
                    -0.004150083754211664,
                    0.001088619465008378,
                    -0.00256743305362761,
                    0.0
                ],
                [
                    1.632703185081482,
                    0.3308979272842407,
                    0.7644489407539368,
                    1.0
                ]
            ],
            "location": [
                -0.3308979272842407,
                0.7644489407539368,
                -1.632703185081482
            ],
            "location_world": [
                1.632703185081482,
                0.3308979272842407,
                0.7644489407539368
            ],
            "name": "hope_Cube_0",
            "projected_cuboid": [
                [
                    52.5752067565918,
                    -13.963961601257324
                ],
                [
                    76.85747146606445,
                    62.62044906616211
                ],
                [
                    104.25504446029663,
                    44.92605924606323
                ],
                [
                    84.6684217453003,
                    -23.887062072753906
                ],
                [
                    122.88013696670532,
                    -28.66520881652832
                ],
                [
                    143.0141806602478,
                    52.397286891937256
                ],
                [
                    163.9448046684265,
                    35.17494201660156
                ],
                [
                    147.74166345596313,
                    -37.210845947265625
                ],
                [
                    112.47093677520752,
                    12.46345043182373
                ]
            ],
            "provenance": "nvisii",
            "quaternion_xyzw": [
                0.13176849484443665,
                0.2600551247596741,
                -0.9543527960777283,
                0.06495420634746552
            ],
            "quaternion_xyzw_world": [
                0.705565333366394,
                0.5088426470756531,
                -0.3137417137622833,
                -0.38055598735809326
            ],
            "segmentation_id": 1,
            "visibility": 1
        },
        {
            "bounding_box_minx_maxx_miny_maxy": [
                119,
                274,
                1,
                131
            ],
            "class": "Cube",
            "local_cuboid": null,
            "local_to_world_matrix": [
                [
                    0.003969467710703611,
                    0.0021599018946290016,
                    -0.002139661693945527,
                    0.0
                ],
                [
                    0.0018967768410220742,
                    0.0009906911291182041,
                    0.004518934991210699,
                    0.0
                ],
                [
                    0.0023760399781167507,
                    -0.004399245139211416,
                    -3.286719220341183e-05,
                    0.0
                ],
                [
                    1.1145777702331543,
                    -0.0038825885858386755,
                    0.23591075837612152,
                    1.0
                ]
            ],
            "location": [
                0.0038825885858386755,
                0.23591075837612152,
                -1.1145777702331543
            ],
            "location_world": [
                1.1145777702331543,
                -0.0038825885858386755,
                0.23591075837612152
            ],
            "name": "hope_Cube_1",
            "projected_cuboid": [
                [
                    222.70314693450928,
                    131.13254308700562
                ],
                [
                    203.64644527435303,
                    56.16074800491333
                ],
                [
                    118.97661685943604,
                    41.84670448303223
                ],
                [
                    133.03849697113037,
                    123.35796356201172
                ],
                [
                    275.41401386260986,
                    70.3511118888855
                ],
                [
                    248.8492727279663,
                    -12.41443157196045
                ],
                [
                    153.29747200012207,
                    -37.18535900115967
                ],
                [
                    173.68391752243042,
                    53.40862274169922
                ],
                [
                    191.32182598114014,
                    55.028700828552246
                ]
            ],
            "provenance": "nvisii",
            "quaternion_xyzw": [
                -0.18670883774757385,
                0.8382982015609741,
                -0.11509288847446442,
                0.499148964881897
            ],
            "quaternion_xyzw_world": [
                0.6329156160354614,
                0.3204754889011383,
                0.018673760816454887,
                0.7045315504074097
            ],
            "segmentation_id": 2,
            "visibility": 1
        },
        {
            "bounding_box_minx_maxx_miny_maxy": [
                338,
                399,
                85,
                184
            ],
            "class": "Cube",
            "local_cuboid": null,