{
    "camera_data": {
        "camera_look_at": {
            "at": [
                1.0,
                0.0,
                0.0
            ],
            "eye": [
                0.0,
                0.0,
                0.0
            ],
            "up": [
                0.0,
                0.0,
                1.0
            ]
        },
        "camera_view_matrix": [
            [
                0.0,
                0.0,
                -1.0,
                0.0
            ],
            [
                -1.0,
                0.0,
                0.0,
                0.0
            ],
            [
                0.0,
                1.0,
                0.0,
                0.0
            ],
            [
                0.0,
                0.0,
                0.0,
                1.0
            ]
        ],
        "height": 400,
        "intrinsics": {
            "cx": 200.0,
            "cy": 200.0,
            "fx": 482.84283447265625,
            "fy": 482.84283447265625
        },
        "location_world": [
            0.0,
            0.0,
            0.0
        ],
        "quaternion_world_xyzw": [
            0.5,
            -0.5,
            -0.5,
            0.5
        ],
        "width": 400
    },
    "objects": [
        {
            "bounding_box_minx_maxx_miny_maxy": [
                131,
                210,
                1,
                43
            ],
            "class": "Cube",
            "local_cuboid": null,
            "local_to_world_matrix": [
                [
                    0.004953605122864246,
                    0.00023694442643318325,
                    0.000636908458545804,
                    0.0
                ],
                [
                    0.0006422018632292747,
                    -9.998738823924214e-05,
                    -0.004957578610628843,
                    0.0
                ],
                [
                    -0.00022219769016373903,
                    0.004993382375687361,
                    -0.00012949288066010922,
                    0.0
                ],
                [
                    1.6265865564346313,
                    0.10197433084249496,
                    0.8121542930603027,
                    1.0
                ]
            ],
            "location": [
                -0.10197433084249496,
                0.8121542930603027,
                -1.6265865564346313
            ],
            "location_world": [
                1.6265865564346313,
                0.10197433084249496,
                0.8121542930603027
            ],
            "name": "hope_Cube_0",
            "projected_cuboid": [
                [
                    135.59800386428833,
                    -28.250551223754883
                ],
                [
                    138.12015056610107,
                    43.2278037071228
                ],
                [
                    205.92339038848877,
                    42.45353937149048
                ],
                [
                    204.65707778930664,
                    -28.586769104003906
                ],
                [
                    128.7647008895874,
                    -55.73992729187012
                ],
                [
                    131.8387746810913,
                    27.892005443572998
                ],
                [
                    210.589337348938,
                    27.103853225708008
                ],
                [
                    209.2144012451172,
                    -55.928850173950195
                ],
                [
                    170.76011896133423,
                    -2.295827865600586
                ]
            ],
            "provenance": "nvisii",
            "quaternion_xyzw": [
                -0.6891457438468933,
                -0.053464364260435104,
                0.721689760684967,
                0.03719896450638771
            ],
            "quaternion_xyzw_world": [
                -0.7135504484176636,
                -0.06160365417599678,
                -0.029059669002890587,
                0.6972850561141968
            ],
            "segmentation_id": 1,
            "visibility": 1
        },
        {
            "bounding_box_minx_maxx_miny_maxy": [
                0,
                148,
                11,
                156
            ],
            "class": "Cube",
            "local_cuboid": null,
            "local_to_world_matrix": [
                [
                    0.0014545893063768744,
                    -0.00038342890911735594,
                    -0.004768348764628172,
                    0.0
                ],
                [
                    -0.0026131425984203815,
                    0.004110931884497404,
                    -0.001127706840634346,
                    0.0
                ],
                [
                    0.0040069506503641605,
                    0.0028201453387737274,
                    0.0009955528657883406,
                    0.0
                ],
                [
                    1.0994746685028076,
                    0.18860997259616852,
                    0.2836705148220062,
                    1.0
                ]
            ],
            "location": [
                -0.18860997259616852,
                0.2836705148220062,
                -1.0994746685028076
            ],
            "location_world": [
                1.0994746685028076,
                0.18860997259616852,
                0.2836705148220062
            ],
            "name": "hope_Cube_1",
            "projected_cuboid": [
                [
                    102.52305269241333,
                    126.03106498718262
                ],
                [
                    1.213836669921875,
                    141.91795587539673
                ],
                [
                    32.437896728515625,
                    155.61747550964355
                ],
                [
                    149.4060516357422,
                    134.92897748947144
                ],
                [
                    88.47124576568604,
                    22.446811199188232
                ],
                [
                    -21.75130844116211,
                    26.346242427825928
                ],
                [
                    6.673109531402588,
                    13.42228651046753
                ],
                [
                    135.9716296195984,
                    10.46515703201294
                ],
                [
                    63.95313739776611,
                    80.71738481521606
                ]
            ],
            "provenance": "nvisii",
            "quaternion_xyzw": [
                -0.7251926064491272,
                0.6122015714645386,
                0.2947309613227844,
                -0.11152828484773636
            ],
            "quaternion_xyzw_world": [
                -0.2596251666545868,
                0.5770957469940186,
                0.14663411676883698,
                0.7602984309196472
            ],
            "segmentation_id": 2,
            "visibility": 1
        },
        {
            "bounding_box_minx_maxx_miny_maxy": [
                316,
                399,
                75,
                183
            ],
            "class": "Cube",
            "local_cuboid": null,