{
    "camera_data": {
        "camera_look_at": {
            "at": [
                1.0,
                0.0,
                0.0
            ],
            "eye": [
                0.0,
                0.0,
                0.0
            ],
            "up": [
                0.0,
                0.0,
                1.0
            ]
        },
        "camera_view_matrix": [
            [
                0.0,
                0.0,
                -1.0,
                0.0
            ],
            [
                -1.0,
                0.0,
                0.0,
                0.0
            ],
            [
                0.0,
                1.0,
                0.0,
                0.0
            ],
            [
                0.0,
                0.0,
                0.0,
                1.0
            ]
        ],
        "height": 400,
        "intrinsics": {
            "cx": 200.0,
            "cy": 200.0,
            "fx": 482.84283447265625,
            "fy": 482.84283447265625
        },
        "location_world": [
            0.0,
            0.0,
            0.0
        ],
        "quaternion_world_xyzw": [
            0.5,
            -0.5,
            -0.5,
            0.5
        ],
        "width": 400
    },
    "objects": [
        {
            "bounding_box_minx_maxx_miny_maxy": [
                2,
                96,
                19,
                109
            ],
            "class": "Cube",
            "local_cuboid": null,
            "local_to_world_matrix": [
                [
                    0.0045707328245043755,
                    0.0016195414355024695,
                    0.0012188057880848646,
                    0.0
                ],
                [
                    0.0016620830865576863,
                    -0.0012739109806716442,
                    -0.004540333524346352,
                    0.0
                ],
                [
                    -0.0011601217556744814,
                    0.004555681720376015,
                    -0.001702904119156301,
                    0.0
                ],
                [
                    1.7719882726669312,
                    0.594916045665741,
                    0.6230255961418152,
                    1.0
                ]
            ],
            "location": [
                -0.594916045665741,
                0.6230255961418152,
                -1.7719882726669312
            ],
            "location_world": [
                1.7719882726669312,
                0.594916045665741,
                0.6230255961418152
            ],
            "name": "hope_Cube_0",
            "projected_cuboid": [
                [
                    5.2002787590026855,
                    41.174209117889404
                ],
                [
                    29.393553733825684,
                    104.46789264678955
                ],
                [
                    89.38267230987549,
                    86.66818141937256
                ],
                [
                    68.52511167526245,
                    24.519073963165283
                ],
                [
                    1.8726825714111328,
                    36.954331398010254
                ],
                [
                    29.457437992095947,
                    108.9029312133789
                ],
                [
                    97.19083309173584,
                    88.65939378738403
                ],
                [
                    73.89193773269653,
                    18.18772554397583
                ],
                [
                    50.086891651153564,
                    64.34452533721924
                ]
            ],
            "provenance": "nvisii",
            "quaternion_xyzw": [
                -0.5814065337181091,
                -0.214369535446167,
                0.7848565578460693,
                -0.003510529175400734
            ],
            "quaternion_xyzw_world": [
                -0.7920715808868408,
                -0.2071545422077179,
                -0.0037044694181531668,
                0.5741915106773376
            ],
            "segmentation_id": 1,
            "visibility": 1
        },
        {
            "bounding_box_minx_maxx_miny_maxy": [
                311,
                399,
                57,
                220
            ],
            "class": "Cube",
            "local_cuboid": null,
            "local_to_world_matrix": [
                [
                    0.0046358872205019,
                    0.00032329573878087103,
                    -0.0018450003117322922,
                    0.0
                ],
                [
                    0.0005130747449584305,
                    0.004517427179962397,
                    0.002080770442262292,
                    0.0
                ],
                [
                    0.0018014716915786266,
                    -0.002118568168953061,
                    0.004155281465500593,
                    0.0
                ],
                [
                    1.2145578861236572,
                    -0.5888225436210632,
                    0.09623640775680542,
                    1.0
                ]
            ],
            "location": [
                0.5888225436210632,
                0.09623640775680542,
                -1.2145578861236572
            ],
            "location_world": [
                1.2145578861236572,
                -0.5888225436210632,
                0.09623640775680542
            ],
            "name": "hope_Cube_1",
            "projected_cuboid": [
                [
                    422.451114654541,
                    145.94321250915527
                ],
                [
                    340.5416011810303,
                    111.0806941986084
                ],
                [
                    311.1856937408447,
                    181.4873218536377
                ],
                [
                    398.24891090393066,
                    220.1979398727417
                ],
                [
                    474.3598937988281,
                    96.0416316986084
                ],
                [
                    375.075101852417,
                    55.36324977874756
                ],
                [
                    342.29655265808105,
                    136.24095916748047
                ],
                [
                    449.27101135253906,
                    182.36615657806396
                ],
                [
                    387.2098445892334,
                    141.67747497558594
                ]
            ],
            "provenance": "nvisii",
            "quaternion_xyzw": [
                -0.4689032733440399,
                0.6784371137619019,
                0.2684262990951538,
                0.4977952539920807
            ],
            "quaternion_xyzw_world": [
                0.2194513976573944,
                0.19055940210819244,
                -0.009917578659951687,
                0.9567809700965881
            ],
            "segmentation_id": 2,
            "visibility": 1
        },
        {
            "bounding_box_minx_maxx_miny_maxy": [
                151,
                248,
                1,
                77
            ],
            "class": "Cube",
            "local_cuboid": null,