{
    "camera_data": {
        "camera_look_at": {
            "at": [
                1.0,
                0.0,
                0.0
            ],
            "eye": [
                0.0,
                0.0,
                0.0
            ],
            "up": [
                0.0,
                0.0,
                1.0
            ]
        },
        "camera_view_matrix": [
            [
                0.0,
                0.0,
                -1.0,
                0.0
            ],
            [
                -1.0,
                0.0,
                0.0,
                0.0
            ],
            [
                0.0,
                1.0,
                0.0,
                0.0
            ],
            [
                0.0,
                0.0,
                0.0,
                1.0
            ]
        ],
        "height": 400,
        "intrinsics": {
            "cx": 200.0,
            "cy": 200.0,
            "fx": 482.84283447265625,
            "fy": 482.84283447265625
        },
        "location_world": [
            0.0,
            0.0,
            0.0
        ],
        "quaternion_world_xyzw": [
            0.5,
            -0.5,
            -0.5,
            0.5
        ],
        "width": 400
    },
    "objects": [
        {
            "bounding_box_minx_maxx_miny_maxy": [
                0,
                79,
                1,
                113
            ],
            "class": "Cube",
            "local_cuboid": null,
            "local_to_world_matrix": [
                [
                    0.002710290253162384,
                    -0.0035889996215701103,
                    -0.0021848129108548164,
                    0.0
                ],
                [
                    -0.0017717131413519382,
                    0.0013812904944643378,
                    -0.0044668857008218765,
                    0.0
                ],
                [
                    0.003809902584180236,
                    0.0031954837031662464,
                    -0.0005229961825534701,
                    0.0
                ],
                [
                    1.7456045150756836,
                    0.5696703195571899,
                    0.6183250546455383,
                    1.0
                ]
            ],
            "location": [
                -0.5696703195571899,
                0.6183250546455383,
                -1.7456045150756836
            ],
            "location_world": [
                1.7456045150756836,
                0.5696703195571899,
                0.6183250546455383
            ],
            "name": "hope_Cube_0",
            "projected_cuboid": [
                [
                    58.37277173995972,
                    60.7008695602417
                ],
                [
                    33.15693140029907,
                    113.17285299301147
                ],
                [
                    60.99506616592407,
                    95.27417421340942
                ],
                [
                    87.57138252258301,
                    37.90724277496338
                ],
                [
                    -1.3187408447265625,
                    20.30646800994873
                ],
                [
                    -31.702208518981934,
                    74.87541437149048
                ],
                [
                    -9.608888626098633,
                    50.47008991241455
                ],
                [
                    23.19512367248535,
                    -9.301161766052246
                ],
                [
                    28.523600101470947,
                    56.20877742767334
                ]
            ],
            "provenance": "nvisii",
            "quaternion_xyzw": [
                -0.9183079600334167,
                0.1941671073436737,
                0.3215574026107788,
                -0.12494225800037384
            ],
            "quaternion_xyzw_world": [
                -0.585320234298706,
                0.45792993903160095,
                -0.1388205885887146,
                0.6545450687408447
            ],
            "segmentation_id": 1,
            "visibility": 1
        },
        {
            "bounding_box_minx_maxx_miny_maxy": [
                318,
                399,
                62,
                205
            ],
            "class": "Cube",
            "local_cuboid": null,
            "local_to_world_matrix": [
                [
                    0.0036748808342963457,
                    -0.003255658783018589,
                    -0.0009465391631238163,
                    0.0
                ],
                [
                    0.002863503061234951,
                    0.002232901519164443,
                    0.0034372226800769567,
                    0.0
                ],
                [
                    -0.0018153790151700377,
                    -0.003068360732868314,
                    0.0035056471824645996,
                    0.0
                ],
                [
                    1.2733230590820312,
                    -0.6022193431854248,
                    0.08481709659099579,
                    1.0
                ]
            ],
            "location": [
                0.6022193431854248,
                0.08481709659099579,
                -1.2733230590820312
            ],
            "location_world": [
                1.2733230590820312,
                -0.6022193431854248,
                0.08481709659099579
            ],
            "name": "hope_Cube_1",
            "projected_cuboid": [
                [
                    478.1573295593262,
                    145.56456804275513
                ],
                [
                    414.0881538391113,
                    94.17095184326172
                ],
                [
                    353.9053440093994,
                    154.8238754272461
                ],
                [
                    407.74316787719727,
                    209.06672477722168
                ],
                [
                    453.9608955383301,
                    116.64572954177856
                ],
                [
                    383.3972454071045,
                    61.10684871673584
                ],
                [
                    317.17615127563477,
                    132.0851445198059
                ],
                [
                    374.7908592224121,
                    191.79829359054565
                ],
                [
                    396.16456031799316,
                    138.6990785598755
                ]
            ],
            "provenance": "nvisii",
            "quaternion_xyzw": [
                -0.38749560713768005,
                0.4102551341056824,
                0.07826158404350281,
                0.8218351006507874
            ],
            "quaternion_xyzw_world": [
                0.3831665515899658,
                -0.05117302015423775,
                -0.3604070246219635,
                0.8489237427711487
            ],
            "segmentation_id": 2,
            "visibility": 1
        },
        {
            "bounding_box_minx_maxx_miny_maxy": [
                52,
                183,
                11,
                146
            ],
            "class": "Cube",
            "local_cuboid": null,