{
    "camera_data": {
        "camera_look_at": {
            "at": [
                1.0,
                0.0,
                0.0
            ],
            "eye": [
                0.0,
                0.0,
                0.0
            ],
            "up": [
                0.0,
                0.0,
                1.0
            ]
        },
        "camera_view_matrix": [
            [
                0.0,
                0.0,
                -1.0,
                0.0
            ],
            [
                -1.0,
                0.0,
                0.0,
                0.0
            ],
            [
                0.0,
                1.0,
                0.0,
                0.0
            ],
            [
                0.0,
                0.0,
                0.0,
                1.0
            ]
        ],
        "height": 400,
        "intrinsics": {
            "cx": 200.0,
            "cy": 200.0,
            "fx": 482.84283447265625,
            "fy": 482.84283447265625
        },
        "location_world": [
            0.0,
            0.0,
            0.0
        ],
        "quaternion_world_xyzw": [
            0.5,
            -0.5,
            -0.5,
            0.5
        ],
        "width": 400
    },
    "objects": [
        {
            "bounding_box_minx_maxx_miny_maxy": [
                232,
                348,
                269,
                361
            ],
            "class": "Cube",
            "local_cuboid": null,
            "local_to_world_matrix": [
                [
                    0.0033337713684886694,
                    0.0033401434775441885,
                    -0.001652092905715108,
                    0.0
                ],
                [
                    0.0018450452480465174,
                    0.00044639557017944753,
                    0.004625639412552118,
                    0.0
                ],
                [
                    0.0032375571317970753,
                    -0.0036938025150448084,
                    -0.0009349071769975126,
                    0.0
                ],
                [
                    1.572878122329712,
                    -0.3097650110721588,
                    -0.5079562664031982,
                    1.0
                ]
            ],
            "location": [
                0.3097650110721588,
                -0.5079562664031982,
                -1.572878122329712
            ],
            "location_world": [
                1.572878122329712,
                -0.3097650110721588,
                -0.5079562664031982
            ],
            "name": "hope_Cube_0",
            "projected_cuboid": [
                [
                    288.55648040771484,
                    359.16247367858887
                ],
                [
                    278.1998634338379,
                    290.09337425231934
                ],
                [
                    232.31332302093506,
                    285.3039741516113
                ],
                [
                    241.04692935943604,
                    361.19019985198975
                ],
                [
                    349.30222034454346,
                    350.6589889526367
                ],
                [
                    334.5370292663574,
                    275.13749599456787
                ],
                [
                    289.6305799484253,
                    268.2030439376831
                ],
                [
                    303.1515598297119,
                    351.94945335388184
                ],
                [
                    289.0543222427368,
                    317.00196266174316
                ]
            ],
            "provenance": "nvisii",
            "quaternion_xyzw": [
                -0.11657069623470306,
                0.9000928401947021,
                -0.15442585945129395,
                0.3903805613517761
            ],
            "quaternion_xyzw_world": [
                0.6641642451286316,
                0.3903543949127197,
                0.11935784667730331,
                0.6263090968132019
            ],
            "segmentation_id": 1,
            "visibility": 1
        },
        {
            "bounding_box_minx_maxx_miny_maxy": [
                12,
                117,
                173,
                278
            ],
            "class": "Cube",
            "local_cuboid": null,
            "local_to_world_matrix": [
                [
                    -0.0015978884184733033,
                    0.00213122577406466,
                    0.004231387749314308,
                    0.0
                ],
                [
                    -0.0005054944776929915,
                    -0.004516762215644121,
                    0.002084071282297373,
                    0.0
                ],
                [
                    0.004710758104920387,
                    0.00023823342053219676,
                    0.0016589178703725338,
                    0.0
                ],
                [
                    1.8411580324172974,
                    0.609186053276062,
                    -0.13926750421524048,
                    1.0
                ]
            ],
            "location": [
                -0.609186053276062,
                -0.13926750421524048,
                -1.8411580324172974
            ],
            "location_world": [
                1.8411580324172974,
                0.609186053276062,
                -0.13926750421524048
            ],
            "name": "hope_Cube_1",
            "projected_cuboid": [
                [
                    31.815314292907715,
                    197.98955917358398
                ],
                [
                    87.15312480926514,
                    171.39365673065186
                ],
                [
                    74.59210157394409,
                    191.48330688476562
                ],
                [
                    11.70032024383545,
                    221.4987277984619
                ],
                [
                    64.27828073501587,
                    249.17607307434082
                ],
                [
                    117.79167652130127,
                    224.31232929229736
                ],
                [
                    109.96010303497314,
                    250.64992904663086
                ],
                [
                    49.41089153289795,
                    278.45733165740967
                ],
                [
                    68.95475387573242,
                    223.01714420318604
                ]
            ],
            "provenance": "nvisii",
            "quaternion_xyzw": [
                0.5241880416870117,
                0.8344476222991943,
                0.12969139218330383,
                -0.11002013087272644
            ],
            "quaternion_xyzw_world": [
                0.5594620704650879,
                0.14529414474964142,
                0.7991735935211182,
                0.16496542096138
            ],
            "segmentation_id": 2,
            "visibility": 1
        },
        {
            "bounding_box_minx_maxx_miny_maxy": [
                348,
                399,
                364,
                400
            ],
            "class": "Cube",
            "local_cuboid": null,