{
    "camera_data": {
        "camera_look_at": {
            "at": [
                1.0,
                0.0,
                0.0
            ],
            "eye": [
                0.0,
                0.0,
                0.0
            ],
            "up": [
                0.0,
                0.0,
                1.0
            ]
        },
        "camera_view_matrix": [
            [
                0.0,
                0.0,
                -1.0,
                0.0
            ],
            [
                -1.0,
                0.0,
                0.0,
                0.0
            ],
            [
                0.0,
                1.0,
                0.0,
                0.0
            ],
            [
                0.0,
                0.0,
                0.0,
                1.0
            ]
        ],
        "height": 500,
        "intrinsics": {
            "cx": 250.0,
            "cy": 250.0,
            "fx": 603.5535278320312,
            "fy": 603.5535278320312
        },
        "location_world": [
            0.0,
            0.0,
            0.0
        ],
        "quaternion_world_xyzw": [
            0.5,
            -0.5,
            -0.5,
            0.5
        ],
        "width": 500
    },
    "objects": [
        {
            "bounding_box_minx_maxx_miny_maxy": [
                0,
                123,
                408,
                500
            ],
            "class": "Cube",
            "local_cuboid": null,
            "local_to_world_matrix": [
                [
                    -0.0068629710003733635,
                    -0.0013732751831412315,
                    0.00011723656643880531,
                    0.0
                ],
                [
                    0.0013729543425142765,
                    -0.006863968912512064,
                    -3.0466077078017406e-05,
                    0.0
                ],
                [
                    0.00012093519762856886,
                    -6.8753392952203285e-06,
                    0.006998952012509108,
                    0.0
                ],
                [
                    0.9391528964042664,
                    0.5557475090026855,
                    -0.4777778089046478,
                    1.0
                ]
            ],
            "location": [
                -0.5557475090026855,
                -0.4777778089046478,
                -0.9391528964042664
            ],
            "location_world": [
                0.9391528964042664,
                0.5557475090026855,
                -0.4777778089046478
            ],
            "name": "hope_Cube_0",
            "projected_cuboid": [
                [
                    -158.25039148330688,
                    484.8676323890686
                ],
                [
                    121.9572126865387,
                    466.75175428390503
                ],
                [
                    120.77896296977997,
                    721.8189239501953
                ],
                [
                    -161.75049543380737,
                    762.9799842834473
                ],
                [
                    -69.67726349830627,
                    415.68103432655334
                ],
                [
                    124.06770884990692,
                    406.8394899368286
                ],
                [
                    123.24400246143341,
                    587.1941447257996
                ],
                [
                    -71.60964608192444,
                    607.261061668396
                ],
                [
                    11.828899383544922,
                    546.6933250427246
                ]
            ],
            "provenance": "nvisii",
            "quaternion_xyzw": [
                0.5517723560333252,
                0.4518688917160034,
                0.444661021232605,
                -0.5418840646743774
            ],
            "quaternion_xyzw_world": [
                0.008548078127205372,
                -0.0013401982141658664,
                0.9950931668281555,
                -0.09856325387954712
            ],
            "segmentation_id": 1,
            "visibility": 1
        },
        {
            "bounding_box_minx_maxx_miny_maxy": [
                0,
                94,
                397,
                412
            ],
            "class": "Cube",
            "local_cuboid": null,
            "local_to_world_matrix": [
                [
                    -0.0044062756933271885,
                    0.005439023021608591,
                    4.194000575807877e-05,
                    0.0
                ],
                [
                    0.0003485007619019598,
                    0.0002284477377543226,
                    0.0069875861518085,
                    0.0
                ],
                [
                    0.005428009200841188,
                    0.00440055038779974,
                    -0.00041458645137026906,
                    0.0
                ],
                [
                    1.3606065511703491,
                    0.5207152962684631,
                    -0.7317044734954834,
                    1.0
                ]
            ],
            "location": [
                -0.5207152962684631,
                -0.7317044734954834,
                -1.3606065511703491
            ],
            "location_world": [
                1.3606065511703491,
                0.5207152962684631,
                -0.7317044734954834
            ],
            "name": "hope_Cube_1",
            "projected_cuboid": [
                [
                    -83.83634686470032,
                    572.6531147956848
                ],
                [
                    -84.60360765457153,
                    418.4103012084961
                ],
                [
                    -47.51855134963989,
                    447.73033261299133
                ],
                [
                    -45.98483443260193,
                    639.9838924407959
                ],
                [
                    64.11956250667572,
                    529.1916131973267
                ],
                [
                    61.86878681182861,
                    396.34138345718384
                ],
                [
                    122.30512499809265,
                    416.45678877830505
                ],
                [
                    125.80224871635437,
                    576.5762329101562
                ],
                [
                    17.96746253967285,
                    495.5148994922638
                ]
            ],
            "provenance": "nvisii",
            "quaternion_xyzw": [
                -0.007069915533065796,
                0.9421597123146057,
                -0.02892620861530304,
                -0.3338388204574585
            ],
            "quaternion_xyzw_world": [
                0.3150885999202728,
                0.6559973359107971,
                0.6200011968612671,
                0.2932322919368744
            ],
            "segmentation_id": 2,
            "visibility": 1
        },
        {
            "bounding_box_minx_maxx_miny_maxy": [
                0,
                129,
                222,
                409
            ],
            "class": "Cube",
            "local_cuboid": null,