{
    "camera_data": {
        "camera_look_at": {
            "at": [
                1.0,
                0.0,
                0.0
            ],
            "eye": [
                0.0,
                0.0,
                0.0
            ],
            "up": [
                0.0,
                0.0,
                1.0
            ]
        },
        "camera_view_matrix": [
            [
                0.0,
                0.0,
                -1.0,
                0.0
            ],
            [
                -1.0,
                0.0,
                0.0,
                0.0
            ],
            [
                0.0,
                1.0,
                0.0,
                0.0
            ],
            [
                0.0,
                0.0,
                0.0,
                1.0
            ]
        ],
        "height": 500,
        "intrinsics": {
            "cx": 250.0,
            "cy": 250.0,
            "fx": 603.5535278320312,
            "fy": 603.5535278320312
        },
        "location_world": [
            0.0,
            0.0,
            0.0
        ],
        "quaternion_world_xyzw": [
            0.5,
            -0.5,
            -0.5,
            0.5
        ],
        "width": 500
    },
    "objects": [
        {
            "bounding_box_minx_maxx_miny_maxy": [
                5,
                159,
                283,
                427
            ],
            "class": "Cube",
            "local_cuboid": null,
            "local_to_world_matrix": [
                [
                    -0.0032901978120207787,
                    0.0037359322886914015,
                    -0.00046626641415059566,
                    0.0
                ],
                [
                    -0.0014474054332822561,
                    -0.0018268006388098001,
                    -0.004423552192747593,
                    0.0
                ],
                [
                    -0.0034755736123770475,
                    -0.0027758972719311714,
                    0.0022835892159491777,
                    0.0
                ],
                [
                    1.5767959356307983,
                    0.4783095717430115,
                    -0.15244944393634796,
                    1.0
                ]
            ],
            "location": [
                -0.4783095717430115,
                -0.15244944393634796,
                -1.5767959356307983
            ],
            "location_world": [
                1.5767959356307983,
                0.4783095717430115,
                -0.15244944393634796
            ],
            "name": "hope_Cube_0",
            "projected_cuboid": [
                [
                    34.626305103302,
                    295.88496685028076
                ],
                [
                    64.23942744731903,
                    398.3452320098877
                ],
                [
                    30.11956810951233,
                    426.9287586212158
                ],
                [
                    5.321875214576721,
                    334.41945910453796
                ],
                [
                    128.87415289878845,
                    282.13363885879517
                ],
                [
                    159.7868800163269,
                    372.6916015148163
                ],
                [
                    119.09961700439453,
                    401.12918615341187
                ],
                [
                    92.95018017292023,
                    318.4059262275696
                ],
                [
                    80.50808310508728,
                    353.04850339889526
                ]
            ],
            "provenance": "nvisii",
            "quaternion_xyzw": [
                0.3325691819190979,
                0.20454904437065125,
                0.912004828453064,
                -0.1257157325744629
            ],
            "quaternion_xyzw_world": [
                -0.25030118227005005,
                -0.45715466141700745,
                0.7874194383621216,
                0.3291344940662384
            ],
            "segmentation_id": 1,
            "visibility": 1
        },
        {
            "bounding_box_minx_maxx_miny_maxy": [
                129,
                264,
                206,
                404
            ],
            "class": "Cube",
            "local_cuboid": null,
            "local_to_world_matrix": [
                [
                    -0.0017768465913832188,
                    0.0006622800137847662,
                    0.004626467823982239,
                    0.0
                ],
                [
                    -0.0045346543192863464,
                    -0.0014423370594158769,
                    -0.0015351134352385998,
                    0.0
                ],
                [
                    0.001131250406615436,
                    -0.0047414181753993034,
                    0.0011132042855024338,
                    0.0
                ],
                [
                    1.2653006315231323,
                    0.1040060892701149,
                    -0.04958610609173775,
                    1.0
                ]
            ],
            "location": [
                -0.1040060892701149,
                -0.04958610609173775,
                -1.2653006315231323
            ],
            "location_world": [
                1.2653006315231323,
                0.1040060892701149,
                -0.04958610609173775
            ],
            "name": "hope_Cube_1",
            "projected_cuboid": [
                [
                    249.0203082561493,
                    204.6278417110443
                ],
                [
                    291.3746237754822,
                    239.87612128257751
                ],
                [
                    145.65587043762207,
                    274.06442165374756
                ],
                [
                    128.99631261825562,
                    230.6446135044098
                ],
                [
                    264.0226185321808,
                    311.98710203170776
                ],
                [
                    306.0517907142639,
                    366.3218915462494
                ],
                [
                    173.3945906162262,
                    404.4114947319031
                ],
                [
                    152.98205614089966,
                    340.938925743103
                ],
                [
                    214.39898014068604,
                    296.08848690986633
                ]
            ],
            "provenance": "nvisii",
            "quaternion_xyzw": [
                0.5917805433273315,
                0.5127580761909485,
                0.5507332682609558,
                0.28908097743988037
            ],
            "quaternion_xyzw_world": [
                0.4214431345462799,
                -0.4594183564186096,
                0.6830954551696777,
                0.38039591908454895
            ],
            "segmentation_id": 2,
            "visibility": 1
        },
        {
            "bounding_box_minx_maxx_miny_maxy": [
                -1,
                -1,
                -1,
                -1
            ],
            "class": "Cube",
            "local_cuboid": null,