{
    "camera_data": {
        "camera_look_at": {
            "at": [
                1.0,
                0.0,
                0.0
            ],
            "eye": [
                0.0,
                0.0,
                0.0
            ],
            "up": [
                0.0,
                0.0,
                1.0
            ]
        },
        "camera_view_matrix": [
            [
                0.0,
                0.0,
                -1.0,
                0.0
            ],
            [
                -1.0,
                0.0,
                0.0,
                0.0
            ],
            [
                0.0,
                1.0,
                0.0,
                0.0
            ],
            [
                0.0,
                0.0,
                0.0,
                1.0
            ]
        ],
        "height": 500,
        "intrinsics": {
            "cx": 250.0,
            "cy": 250.0,
            "fx": 603.5535278320312,
            "fy": 603.5535278320312
        },
        "location_world": [
            0.0,
            0.0,
            0.0
        ],
        "quaternion_world_xyzw": [
            0.5,
            -0.5,
            -0.5,
            0.5
        ],
        "width": 500
    },
    "objects": [
        {
            "bounding_box_minx_maxx_miny_maxy": [
                0,
                324,
                1,
                309
            ],
            "class": "Cube",
            "local_cuboid": null,
            "local_to_world_matrix": [
                [
                    0.003352473257109523,
                    0.0059309955686330795,
                    -0.001607549493201077,
                    0.0
                ],
                [
                    0.0050329407677054405,
                    -0.0015994984423741698,
                    0.004594683647155762,
                    0.0
                ],
                [
                    0.0035256820265203714,
                    -0.0033563224133104086,
                    -0.005030374974012375,
                    0.0
                ],
                [
                    0.9222809076309204,
                    0.16547684371471405,
                    0.0580802746117115,
                    1.0
                ]
            ],
            "location": [
                -0.16547684371471405,
                0.0580802746117115,
                -0.9222809076309204
            ],
            "location_world": [
                0.9222809076309204,
                0.16547684371471405,
                0.0580802746117115
            ],
            "name": "hope_Cube_0",
            "projected_cuboid": [
                [
                    123.22381138801575,
                    309.49729681015015
                ],
                [
                    182.79217183589935,
                    195.34969329833984
                ],
                [
                    86.0634595155716,
                    57.32019245624542
                ],
                [
                    -11.461734771728516,
                    155.54940700531006
                ],
                [
                    293.44940185546875,
                    267.9060399532318
                ],
                [
                    325.1361846923828,
                    146.40222489833832
                ],
                [
                    237.26896941661835,
                    -23.330390453338623
                ],
                [
                    168.66835951805115,
                    69.7944313287735
                ],
                [
                    177.73661017417908,
                    150.4078209400177
                ]
            ],
            "provenance": "nvisii",
            "quaternion_xyzw": [
                -0.00033161044120788574,
                0.8670837879180908,
                -0.4144975543022156,
                0.27632832527160645
            ],
            "quaternion_xyzw_world": [
                0.7787890434265137,
                0.5027922987937927,
                0.08796313405036926,
                0.364623099565506
            ],
            "segmentation_id": 1,
            "visibility": 1
        }
    ]
}