{
    "camera_data": {
        "camera_look_at": {
            "at": [
                1.0,
                0.0,
                0.0
            ],
            "eye": [
                0.0,
                0.0,
                0.0
            ],
            "up": [
                0.0,
                0.0,
                1.0
            ]
        },
        "camera_view_matrix": [
            [
                0.0,
                0.0,
                -1.0,
                0.0
            ],
            [
                -1.0,
                0.0,
                0.0,
                0.0
            ],
            [
                0.0,
                1.0,
                0.0,
                0.0
            ],
            [
                0.0,
                0.0,
                0.0,
                1.0
            ]
        ],
        "height": 400,
        "intrinsics": {
            "cx": 200.0,
            "cy": 200.0,
            "fx": 482.84283447265625,
            "fy": 482.84283447265625
        },
        "location_world": [
            0.0,
            0.0,
            0.0
        ],
        "quaternion_world_xyzw": [
            0.5,
            -0.5,
            -0.5,
            0.5
        ],
        "width": 400
    },
    "objects": [
        {
            "bounding_box_minx_maxx_miny_maxy": [
                321,
                399,
                5,
                159
            ],
            "class": "Cube",
            "local_cuboid": null,
            "local_to_world_matrix": [
                [
                    -0.002413796726614237,
                    -0.001024223049171269,
                    -0.004257294349372387,
                    0.0
                ],
                [
                    0.0008851340389810503,
                    -0.004875069949775934,
                    0.0006709954468533397,
                    0.0
                ],
                [
                    -0.004288370721042156,
                    -0.00042972585652023554,
                    0.002534800209105015,
                    0.0
                ],
                [
                    1.1495044231414795,
                    -0.3658238351345062,
                    0.2712799608707428,
                    1.0
                ]
            ],
            "location": [
                0.3658238351345062,
                0.2712799608707428,
                -1.1495044231414795
            ],
            "location_world": [
                1.1495044231414795,
                -0.3658238351345062,
                0.2712799608707428
            ],
            "name": "hope_Cube_0",
            "projected_cuboid": [
                [
                    397.7555990219116,
                    87.78125047683716
                ],
                [
                    503.91602516174316,
                    76.8352746963501
                ],
                [
                    443.02759170532227,
                    147.4482536315918
                ],
                [
                    353.64131927490234,
                    159.04462337493896
                ],
                [
                    353.68494987487793,
                    6.851398944854736
                ],
                [
                    450.3746032714844,
                    0.18020868301391602
                ],
                [
                    403.3175468444824,
                    76.60669088363647
                ],
                [
                    320.7879066467285,
                    84.75992679595947
                ],
                [
                    400.98676681518555,
                    81.28941059112549
                ]
            ],
            "provenance": "nvisii",
            "quaternion_xyzw": [
                0.2307441234588623,
                0.13386592268943787,
                0.6161636114120483,
                -0.7410664558410645
            ],
            "quaternion_xyzw_world": [
                -0.4963100254535675,
                0.014012310653924942,
                0.8609200716018677,
                -0.11089050024747849
            ],
            "segmentation_id": 1,
            "visibility": 1
        },
        {
            "bounding_box_minx_maxx_miny_maxy": [
                0,
                123,
                1,
                250
            ],
            "class": "Cube",
            "local_cuboid": null,
            "local_to_world_matrix": [
                [
                    -0.00041280625737272203,
                    0.004263712093234062,
                    0.0025788277853280306,
                    0.0
                ],
                [
                    -0.003831793088465929,
                    0.001382586662657559,
                    -0.0028992784209549427,
                    0.0
                ],
                [
                    -0.003185428213328123,
                    -0.002215674379840493,
                    0.0031533841975033283,
                    0.0
                ],
                [
                    0.6344111561775208,
                    0.25117766857147217,
                    0.17928668856620789,
                    1.0
                ]
            ],
            "location": [
                -0.25117766857147217,
                0.17928668856620789,
                -0.6344111561775208
            ],
            "location_world": [
                0.6344111561775208,
                0.25117766857147217,
                0.17928668856620789
            ],
            "name": "hope_Cube_1",
            "projected_cuboid": [
                [
                    -68.16039085388184,
                    -86.0863447189331
                ],
                [
                    -308.351993560791,
                    -43.05689334869385
                ],
                [
                    -254.7046184539795,
                    181.18281364440918
                ],
                [
                    -83.48007202148438,
                    86.84275150299072
                ],
                [
                    123.78950119018555,
                    34.53631401062012
                ],
                [
                    -4.668283462524414,
                    137.06119060516357
                ],
                [
                    -43.88415813446045,
                    298.76813888549805
                ],
                [
                    66.70104265213013,
                    176.01580619812012
                ],
                [
                    -56.15386962890625,
                    104.25482988357544
                ]
            ],
            "provenance": "nvisii",
            "quaternion_xyzw": [
                0.15002302825450897,
                0.39868566393852234,
                0.8760256767272949,
                0.22610148787498474
            ],
            "quaternion_xyzw_world": [
                -0.05060771480202675,
                -0.42673227190971375,
                0.599316418170929,
                0.6753948926925659
            ],
            "segmentation_id": 2,
            "visibility": 1
        },
        {
            "bounding_box_minx_maxx_miny_maxy": [
                103,
                200,
                271,
                370
            ],
            "class": "Cube",
            "local_cuboid": null,