{
    "camera_data": {
        "camera_look_at": {
            "at": [
                1.0,
                0.0,
                0.0
            ],
            "eye": [
                0.0,
                0.0,
                0.0
            ],
            "up": [
                0.0,
                0.0,
                1.0
            ]
        },
        "camera_view_matrix": [
            [
                0.0,
                0.0,
                -1.0,
                0.0
            ],
            [
                -1.0,
                0.0,
                0.0,
                0.0
            ],
            [
                0.0,
                1.0,
                0.0,
                0.0
            ],
            [
                0.0,
                0.0,
                0.0,
                1.0
            ]
        ],
        "height": 400,
        "intrinsics": {
            "cx": 200.0,
            "cy": 200.0,
            "fx": 482.84283447265625,
            "fy": 482.84283447265625
        },
        "location_world": [
            0.0,
            0.0,
            0.0
        ],
        "quaternion_world_xyzw": [
            0.5,
            -0.5,
            -0.5,
            0.5
        ],
        "width": 400
    },
    "objects": [
        {
            "bounding_box_minx_maxx_miny_maxy": [
                294,
                399,
                123,
                260
            ],
            "class": "Cube",
            "local_cuboid": null,
            "local_to_world_matrix": [
                [
                    -0.002041161060333252,
                    -0.0010613788617774844,
                    -0.004439271986484528,
                    0.0
                ],
                [
                    0.0005321007338352501,
                    -0.004885115660727024,
                    0.0009233169839717448,
                    0.0
                ],
                [
                    -0.004533268976956606,
                    -9.550027607474476e-05,
                    0.002107213716953993,
                    0.0
                ],
                [
                    1.2929037809371948,
                    -0.3122791349887848,
                    -0.00396445719525218,
                    1.0
                ]
            ],
            "location": [
                0.3122791349887848,
                -0.00396445719525218,
                -1.2929037809371948
            ],
            "location_world": [
                1.2929037809371948,
                -0.3122791349887848,
                -0.00396445719525218
            ],
            "name": "hope_Cube_0",
            "projected_cuboid": [
                [
                    345.9815740585327,
                    226.6402244567871
                ],
                [
                    444.71635818481445,
                    206.72967433929443
                ],
                [
                    402.9061794281006,
                    242.4417018890381
                ],
                [
                    319.8643207550049,
                    259.72321033477783
                ],
                [
                    313.05251121520996,
                    137.34045028686523
                ],
                [
                    404.4690132141113,
                    120.9359884262085
                ],
                [
                    371.6822624206543,
                    167.2969102859497
                ],
                [
                    293.886137008667,
                    181.99622631072998
                ],
                [
                    360.5797529220581,
                    192.93277263641357
                ]
            ],
            "provenance": "nvisii",
            "quaternion_xyzw": [
                0.1738954782485962,
                0.1281929910182953,
                0.6143522262573242,
                -0.7588796019554138
            ],
            "quaternion_xyzw_world": [
                -0.5355716943740845,
                0.04941244423389435,
                0.8376601338386536,
                -0.09511493146419525
            ],
            "segmentation_id": 1,
            "visibility": 1
        },
        {
            "bounding_box_minx_maxx_miny_maxy": [
                0,
                105,
                1,
                232
            ],
            "class": "Cube",
            "local_cuboid": null,
            "local_to_world_matrix": [
                [
                    -0.0010716336546465755,
                    0.004160461015999317,
                    0.002557765692472458,
                    0.0
                ],
                [
                    -0.001135478843934834,
                    0.0023346077650785446,
                    -0.00427320646122098,
                    0.0
                ],
                [
                    -0.004749977961182594,
                    -0.001496720127761364,
                    0.000444453937234357,
                    0.0
                ],
                [
                    0.5322902202606201,
                    0.22691921889781952,
                    0.21570734679698944,
                    1.0
                ]
            ],
            "location": [
                -0.22691921889781952,
                0.21570734679698944,
                -0.5322902202606201
            ],
            "location_world": [
                0.5322902202606201,
                0.22691921889781952,
                0.21570734679698944
            ],
            "name": "hope_Cube_1",
            "projected_cuboid": [
                [
                    -166.43970012664795,
                    -163.00649642944336
                ],
                [
                    -400.2950191497803,
                    87.17848062515259
                ],
                [
                    -212.73541450500488,
                    153.30487489700317
                ],
                [
                    -84.90972518920898,
                    -7.709908485412598
                ],
                [
                    106.25680685043335,
                    21.400940418243408
                ],
                [
                    -54.5654296875,
                    263.93184661865234
                ],
                [
                    -15.398335456848145,
                    256.76074028015137
                ],
                [
                    85.79428195953369,
                    99.80868101119995
                ],
                [
                    -73.36106300354004,
                    95.67331075668335
                ]
            ],
            "provenance": "nvisii",
            "quaternion_xyzw": [
                0.13467882573604584,
                0.08284823596477509,
                0.9535104632377625,
                0.25654536485671997
            ],
            "quaternion_xyzw_world": [
                -0.23971904814243317,
                -0.630943238735199,
                0.4572460949420929,
                0.5791126489639282
            ],
            "segmentation_id": 2,
            "visibility": 1
        },
        {
            "bounding_box_minx_maxx_miny_maxy": [
                54,
                167,
                266,
                353
            ],
            "class": "Cube",
            "local_cuboid": null,