{
    "camera_data": {
        "camera_look_at": {
            "at": [
                1.0,
                0.0,
                0.0
            ],
            "eye": [
                0.0,
                0.0,
                0.0
            ],
            "up": [
                0.0,
                0.0,
                1.0
            ]
        },
        "camera_view_matrix": [
            [
                0.0,
                0.0,
                -1.0,
                0.0
            ],
            [
                -1.0,
                0.0,
                0.0,
                0.0
            ],
            [
                0.0,
                1.0,
                0.0,
                0.0
            ],
            [
                0.0,
                0.0,
                0.0,
                1.0
            ]
        ],
        "height": 400,
        "intrinsics": {
            "cx": 200.0,
            "cy": 200.0,
            "fx": 482.84283447265625,
            "fy": 482.84283447265625
        },
        "location_world": [
            0.0,
            0.0,
            0.0
        ],
        "quaternion_world_xyzw": [
            0.5,
            -0.5,
            -0.5,
            0.5
        ],
        "width": 400
    },
    "objects": [
        {
            "bounding_box_minx_maxx_miny_maxy": [
                315,
                399,
                1,
                91
            ],
            "class": "Cube",
            "local_cuboid": null,
            "local_to_world_matrix": [
                [
                    0.000351436116034165,
                    -0.0021364991553127766,
                    -0.004506868310272694,
                    0.0
                ],
                [
                    0.0004460024065338075,
                    -0.004486480727791786,
                    0.0021616127341985703,
                    0.0
                ],
                [
                    -0.004967652726918459,
                    -0.0005539485136978328,
                    -0.00012476503616198897,
                    0.0
                ],
                [
                    1.10903000831604,
                    -0.3585970997810364,
                    0.388763964176178,
                    1.0
                ]
            ],
            "location": [
                0.3585970997810364,
                0.388763964176178,
                -1.10903000831604
            ],
            "location_world": [
                1.10903000831604,
                -0.3585970997810364,
                0.388763964176178
            ],
            "name": "hope_Cube_0",
            "projected_cuboid": [
                [
                    406.9419860839844,
                    67.35119819641113
                ],
                [
                    509.014892578125,
                    18.894970417022705
                ],
                [
                    437.7288818359375,
                    52.092015743255615
                ],
                [
                    354.78904247283936,
                    91.45375490188599
                ],
                [
                    357.822322845459,
                    -46.5118408203125
                ],
                [
                    462.78905868530273,
                    -93.27754974365234
                ],
                [
                    399.7076988220215,
                    -37.26494312286377
                ],
                [
                    314.88513946533203,
                    1.0342597961425781
                ],
                [
                    402.91614532470703,
                    9.133481979370117
                ]
            ],
            "provenance": "nvisii",
            "quaternion_xyzw": [
                -0.019017908722162247,
                0.053600698709487915,
                -0.5324256420135498,
                0.844563901424408
            ],
            "quaternion_xyzw_world": [
                0.7057861685752869,
                -0.11975985020399094,
                -0.6712033748626709,
                0.1923784762620926
            ],
            "segmentation_id": 1,
            "visibility": 1
        },
        {
            "bounding_box_minx_maxx_miny_maxy": [
                0,
                122,
                1,
                222
            ],
            "class": "Cube",
            "local_cuboid": null,
            "local_to_world_matrix": [
                [
                    0.00025680006365291774,
                    0.004699408076703548,
                    0.0016880815383046865,
                    0.0
                ],
                [
                    -0.004341911990195513,
                    -0.0006246631965041161,
                    0.0023994992952793837,
                    0.0
                ],
                [
                    0.002466141479089856,
                    -0.001589138642884791,
                    0.004048800561577082,
                    0.0
                ],
                [
                    0.8323196768760681,
                    0.2981901466846466,
                    0.1087040975689888,
                    1.0
                ]
            ],
            "location": [
                -0.2981901466846466,
                0.1087040975689888,
                -0.8323196768760681
            ],
            "location_world": [
                0.8323196768760681,
                0.2981901466846466,
                0.1087040975689888
            ],
            "name": "hope_Cube_1",
            "projected_cuboid": [
                [
                    -1.6044139862060547,
                    64.79543447494507
                ],
                [
                    -43.58720779418945,
                    -62.940049171447754
                ],
                [
                    -165.73429107666016,
                    53.71251106262207
                ],
                [
                    -82.96535015106201,
                    169.1275119781494
                ],
                [
                    123.30658435821533,
                    108.75658988952637
                ],
                [
                    120.96621990203857,
                    -7.190465927124023
                ],
                [
                    33.036816120147705,
                    124.76341724395752
                ],
                [
                    60.732436180114746,
                    221.93443775177002
                ],
                [
                    11.489522457122803,
                    87.46249675750732
                ]
            ],
            "provenance": "nvisii",
            "quaternion_xyzw": [
                0.13550542294979095,
                0.853377103805542,
                0.49161815643310547,
                0.10815492272377014
            ],
            "quaternion_xyzw_world": [
                0.3027096688747406,
                0.05904930457472801,
                0.6861728429794312,
                0.6588223576545715
            ],
            "segmentation_id": 2,
            "visibility": 1
        },
        {
            "bounding_box_minx_maxx_miny_maxy": [
                199,
                296,
                313,
                400
            ],
            "class": "Cube",
            "local_cuboid": null,