{
    "camera_data": {
        "camera_look_at": {
            "at": [
                1.0,
                0.0,
                0.0
            ],
            "eye": [
                0.0,
                0.0,
                0.0
            ],
            "up": [
                0.0,
                0.0,
                1.0
            ]
        },
        "camera_view_matrix": [
            [
                0.0,
                0.0,
                -1.0,
                0.0
            ],
            [
                -1.0,
                0.0,
                0.0,
                0.0
            ],
            [
                0.0,
                1.0,
                0.0,
                0.0
            ],
            [
                0.0,
                0.0,
                0.0,
                1.0
            ]
        ],
        "height": 400,
        "intrinsics": {
            "cx": 200.0,
            "cy": 200.0,
            "fx": 482.84283447265625,
            "fy": 482.84283447265625
        },
        "location_world": [
            0.0,
            0.0,
            0.0
        ],
        "quaternion_world_xyzw": [
            0.5,
            -0.5,
            -0.5,
            0.5
        ],
        "width": 400
    },
    "objects": [
        {
            "bounding_box_minx_maxx_miny_maxy": [
                182,
                317,
                226,
                359
            ],
            "class": "Cube",
            "local_cuboid": null,
            "local_to_world_matrix": [
                [
                    0.002810151781886816,
                    0.0002274710568599403,
                    0.004129323177039623,
                    0.0
                ],
                [
                    -0.0018481671577319503,
                    0.004535238724201918,
                    0.0010079126805067062,
                    0.0
                ],
                [
                    -0.0036996391136199236,
                    -0.002092813141644001,
                    0.0026330226100981236,
                    0.0
                ],
                [
                    1.3465259075164795,
                    -0.2309827208518982,
                    -0.28263652324676514,
                    1.0
                ]
            ],
            "location": [
                0.2309827208518982,
                -0.28263652324676514,
                -1.3465259075164795
            ],
            "location_world": [
                1.3465259075164795,
                -0.2309827208518982,
                -0.28263652324676514
            ],
            "name": "hope_Cube_0",
            "projected_cuboid": [
                [
                    301.22034549713135,
                    241.41111373901367
                ],
                [
                    219.93260383605957,
                    224.76468086242676
                ],
                [
                    181.67049884796143,
                    266.3959741592407
                ],
                [
                    255.3380012512207,
                    278.4532070159912
                ],
                [
                    317.8736448287964,
                    330.5400848388672
                ],
                [
                    227.53067016601562,
                    319.2972183227539
                ],
                [
                    183.9552879333496,
                    351.8109321594238
                ],
                [
                    265.03071784973145,
                    359.3393325805664
                ],
                [
                    243.668532371521,
                    295.59359550476074
                ]
            ],
            "provenance": "nvisii",
            "quaternion_xyzw": [
                -0.05699925124645233,
                0.3560720384120941,
                0.6292535066604614,
                0.6884795427322388
            ],
            "quaternion_xyzw_world": [
                0.17914941906929016,
                -0.4523308575153351,
                0.11992333829402924,
                0.8654021620750427
            ],
            "segmentation_id": 1,
            "visibility": 1
        },
        {
            "bounding_box_minx_maxx_miny_maxy": [
                -1,
                -1,
                -1,
                -1
            ],
            "class": "Cube",
            "local_cuboid": null,
            "local_to_world_matrix": [
                [
                    -0.0006977319717407227,
                    0.004930340219289064,
                    0.0004526725970208645,
                    0.0
                ],
                [
                    0.00438462570309639,
                    0.0008276459411717951,
                    -0.0022561156656593084,
                    0.0
                ],
                [
                    -0.0022996142506599426,
                    8.212729881051928e-05,
                    -0.004439034499228001,
                    0.0
                ],
                [
                    0.1760825365781784,
                    0.08901441842317581,
                    0.3881149888038635,
                    1.0
                ]
            ],
            "location": [
                -0.08901441842317581,
                0.3881149888038635,
                -0.1760825365781784
            ],
            "location_world": [
                0.1760825365781784,
                0.08901441842317581,
                0.3881149888038635
            ],
            "name": "hope_Cube_1",
            "projected_cuboid": [
                [
                    -823.1040000915527,
                    -1176.9689559936523
                ],
                [
                    -185.3764533996582,
                    -64.7212028503418
                ],
                [
                    -79.0426254272461,
                    -240.96574783325195
                ],
                [
                    -269.64001655578613,
                    -940.2726173400879
                ],
                [
                    314.2580509185791,
                    -743.5066223144531
                ],
                [
                    187.50799894332886,
                    -7.964611053466797
                ],
                [
                    194.77877616882324,
                    -185.01155376434326
                ],
                [
                    269.819712638855,
                    -738.2589340209961
                ],
                [
                    14.592647552490234,
                    -360.6083393096924
                ]
            ],
            "provenance": "nvisii",
            "quaternion_xyzw": [
                -0.03616693615913391,
                0.5183922648429871,
                -0.8510602712631226,
                -0.07521902024745941
            ],
            "quaternion_xyzw_world": [
                0.6290332674980164,
                0.7404192090034485,
                -0.1468079388141632,
                -0.1858600378036499
            ],
            "segmentation_id": 2,
            "visibility": 0
        },
        {
            "bounding_box_minx_maxx_miny_maxy": [
                205,
                353,
                21,
                162
            ],
            "class": "Cube",
            "local_cuboid": null,