{
    "camera_data": {
        "camera_look_at": {
            "at": [
                1.0,
                0.0,
                0.0
            ],
            "eye": [
                0.0,
                0.0,
                0.0
            ],
            "up": [
                0.0,
                0.0,
                1.0
            ]
        },
        "camera_view_matrix": [
            [
                0.0,
                0.0,
                -1.0,
                0.0
            ],
            [
                -1.0,
                0.0,
                0.0,
                0.0
            ],
            [
                0.0,
                1.0,
                0.0,
                0.0
            ],
            [
                0.0,
                0.0,
                0.0,
                1.0
            ]
        ],
        "height": 400,
        "intrinsics": {
            "cx": 200.0,
            "cy": 200.0,
            "fx": 482.84283447265625,
            "fy": 482.84283447265625
        },
        "location_world": [
            0.0,
            0.0,
            0.0
        ],
        "quaternion_world_xyzw": [
            0.5,
            -0.5,
            -0.5,
            0.5
        ],
        "width": 400
    },
    "objects": [
        {
            "bounding_box_minx_maxx_miny_maxy": [
                370,
                399,
                1,
                62
            ],
            "class": "Cube",
            "local_cuboid": null,
            "local_to_world_matrix": [
                [
                    0.004298283718526363,
                    -0.002167430706322193,
                    0.001351666171103716,
                    0.0
                ],
                [
                    -0.0019144449615851045,
                    -0.0044850874692201614,
                    -0.0011040354147553444,
                    0.0
                ],
                [
                    0.0016910519916564226,
                    0.00043155348976142704,
                    -0.004685521125793457,
                    0.0
                ],
                [
                    1.0582246780395508,
                    -0.41428688168525696,
                    0.44093725085258484,
                    1.0
                ]
            ],
            "location": [
                0.41428688168525696,
                0.44093725085258484,
                -1.0582246780395508
            ],
            "location_world": [
                1.0582246780395508,
                -0.41428688168525696,
                0.44093725085258484
            ],
            "name": "hope_Cube_0",
            "projected_cuboid": [
                [
                    382.94456005096436,
                    57.06439018249512
                ],
                [
                    496.0423946380615,
                    68.7270998954773
                ],
                [
                    530.537223815918,
                    -52.144765853881836
                ],
                [
                    405.98793029785156,
                    -54.386067390441895
                ],
                [
                    369.844388961792,
                    58.991026878356934
                ],
                [
                    508.63237380981445,
                    73.65255355834961
                ],
                [
                    553.5582542419434,
                    -78.66814136505127
                ],
                [
                    397.11971282958984,
                    -78.64506244659424
                ],
                [
                    451.568078994751,
                    2.470576763153076
                ]
            ],
            "provenance": "nvisii",
            "quaternion_xyzw": [
                0.7057803869247437,
                0.4134964644908905,
                -0.33507856726646423,
                0.4675651490688324
            ],
            "quaternion_xyzw_world": [
                0.9609602689743042,
                -0.21238525211811066,
                0.15831653773784637,
                -0.07989867031574249
            ],
            "segmentation_id": 1,
            "visibility": 1
        },
        {
            "bounding_box_minx_maxx_miny_maxy": [
                0,
                127,
                1,
                231
            ],
            "class": "Cube",
            "local_cuboid": null,
            "local_to_world_matrix": [
                [
                    8.444309059996158e-05,
                    0.004472628701478243,
                    0.0022334863897413015,
                    0.0
                ],
                [
                    -0.004983566235750914,
                    0.00025232016923837364,
                    -0.00031686192960478365,
                    0.0
                ],
                [
                    -0.0003961519105359912,
                    -0.002220794325694442,
                    0.004462189506739378,
                    0.0
                ],
                [
                    0.7344031929969788,
                    0.2749304473400116,
                    0.14362527430057526,
                    1.0
                ]
            ],
            "location": [
                -0.2749304473400116,
                0.14362527430057526,
                -0.7344031929969788
            ],
            "location_world": [
                0.7344031929969788,
                0.2749304473400116,
                0.14362527430057526
            ],
            "name": "hope_Cube_1",
            "projected_cuboid": [
                [
                    -20.104551315307617,
                    -6.6753387451171875
                ],
                [
                    -147.73907661437988,
                    -98.51932525634766
                ],
                [
                    -241.71152114868164,
                    130.02190589904785
                ],
                [
                    -86.09304428100586,
                    143.1342601776123
                ],
                [
                    128.08380126953125,
                    66.75965785980225
                ],
                [
                    77.34205722808838,
                    12.76482343673706
                ],
                [
                    -26.478099822998047,
                    238.79225254058838
                ],
                [
                    57.7650785446167,
                    215.4616117477417
                ],
                [
                    -22.680974006652832,
                    92.55152940750122
                ]
            ],
            "provenance": "nvisii",
            "quaternion_xyzw": [
                0.14967986941337585,
                0.6618010997772217,
                0.713640034198761,
                0.17416387796401978
            ],
            "quaternion_xyzw_world": [
                0.13600242137908936,
                -0.18784134089946747,
                0.6754785776138306,
                0.6999626159667969
            ],
            "segmentation_id": 2,
            "visibility": 1
        },
        {
            "bounding_box_minx_maxx_miny_maxy": [
                137,
                242,
                297,
                400
            ],
            "class": "Cube",
            "local_cuboid": null,