{
    "camera_data": {
        "camera_look_at": {
            "at": [
                1.0,
                0.0,
                0.0
            ],
            "eye": [
                0.0,
                0.0,
                0.0
            ],
            "up": [
                0.0,
                0.0,
                1.0
            ]
        },
        "camera_view_matrix": [
            [
                0.0,
                0.0,
                -1.0,
                0.0
            ],
            [
                -1.0,
                0.0,
                0.0,
                0.0
            ],
            [
                0.0,
                1.0,
                0.0,
                0.0
            ],
            [
                0.0,
                0.0,
                0.0,
                1.0
            ]
        ],
        "height": 500,
        "intrinsics": {
            "cx": 250.0,
            "cy": 250.0,
            "fx": 603.5535278320312,
            "fy": 603.5535278320312
        },
        "location_world": [
            0.0,
            0.0,
            0.0
        ],
        "quaternion_world_xyzw": [
            0.5,
            -0.5,
            -0.5,
            0.5
        ],
        "width": 500
    },
    "objects": [
        {
            "bounding_box_minx_maxx_miny_maxy": [
                142,
                339,
                278,
                447
            ],
            "class": "Cube",
            "local_cuboid": null,
            "local_to_world_matrix": [
                [
                    -0.006136278156191111,
                    0.00325262569822371,
                    0.0008755107992328703,
                    0.0
                ],
                [
                    0.0011545602465048432,
                    0.000321780564263463,
                    0.006896625738590956,
                    0.0
                ],
                [
                    0.003164345631375909,
                    0.006190063431859016,
                    -0.0008185551268979907,
                    0.0
                ],
                [
                    1.4663666486740112,
                    0.007449505850672722,
                    -0.4448762536048889,
                    1.0
                ]
            ],
            "location": [
                -0.007449505850672722,
                -0.4448762536048889,
                -1.4663666486740112
            ],
            "location_world": [
                1.4663666486740112,
                0.007449505850672722,
                -0.4448762536048889
            ],
            "name": "hope_Cube_0",
            "projected_cuboid": [
                [
                    144.41946148872375,
                    442.2658681869507
                ],
                [
                    141.92557334899902,
                    291.05615615844727
                ],
                [
                    273.31703901290894,
                    276.96001529693604
                ],
                [
                    282.2781205177307,
                    446.8998610973358
                ],
                [
                    221.26425802707672,
                    423.09504747390747
                ],
                [
                    216.68057143688202,
                    298.9260256290436
                ],
                [
                    330.2508592605591,
                    288.3146405220032
                ],
                [
                    339.56068754196167,
                    424.83749985694885
                ],
                [
                    243.745818734169,
                    359.97939109802246
                ]
            ],
            "provenance": "nvisii",
            "quaternion_xyzw": [
                0.0232180655002594,
                0.8517544269561768,
                -0.08273322880268097,
                -0.5168467164039612
            ],
            "quaternion_xyzw_world": [
                0.22042950987815857,
                0.7140581607818604,
                0.6545429825782776,
                0.1144782081246376
            ],
            "segmentation_id": 1,
            "visibility": 1
        }
    ]
}