{
    "camera_data": {
        "camera_look_at": {
            "at": [
                1.0,
                0.0,
                0.0
            ],
            "eye": [
                0.0,
                0.0,
                0.0
            ],
            "up": [
                0.0,
                0.0,
                1.0
            ]
        },
        "camera_view_matrix": [
            [
                0.0,
                0.0,
                -1.0,
                0.0
            ],
            [
                -1.0,
                0.0,
                0.0,
                0.0
            ],
            [
                0.0,
                1.0,
                0.0,
                0.0
            ],
            [
                0.0,
                0.0,
                0.0,
                1.0
            ]
        ],
        "height": 500,
        "intrinsics": {
            "cx": 250.0,
            "cy": 250.0,
            "fx": 603.5535278320312,
            "fy": 603.5535278320312
        },
        "location_world": [
            0.0,
            0.0,
            0.0
        ],
        "quaternion_world_xyzw": [
            0.5,
            -0.5,
            -0.5,
            0.5
        ],
        "width": 500
    },
    "objects": [
        {
            "bounding_box_minx_maxx_miny_maxy": [
                0,
                218,
                253,
                490
            ],
            "class": "Cube",
            "local_cuboid": null,
            "local_to_world_matrix": [
                [
                    -0.0012039978755638003,
                    0.00566584849730134,
                    -0.003930465783923864,
                    0.0
                ],
                [
                    0.003282188903540373,
                    0.003979839850217104,
                    0.004731608089059591,
                    0.0
                ],
                [
                    0.006064456421881914,
                    -0.0010290973586961627,
                    -0.0033411572221666574,
                    0.0
                ],
                [
                    1.3960036039352417,
                    0.24787108600139618,
                    -0.4219489097595215,
                    1.0
                ]
            ],
            "location": [
                -0.24787108600139618,
                -0.4219489097595215,
                -1.3960036039352417
            ],
            "location_world": [
                1.3960036039352417,
                0.24787108600139618,
                -0.4219489097595215
            ],
            "name": "hope_Cube_0",
            "projected_cuboid": [
                [
                    105.31173646450043,
                    490.1221990585327
                ],
                [
                    48.0114221572876,
                    381.77740573883057
                ],
                [
                    -18.952608108520508,
                    337.61730790138245
                ],
                [
                    43.60617697238922,
                    467.04885363578796
                ],
                [
                    219.20578181743622,
                    405.78025579452515
                ],
                [
                    153.15508842468262,
                    309.12643671035767
                ],
                [
                    111.15503311157227,
                    251.5011429786682
                ],
                [
                    187.51215934753418,
                    363.73037099838257
                ],
                [
                    108.15536975860596,
                    373.99667501449585
                ]
            ],
            "provenance": "nvisii",
            "quaternion_xyzw": [
                -0.3086259961128235,
                0.9153826832771301,
                -0.2584144175052643,
                -0.006823882460594177
            ],
            "quaternion_xyzw_world": [
                0.4291735887527466,
                0.7446234822273254,
                0.17758306860923767,
                0.4793851971626282
            ],
            "segmentation_id": 1,
            "visibility": 1
        }
    ]
}