{
    "camera_data": {
        "camera_look_at": {
            "at": [
                1.0,
                0.0,
                0.0
            ],
            "eye": [
                0.0,
                0.0,
                0.0
            ],
            "up": [
                0.0,
                0.0,
                1.0
            ]
        },
        "camera_view_matrix": [
            [
                0.0,
                0.0,
                -1.0,
                0.0
            ],
            [
                -1.0,
                0.0,
                0.0,
                0.0
            ],
            [
                0.0,
                1.0,
                0.0,
                0.0
            ],
            [
                0.0,
                0.0,
                0.0,
                1.0
            ]
        ],
        "height": 500,
        "intrinsics": {
            "cx": 250.0,
            "cy": 250.0,
            "fx": 603.5535278320312,
            "fy": 603.5535278320312
        },
        "location_world": [
            0.0,
            0.0,
            0.0
        ],
        "quaternion_world_xyzw": [
            0.5,
            -0.5,
            -0.5,
            0.5
        ],
        "width": 500
    },
    "objects": [
        {
            "bounding_box_minx_maxx_miny_maxy": [
                0,
                280,
                240,
                500
            ],
            "class": "Cube",
            "local_cuboid": null,
            "local_to_world_matrix": [
                [
                    -0.0020334601867944,
                    0.0036916425451636314,
                    0.009068452753126621,
                    0.0
                ],
                [
                    -0.0013673445209860802,
                    -0.009278273209929466,
                    0.0034704518038779497,
                    0.0
                ],
                [
                    0.009695123881101608,
                    -0.0005342678632587194,
                    0.0023914724588394165,
                    0.0
                ],
                [
                    1.5245380401611328,
                    0.4800892174243927,
                    -0.4286516010761261,
                    1.0
                ]
            ],
            "location": [
                -0.4800892174243927,
                -0.4286516010761261,
                -1.5245380401611328
            ],
            "location_world": [
                1.5245380401611328,
                0.4800892174243927,
                -0.4286516010761261
            ],
            "name": "hope_Cube_0",
            "projected_cuboid": [
                [
                    53.38872969150543,
                    299.9960482120514
                ],
                [
                    215.16147255897522,
                    238.50953578948975
                ],
                [
                    186.77586317062378,
                    295.77648639678955
                ],
                [
                    -37.10871934890747,
                    378.2898187637329
                ],
                [
                    125.67315995693207,
                    447.7508068084717
                ],
                [
                    280.8687686920166,
                    395.6122100353241
                ],
                [
                    279.95213866233826,
                    508.4954500198364
                ],
                [
                    68.36529076099396,
                    573.8052129745483
                ],
                [
                    149.51303601264954,
                    388.4563744068146
                ]
            ],
            "provenance": "nvisii",
            "quaternion_xyzw": [
                0.5597550868988037,
                0.819408655166626,
                0.11468079686164856,
                -0.0457400381565094
            ],
            "quaternion_xyzw_world": [
                0.6093714237213135,
                0.09535638242959976,
                0.7697922587394714,
                0.1642971634864807
            ],
            "segmentation_id": 1,
            "visibility": 1
        }
    ]
}