{
    "camera_data": {
        "camera_look_at": {
            "at": [
                1.0,
                0.0,
                0.0
            ],
            "eye": [
                0.0,
                0.0,
                0.0
            ],
            "up": [
                0.0,
                0.0,
                1.0
            ]
        },
        "camera_view_matrix": [
            [
                0.0,
                0.0,
                -1.0,
                0.0
            ],
            [
                -1.0,
                0.0,
                0.0,
                0.0
            ],
            [
                0.0,
                1.0,
                0.0,
                0.0
            ],
            [
                0.0,
                0.0,
                0.0,
                1.0
            ]
        ],
        "height": 500,
        "intrinsics": {
            "cx": 250.0,
            "cy": 250.0,
            "fx": 603.5535278320312,
            "fy": 603.5535278320312
        },
        "location_world": [
            0.0,
            0.0,
            0.0
        ],
        "quaternion_world_xyzw": [
            0.5,
            -0.5,
            -0.5,
            0.5
        ],
        "width": 500
    },
    "objects": [
        {
            "bounding_box_minx_maxx_miny_maxy": [
                217,
                422,
                1,
                164
            ],
            "class": "Cube",
            "local_cuboid": null,
            "local_to_world_matrix": [
                [
                    0.002339293947443366,
                    0.006594322621822357,
                    -0.00020646251505240798,
                    0.0
                ],
                [
                    0.003673160681501031,
                    -0.0014837230555713177,
                    -0.005771176423877478,
                    0.0
                ],
                [
                    -0.005480475258082151,
                    0.0018203016370534897,
                    -0.00395612558349967,
                    0.0
                ],
                [
                    1.2438795566558838,
                    -0.1469189077615738,
                    0.5845078229904175,
                    1.0
                ]
            ],
            "location": [
                0.1469189077615738,
                0.5845078229904175,
                -1.2438795566558838
            ],
            "location_world": [
                1.2438795566558838,
                -0.1469189077615738,
                0.5845078229904175
            ],
            "name": "hope_Cube_0",
            "projected_cuboid": [
                [
                    217.13988482952118,
                    1.1707097291946411
                ],
                [
                    254.8048198223114,
                    164.1499102115631
                ],
                [
                    287.83926367759705,
                    105.08657991886139
                ],
                [
                    261.5598738193512,
                    -34.40132737159729
                ],
                [
                    403.2908082008362,
                    -32.533228397369385
                ],
                [
                    416.7824387550354,
                    150.94266831874847
                ],
                [
                    422.9111075401306,
                    89.69536423683167
                ],
                [
                    413.0663275718689,
                    -64.2676055431366
                ],
                [
                    333.14770460128784,
                    51.07833445072174
                ]
            ],
            "provenance": "nvisii",
            "quaternion_xyzw": [
                0.15770456194877625,
                0.28925228118896484,
                -0.9419958591461182,
                0.06408065557479858
            ],
            "quaternion_xyzw_world": [
                0.7265166640281677,
                0.5047314763069153,
                -0.2795598804950714,
                -0.3731837570667267
            ],
            "segmentation_id": 1,
            "visibility": 1
        }
    ]
}