{
    "camera_data": {
        "camera_look_at": {
            "at": [
                1.0,
                0.0,
                0.0
            ],
            "eye": [
                0.0,
                0.0,
                0.0
            ],
            "up": [
                0.0,
                0.0,
                1.0
            ]
        },
        "camera_view_matrix": [
            [
                0.0,
                0.0,
                -1.0,
                0.0
            ],
            [
                -1.0,
                0.0,
                0.0,
                0.0
            ],
            [
                0.0,
                1.0,
                0.0,
                0.0
            ],
            [
                0.0,
                0.0,
                0.0,
                1.0
            ]
        ],
        "height": 500,
        "intrinsics": {
            "cx": 250.0,
            "cy": 250.0,
            "fx": 603.5535278320312,
            "fy": 603.5535278320312
        },
        "location_world": [
            0.0,
            0.0,
            0.0
        ],
        "quaternion_world_xyzw": [
            0.5,
            -0.5,
            -0.5,
            0.5
        ],
        "width": 500
    },
    "objects": [
        {
            "bounding_box_minx_maxx_miny_maxy": [
                370,
                499,
                1,
                114
            ],
            "class": "Cube",
            "local_cuboid": null,
            "local_to_world_matrix": [
                [
                    0.006986566353589296,
                    -4.679493576986715e-05,
                    -0.00043092871783301234,
                    0.0
                ],
                [
                    -0.0004313325334805995,
                    -6.15785174886696e-05,
                    -0.006986428052186966,
                    0.0
                ],
                [
                    4.29134197474923e-05,
                    0.006999574135988951,
                    -6.434393435483798e-05,
                    0.0
                ],
                [
                    1.8192152976989746,
                    -0.5704773664474487,
                    0.8076913952827454,
                    1.0
                ]
            ],
            "location": [
                0.5704773664474487,
                0.8076913952827454,
                -1.8192152976989746
            ],
            "location_world": [
                1.8192152976989746,
                -0.5704773664474487,
                0.8076913952827454
            ],
            "name": "hope_Cube_0",
            "projected_cuboid": [
                [
                    370.0050115585327,
                    9.38674807548523
                ],
                [
                    372.25818634033203,
                    113.59596252441406
                ],
                [
                    479.5475900173187,
                    112.46247589588165
                ],
                [
                    476.1309027671814,
                    8.153319358825684
                ],
                [
                    394.62119340896606,
                    -49.59237575531006
                ],
                [
                    397.6859152317047,
                    76.24860107898712
                ],
                [
                    528.1170010566711,
                    74.8215764760971
                ],
                [
                    523.3367085456848,
                    -51.16495490074158
                ],
                [
                    440.90723991394043,
                    38.7297123670578
                ]
            ],
            "provenance": "nvisii",
            "quaternion_xyzw": [
                -0.7090269327163696,
                0.018604528158903122,
                0.7044937610626221,
                -0.024967573583126068
            ],
            "quaternion_xyzw_world": [
                -0.7099418640136719,
                0.02405264601111412,
                0.019519468769431114,
                0.7035788297653198
            ],
            "segmentation_id": 1,
            "visibility": 1
        }
    ]
}