{
    "camera_data": {
        "camera_look_at": {
            "at": [
                1.0,
                0.0,
                0.0
            ],
            "eye": [
                0.0,
                0.0,
                0.0
            ],
            "up": [
                0.0,
                0.0,
                1.0
            ]
        },
        "camera_view_matrix": [
            [
                0.0,
                0.0,
                -1.0,
                0.0
            ],
            [
                -1.0,
                0.0,
                0.0,
                0.0
            ],
            [
                0.0,
                1.0,
                0.0,
                0.0
            ],
            [
                0.0,
                0.0,
                0.0,
                1.0
            ]
        ],
        "height": 500,
        "intrinsics": {
            "cx": 250.0,
            "cy": 250.0,
            "fx": 603.5535278320312,
            "fy": 603.5535278320312
        },
        "location_world": [
            0.0,
            0.0,
            0.0
        ],
        "quaternion_world_xyzw": [
            0.5,
            -0.5,
            -0.5,
            0.5
        ],
        "width": 500
    },
    "objects": [
        {
            "bounding_box_minx_maxx_miny_maxy": [
                206,
                499,
                24,
                472
            ],
            "class": "Cube",
            "local_cuboid": null,
            "local_to_world_matrix": [
                [
                    0.005336897913366556,
                    0.006439306773245335,
                    -0.00548204779624939,
                    0.0
                ],
                [
                    -0.006006584037095308,
                    -0.0016768717905506492,
                    -0.007817227393388748,
                    0.0
                ],
                [
                    -0.00595302227884531,
                    0.0074648126028478146,
                    0.002972894348204136,
                    0.0
                ],
                [
                    1.245195984840393,
                    -0.2586468458175659,
                    0.1511937826871872,
                    1.0
                ]
            ],
            "location": [
                0.2586468458175659,
                0.1511937826871872,
                -1.245195984840393
            ],
            "location_world": [
                1.245195984840393,
                -0.2586468458175659,
                0.1511937826871872
            ],
            "name": "hope_Cube_0",
            "projected_cuboid": [
                [
                    206.342414021492,
                    206.58347010612488
                ],
                [
                    246.6801553964615,
                    446.3631510734558
                ],
                [
                    431.0629367828369,
                    471.8434810638428
                ],
                [
                    362.3320162296295,
                    273.77939224243164
                ],
                [
                    396.0447311401367,
                    22.751212120056152
                ],
                [
                    538.6087894439697,
                    275.7719159126282
                ],
                [
                    683.7408542633057,
                    361.2103760242462
                ],
                [
                    540.2621030807495,
                    147.5774496793747
                ],
                [
                    415.66574573516846,
                    274.38223361968994
                ]
            ],
            "provenance": "nvisii",
            "quaternion_xyzw": [
                -0.36826959252357483,
                0.2583146095275879,
                0.869044840335846,
                -0.20594218373298645
            ],
            "quaternion_xyzw_world": [
                -0.5924710035324097,
                -0.01825924590229988,
                0.48251602053642273,
                0.6448433995246887
            ],
            "segmentation_id": 1,
            "visibility": 1
        }
    ]
}