{
    "camera_data": {
        "camera_look_at": {
            "at": [
                1.0,
                0.0,
                0.0
            ],
            "eye": [
                0.0,
                0.0,
                0.0
            ],
            "up": [
                0.0,
                0.0,
                1.0
            ]
        },
        "camera_view_matrix": [
            [
                0.0,
                0.0,
                -1.0,
                0.0
            ],
            [
                -1.0,
                0.0,
                0.0,
                0.0
            ],
            [
                0.0,
                1.0,
                0.0,
                0.0
            ],
            [
                0.0,
                0.0,
                0.0,
                1.0
            ]
        ],
        "height": 400,
        "intrinsics": {
            "cx": 200.0,
            "cy": 200.0,
            "fx": 482.84283447265625,
            "fy": 482.84283447265625
        },
        "location_world": [
            0.0,
            0.0,
            0.0
        ],
        "quaternion_world_xyzw": [
            0.5,
            -0.5,
            -0.5,
            0.5
        ],
        "width": 400
    },
    "objects": [
        {
            "bounding_box_minx_maxx_miny_maxy": [
                277,
                377,
                358,
                400
            ],
            "class": "Cube",
            "local_cuboid": null,
            "local_to_world_matrix": [
                [
                    0.00036732255830429494,
                    0.004963533021509647,
                    0.00047792523400858045,
                    0.0
                ],
                [
                    0.0007587639847770333,
                    -0.0005292761488817632,
                    0.00491366907954216,
                    0.0
                ],
                [
                    0.004928422626107931,
                    -0.0002884536806959659,
                    -0.0007921128999441862,
                    0.0
                ],
                [
                    1.473230004310608,
                    -0.3647342622280121,
                    -0.773553192615509,
                    1.0
                ]
            ],
            "location": [
                0.3647342622280121,
                -0.773553192615509,
                -1.473230004310608
            ],
            "location_world": [
                1.473230004310608,
                -0.3647342622280121,
                -0.773553192615509
            ],
            "name": "distract_Cube_0",
            "projected_cuboid": [
                [
                    274.53558444976807,
                    434.9848747253418
                ],
                [
                    280.5895805358887,
                    357.38422870635986
                ],
                [
                    289.81921672821045,
                    371.4554786682129
                ],
                [
                    282.92527198791504,
                    463.51771354675293
                ],
                [
                    350.8932590484619,
                    444.973087310791
                ],
                [
                    355.23319244384766,
                    366.2623405456543
                ],
                [
                    377.9264211654663,
                    382.1077823638916
                ],
                [
                    373.4309673309326,
                    475.732421875
                ],
                [
                    322.3015308380127,
                    410.55593490600586
                ]
            ],
            "provenance": "nvisii",
            "quaternion_xyzw": [
                0.05060659348964691,
                0.9951287508010864,
                -0.07792343199253082,
                0.03294932842254639
            ],
            "quaternion_xyzw_world": [
                0.5783040523529053,
                0.49474814534187317,
                0.46743130683898926,
                0.4497740566730499
            ],
            "segmentation_id": 1,
            "visibility": 1
        },
        {
            "bounding_box_minx_maxx_miny_maxy": [
                242,
                397,
                39,
                136
            ],
            "class": "Cube",
            "local_cuboid": null,
            "local_to_world_matrix": [
                [
                    0.0018941002199426293,
                    -0.004009028431028128,
                    0.0023108592722564936,
                    0.0
                ],
                [
                    -0.0003586037491913885,
                    0.0023622752632945776,
                    0.004392158705741167,
                    0.0
                ],
                [
                    -0.004613435361534357,
                    -0.0018295743502676487,
                    0.0006073468830436468,
                    0.0
                ],
                [
                    1.3586158752441406,
                    -0.38462480902671814,
                    0.13325069844722748,
                    1.0
                ]
            ],
            "location": [
                0.38462480902671814,
                0.13325069844722748,
                -1.3586158752441406
            ],
            "location_world": [
                1.3586158752441406,
                -0.38462480902671814,
                0.13325069844722748
            ],
            "name": "distract_Cube_1",
            "projected_cuboid": [
                [
                    398.50075244903564,
                    122.85563945770264
                ],
                [
                    356.4867973327637,
                    38.45306634902954
                ],
                [
                    303.0956029891968,
                    72.9933500289917
                ],
                [
                    339.3683433532715,
                    144.19106245040894
                ],
                [
                    333.28986167907715,
                    163.3958339691162
                ],
                [
                    286.9056224822998,
                    72.82480001449585
                ],
                [
                    241.31896495819092,
                    104.05879020690918
                ],
                [
                    280.77611923217773,
                    179.59253787994385
                ],
                [
                    316.4731740951538,
                    113.04624080657959
                ]
            ],
            "provenance": "nvisii",
            "quaternion_xyzw": [
                -0.013104602694511414,
                0.196175217628479,
                0.24619586765766144,
                0.949068546295166
            ],
            "quaternion_xyzw_world": [
                0.44297167658805847,
                -0.4929923117160797,
                -0.2599010467529297,
                0.7022721171379089
            ],
            "segmentation_id": 2,
            "visibility": 1
        },
        {
            "bounding_box_minx_maxx_miny_maxy": [
                0,
                97,
                376,
                400
            ],
            "class": "Green",
            "local_cuboid": null,