{
    "camera_data": {
        "camera_look_at": {
            "at": [
                1.0,
                0.0,
                0.0
            ],
            "eye": [
                0.0,
                0.0,
                0.0
            ],
            "up": [
                0.0,
                0.0,
                1.0
            ]
        },
        "camera_view_matrix": [
            [
                0.0,
                0.0,
                -1.0,
                0.0
            ],
            [
                -1.0,
                0.0,
                0.0,
                0.0
            ],
            [
                0.0,
                1.0,
                0.0,
                0.0
            ],
            [
                0.0,
                0.0,
                0.0,
                1.0
            ]
        ],
        "height": 400,
        "intrinsics": {
            "cx": 200.0,
            "cy": 200.0,
            "fx": 482.84283447265625,
            "fy": 482.84283447265625
        },
        "location_world": [
            0.0,
            0.0,
            0.0
        ],
        "quaternion_world_xyzw": [
            0.5,
            -0.5,
            -0.5,
            0.5
        ],
        "width": 400
    },
    "objects": [
        {
            "bounding_box_minx_maxx_miny_maxy": [
                0,
                399,
                1,
                400
            ],
            "class": "Cube",
            "local_cuboid": null,
            "local_to_world_matrix": [
                [
                    -0.9793655872344971,
                    -0.004743628203868866,
                    -0.2020411193370819,
                    0.0
                ],
                [
                    -0.2020891308784485,
                    0.014279782772064209,
                    0.9792630076408386,
                    0.0
                ],
                [
                    -0.0017601549625396729,
                    0.9998868107795715,
                    -0.014943838119506836,
                    0.0
                ],
                [
                    -4.068502426147461,
                    -3.2846453189849854,
                    -3.384060859680176,
                    1.0
                ]
            ],
            "location": [
                3.2846453189849854,
                -3.384060859680176,
                4.068502426147461
            ],
            "location_world": [
                -4.068502426147461,
                -3.2846453189849854,
                -3.384060859680176
            ],
            "name": "distract_Cube_0",
            "projected_cuboid": [
                [
                    564.6048545837402,
                    51.2689471244812
                ],
                [
                    478.3181667327881,
                    700.9754180908203
                ],
                [
                    -146.20859622955322,
                    711.4604949951172
                ],
                [
                    -281.00972175598145,
                    63.46473693847656
                ],
                [
                    -317.43507385253906,
                    169.3448305130005
                ],
                [
                    -860.2471351623535,
                    -2163.454818725586
                ],
                [
                    1479.9062728881836,
                    -2178.207778930664
                ],
                [
                    864.6456718444824,
                    151.84322595596313
                ],
                [
                    45.01304626464844,
                    1316.8822288513184
                ]
            ],
            "provenance": "nvisii",
            "quaternion_xyzw": [
                -0.0770072340965271,
                0.702274739742279,
                0.06662112474441528,
                -0.7045862078666687
            ],
            "quaternion_xyzw_world": [
                -0.07296990603208542,
                0.7086235284805298,
                0.698237419128418,
                0.07065845280885696
            ],
            "segmentation_id": 1,
            "visibility": 1
        },
        {
            "bounding_box_minx_maxx_miny_maxy": [
                -1,
                -1,
                -1,
                -1
            ],
            "class": "Cube",
            "local_cuboid": null,
            "local_to_world_matrix": [
                [
                    -0.050631165504455566,
                    0.9915128946304321,
                    0.1197441816329956,
                    0.0
                ],
                [
                    -0.11355122923851013,
                    -0.12483561038970947,
                    0.9856583476066589,
                    0.0
                ],
                [
                    0.9922412633895874,
                    0.03630787134170532,
                    0.11890804767608643,
                    0.0
                ],
                [
                    8.327631950378418,
                    -1.1936695575714111,
                    -3.6533071994781494,
                    1.0
                ]
            ],
            "location": [
                1.1936695575714111,
                -3.6533071994781494,
                -8.327631950378418
            ],
            "location_world": [
                8.327631950378418,
                -1.1936695575714111,
                -3.6533071994781494
            ],
            "name": "distract_Cube_1",
            "projected_cuboid": [
                [
                    -171.23713493347168,
                    164.95482921600342
                ],
                [
                    -136.64135932922363,
                    -751.218318939209
                ],
                [
                    539.0096664428711,
                    1141.0924911499023
                ],
                [
                    817.3288345336914,
                    101.15740299224854
                ],
                [
                    551.944637298584,
                    251.57253742218018
                ],
                [
                    726.4452934265137,
                    -566.7267799377441
                ],
                [
                    -565.7689094543457,
                    1116.7532920837402
                ],
                [
                    -653.4528732299805,
                    -105.3229808807373
                ],
                [
                    579.5426368713379,
                    -1646.2831497192383
                ]
            ],
            "provenance": "nvisii",
            "quaternion_xyzw": [
                0.0613800585269928,
                0.9961692094802856,
                0.058338284492492676,
                -0.021818310022354126
            ],
            "quaternion_xyzw_world": [
                0.4886963367462158,
                0.44913458824157715,
                0.568852961063385,
                0.4856545925140381
            ],
            "segmentation_id": 2,
            "visibility": 0
        },
        {
            "bounding_box_minx_maxx_miny_maxy": [
                159,
                224,
                394,
                400
            ],
            "class": "Green",
            "local_cuboid": null,