{
    "camera_data": {
        "camera_look_at": {
            "at": [
                1.0,
                0.0,
                0.0
            ],
            "eye": [
                -0.30000001192092896,
                0.0,
                0.0
            ],
            "up": [
                0.0,
                0.0,
                1.0
            ]
        },
        "camera_view_matrix": [
            [
                0.0,
                0.0,
                1.0,
                0.0
            ],
            [
                -1.0,
                0.0,
                0.0,
                0.0
            ],
            [
                0.0,
                -1.0,
                0.0,
                0.0
            ],
            [
                0.0,
                0.0,
                0.30000001192092896,
                1.0
            ]
        ],
        "height": 761,
        "intrinsics": {
            "cx": 358.0,
            "cy": 380.5,
            "fx": 189.840087890625,
            "fy": 189.840087890625
        },
        "location_worldframe": [
            -0.30000001192092896,
            0.0,
            -0.0
        ],
        "quaternion_xyzw_worldframe": [
            -0.5,
            0.5,
            -0.5,
            0.5
        ],
        "width": 716
    },
    "objects": [
        {
            "bounding_box_minx_maxx_miny_maxy": [
                285,
                313,
                399,
                448
            ],
            "class": "lentilky",
            "local_cuboid": null,
            "local_to_world_matrix": [
                [
                    4.363086700439453,
                    2.8369483947753906,
                    -6.075788974761963,
                    -0.0
                ],
                [
                    -0.37225034832954407,
                    -7.135091304779053,
                    -3.598881483078003,
                    0.0
                ],
                [
                    -6.695140838623047,
                    2.2454938888549805,
                    -3.759371519088745,
                    -0.0
                ],
                [
                    1.5202418565750122,
                    0.5238550901412964,
                    -0.30767831206321716,
                    1.0
                ]
            ],
            "location": [
                -0.5238550901412964,
                0.30767831206321716,
                1.820241928100586
            ],
            "location_worldframe": [
                1.5202418565750122,
                0.5238550901412964,
                -0.30767831206321716
            ],
            "name": "hope_lentilky_0",
            "projected_cuboid": [
                [
                    284.3628212213516,
                    440.12988954782486
                ],
                [
                    298.3981524705887,
                    381.70106452703476
                ],
                [
                    317.62434220314026,
                    391.5652248263359
                ],
                [
                    299.25194704532623,
                    448.04297202825546
                ],
                [
                    293.95495104789734,
                    428.59460800886154
                ],
                [
                    309.25102269649506,
                    372.2929222881794
                ],
                [
                    326.8362846374512,
                    381.2418032884598
                ],
                [
                    307.84095573425293,
                    435.9099478125572
                ],
                [
                    303.86581349372864,
                    413.08963108062744
                ]
            ],
            "provenance": "nvisii",
            "px_count_all": 0,
            "px_count_visib": 0,
            "quaternion_xyzw": [
                1.284664511680603,
                2.3150391578674316,
                0.006630659103393555,
                -0.42573082447052
            ],
            "quaternion_xyzw_worldframe": [
                2.0160324573516846,
                0.3056372106075287,
                -1.5836710929870605,
                -0.724737286567688
            ],
            "segmentation_id": 1,
            "visibility": 1
        },
        {
            "bounding_box_minx_maxx_miny_maxy": [
                277,
                358,
                357,
                379
            ],
            "class": "lentilky",
            "local_cuboid": null,
            "local_to_world_matrix": [
                [
                    3.045945405960083,
                    7.3964152336120605,
                    0.12362532317638397,
                    -0.0
                ],
                [
                    -7.224612236022949,
                    2.945631980895996,
                    1.768687129020691,
                    0.0
                ],
                [
                    1.5897234678268433,
                    -0.7850587964057922,
                    7.801055908203125,
                    -0.0
                ],
                [
                    1.5292004346847534,
                    0.4032871425151825,
                    0.10954795032739639,
                    1.0
                ]
            ],
            "location": [
                -0.4032871425151825,
                -0.10954795032739639,
                1.8292005062103271
            ],
            "location_worldframe": [
                1.5292004346847534,
                0.4032871425151825,
                0.10954795032739639
            ],
            "name": "hope_lentilky_1",
            "projected_cuboid": [
                [
                    291.6355028152466,
                    364.36952060461044
                ],
                [
                    359.31099247932434,
                    362.83679008483887
                ],
                [
                    351.77275371551514,
                    356.47494465112686
                ],
                [
                    279.68976187705994,
                    359.14410293102264
                ],
                [
                    288.88663935661316,
                    380.0287412703037
                ],
                [
                    357.4417004585266,
                    381.2081468105316
                ],
                [
                    349.5485817193985,
                    376.55359652638435
                ],
                [
                    276.48732805252075,
                    376.02702233195305
                ],
                [
                    316.64631509780884,
                    369.63142970204353
                ]
            ],
            "provenance": "nvisii",
            "px_count_all": 0,
            "px_count_visib": 0,
            "quaternion_xyzw": [
                0.08185217529535294,
                -1.6506128311157227,
                2.1731972694396973,
                -0.05954331159591675
            ],
            "quaternion_xyzw_worldframe": [
                0.33198997378349304,
                0.19059447944164276,
                1.9007506370544434,
                1.9230595827102661
            ],
            "segmentation_id": 2,
            "visibility": 1
        },
        {
            "bounding_box_minx_maxx_miny_maxy": [
                421,
                434,
                424,
                435
            ],
            "class": "pez",
            "local_cuboid": null,