{
    "camera_data": {
        "camera_look_at": {
            "at": [
                1.0,
                0.0,
                0.0
            ],
            "eye": [
                -0.30000001192092896,
                0.0,
                0.0
            ],
            "up": [
                0.0,
                0.0,
                1.0
            ]
        },
        "camera_view_matrix": [
            [
                0.0,
                0.0,
                1.0,
                0.0
            ],
            [
                -1.0,
                0.0,
                0.0,
                0.0
            ],
            [
                0.0,
                -1.0,
                0.0,
                0.0
            ],
            [
                0.0,
                0.0,
                0.30000001192092896,
                1.0
            ]
        ],
        "height": 761,
        "intrinsics": {
            "cx": 358.0,
            "cy": 380.5,
            "fx": 189.840087890625,
            "fy": 189.840087890625
        },
        "location_worldframe": [
            -0.30000001192092896,
            0.0,
            -0.0
        ],
        "quaternion_xyzw_worldframe": [
            -0.5,
            0.5,
            -0.5,
            0.5
        ],
        "width": 716
    },
    "objects": [
        {
            "bounding_box_minx_maxx_miny_maxy": [
                215,
                323,
                294,
                507
            ],
            "class": "lentilky",
            "local_cuboid": null,
            "local_to_world_matrix": [
                [
                    -4.4783711433410645,
                    -0.5156328082084656,
                    -6.608956813812256,
                    0.0
                ],
                [
                    6.627727508544922,
                    -0.18951086699962616,
                    -4.476304531097412,
                    0.0
                ],
                [
                    0.13195723295211792,
                    -7.981115341186523,
                    0.5332720279693604,
                    -0.0
                ],
                [
                    0.4117923080921173,
                    0.24988523125648499,
                    0.014636293053627014,
                    1.0
                ]
            ],
            "location": [
                -0.24988523125648499,
                -0.014636293053627014,
                0.7117923498153687
            ],
            "location_worldframe": [
                0.4117923080921173,
                0.24988523125648499,
                0.014636293053627014
            ],
            "name": "hope_lentilky_0",
            "projected_cuboid": [
                [
                    295.4079509973526,
                    499.8529013991356
                ],
                [
                    316.7748579978943,
                    293.0962813794613
                ],
                [
                    323.5818489789963,
                    324.29474779963493
                ],
                [
                    313.1783241033554,
                    502.28138411045074
                ],
                [
                    214.3565526008606,
                    506.07331705093384
                ],
                [
                    277.93586826324463,
                    295.3857383430004
                ],
                [
                    290.3853249549866,
                    326.3426446914673
                ],
                [
                    253.34832572937012,
                    506.8927751779556
                ],
                [
                    291.8545207977295,
                    377.0970443189144
                ]
            ],
            "provenance": "nvisii",
            "px_count_all": 0,
            "px_count_visib": 0,
            "quaternion_xyzw": [
                -0.7393040657043457,
                -1.8062937259674072,
                -1.9954755306243896,
                -1.9400897026062012
            ],
            "quaternion_xyzw_worldframe": [
                -1.3004918098449707,
                -2.501277446746826,
                1.2451058626174927,
                -1.4342877864837646
            ],
            "segmentation_id": 1,
            "visibility": 1
        },
        {
            "bounding_box_minx_maxx_miny_maxy": [
                321,
                328,
                314,
                371
            ],
            "class": "lentilky",
            "local_cuboid": null,
            "local_to_world_matrix": [
                [
                    -7.474554538726807,
                    -1.0676888227462769,
                    2.64406418800354,
                    -0.0
                ],
                [
                    2.0579752922058105,
                    3.1148018836975098,
                    7.075502395629883,
                    -0.0
                ],
                [
                    -1.973771333694458,
                    7.290956020355225,
                    -2.6355597972869873,
                    -0.0
                ],
                [
                    1.5780463218688965,
                    0.40885671973228455,
                    0.33291661739349365,
                    1.0
                ]
            ],
            "location": [
                -0.40885671973228455,
                -0.33291661739349365,
                1.8780462741851807
            ],
            "location_worldframe": [
                1.5780463218688965,
                0.40885671973228455,
                0.33291661739349365
            ],
            "name": "hope_lentilky_1",
            "projected_cuboid": [
                [
                    306.30529057979584,
                    334.4111048877239
                ],
                [
                    314.79695320129395,
                    372.9259090125561
                ],
                [
                    309.9005228281021,
                    359.97029688954353
                ],
                [
                    299.23284912109375,
                    316.1806109547615
                ],
                [
                    328.06740725040436,
                    328.43506157398224
                ],
                [
                    329.1685572862625,
                    368.1913678944111
                ],
                [
                    324.0813397169113,
                    355.5741122364998
                ],
                [
                    320.5570578575134,
                    310.8904657959938
                ],
                [
                    317.17190277576447,
                    347.3481878042221
                ]
            ],
            "provenance": "nvisii",
            "px_count_all": 0,
            "px_count_visib": 0,
            "quaternion_xyzw": [
                -2.1356308460235596,
                0.3623521327972412,
                1.6547268629074097,
                -0.38111644983291626
            ],
            "quaternion_xyzw_worldframe": [
                0.131282240152359,
                1.8857966661453247,
                1.9045610427856445,
                -0.6121863126754761
            ],
            "segmentation_id": 2,
            "visibility": 1
        },
        {
            "bounding_box_minx_maxx_miny_maxy": [
                369,
                440,
                420,
                459
            ],
            "class": "pez",
            "local_cuboid": null,