{
    "camera_data": {
        "camera_look_at": {
            "at": [
                1.0,
                0.0,
                0.0
            ],
            "eye": [
                -0.30000001192092896,
                0.0,
                0.0
            ],
            "up": [
                0.0,
                0.0,
                1.0
            ]
        },
        "camera_view_matrix": [
            [
                0.0,
                0.0,
                1.0,
                0.0
            ],
            [
                -1.0,
                0.0,
                0.0,
                0.0
            ],
            [
                0.0,
                -1.0,
                0.0,
                0.0
            ],
            [
                0.0,
                0.0,
                0.30000001192092896,
                1.0
            ]
        ],
        "height": 761,
        "intrinsics": {
            "cx": 358.0,
            "cy": 380.5,
            "fx": 189.840087890625,
            "fy": 189.840087890625
        },
        "location_worldframe": [
            -0.30000001192092896,
            0.0,
            -0.0
        ],
        "quaternion_xyzw_worldframe": [
            -0.5,
            0.5,
            -0.5,
            0.5
        ],
        "width": 716
    },
    "objects": [
        {
            "bounding_box_minx_maxx_miny_maxy": [
                228,
                329,
                299,
                511
            ],
            "class": "lentilky",
            "local_cuboid": null,
            "local_to_world_matrix": [
                [
                    -4.553025722503662,
                    -0.372041255235672,
                    -6.5674614906311035,
                    0.0
                ],
                [
                    6.5468950271606445,
                    0.519411027431488,
                    -4.568192005157471,
                    0.0
                ],
                [
                    0.6388460993766785,
                    -7.9744462966918945,
                    0.00885307788848877,
                    -0.0
                ],
                [
                    0.41452741622924805,
                    0.21832479536533356,
                    0.0006443469901569188,
                    1.0
                ]
            ],
            "location": [
                -0.21832479536533356,
                -0.0006443469901569188,
                0.714527428150177
            ],
            "location_worldframe": [
                0.41452741622924805,
                0.21832479536533356,
                0.0006443469901569188
            ],
            "name": "hope_lentilky_0",
            "projected_cuboid": [
                [
                    310.6724203824997,
                    505.8160400390625
                ],
                [
                    327.4458818435669,
                    298.8990981578827
                ],
                [
                    329.70157074928284,
                    329.1611025631428
                ],
                [
                    319.01189708709717,
                    507.7626273036003
                ],
                [
                    227.36055326461792,
                    510.20807433128357
                ],
                [
                    288.35398864746094,
                    297.60509276390076
                ],
                [
                    296.2315729856491,
                    328.47443330287933
                ],
                [
                    257.6560492515564,
                    511.05796843767166
                ],
                [
                    300.4948058128357,
                    380.8294433951378
                ]
            ],
            "provenance": "nvisii",
            "px_count_all": 0,
            "px_count_visib": 0,
            "quaternion_xyzw": [
                2.0163192749023438,
                1.784287929534912,
                0.7007400393486023,
                1.9937257766723633
            ],
            "quaternion_xyzw_worldframe": [
                1.2538107633590698,
                1.2312172651290894,
                -2.5467965602874756,
                1.463248610496521
            ],
            "segmentation_id": 1,
            "visibility": 1
        },
        {
            "bounding_box_minx_maxx_miny_maxy": [
                328,
                336,
                340,
                362
            ],
            "class": "lentilky",
            "local_cuboid": null,
            "local_to_world_matrix": [
                [
                    -7.987692832946777,
                    -0.3664708435535431,
                    -0.24992316961288452,
                    -0.0
                ],
                [
                    -0.34615185856819153,
                    2.3311350345611572,
                    7.644997596740723,
                    0.0
                ],
                [
                    -0.2773829698562622,
                    7.644050121307373,
                    -2.343405246734619,
                    -0.0
                ],
                [
                    1.588706135749817,
                    0.3472931981086731,
                    0.3071158230304718,
                    1.0
                ]
            ],
            "location": [
                -0.3472931981086731,
                -0.3071158230304718,
                1.8887062072753906
            ],
            "location_worldframe": [
                1.588706135749817,
                0.3472931981086731,
                0.3071158230304718
            ],
            "name": "hope_lentilky_1",
            "projected_cuboid": [
                [
                    309.1433701515198,
                    357.46334287524223
                ],
                [
                    323.328689455986,
                    363.6045841574669
                ],
                [
                    318.943421959877,
                    349.55003359913826
                ],
                [
                    302.3224024772644,
                    335.80449214577675
                ],
                [
                    330.6824998855591,
                    351.0179005563259
                ],
                [
                    337.3332933187485,
                    359.38616195321083
                ],
                [
                    333.00636518001556,
                    345.3550620675087
                ],
                [
                    323.9996987581253,
                    329.4148642420769
                ],
                [
                    323.5931156873703,
                    350.1314243078232
                ]
            ],
            "provenance": "nvisii",
            "px_count_all": 0,
            "px_count_visib": 0,
            "quaternion_xyzw": [
                -2.0082106590270996,
                -0.1563732624053955,
                1.9080981016159058,
                -0.06368958950042725
            ],
            "quaternion_xyzw_worldframe": [
                -0.09639817476272583,
                1.8481229543685913,
                2.068185806274414,
                -0.003714552614837885
            ],
            "segmentation_id": 2,
            "visibility": 1
        },
        {
            "bounding_box_minx_maxx_miny_maxy": [
                367,
                437,
                421,
                450
            ],
            "class": "pez",
            "local_cuboid": null,