{
    "camera_data": {
        "camera_look_at": {
            "at": [
                1.0,
                0.0,
                0.0
            ],
            "eye": [
                -0.30000001192092896,
                0.0,
                0.0
            ],
            "up": [
                0.0,
                0.0,
                1.0
            ]
        },
        "camera_view_matrix": [
            [
                0.0,
                0.0,
                1.0,
                0.0
            ],
            [
                -1.0,
                0.0,
                0.0,
                0.0
            ],
            [
                0.0,
                -1.0,
                0.0,
                0.0
            ],
            [
                0.0,
                0.0,
                0.30000001192092896,
                1.0
            ]
        ],
        "height": 761,
        "intrinsics": {
            "cx": 358.0,
            "cy": 380.5,
            "fx": 189.840087890625,
            "fy": 189.840087890625
        },
        "location_worldframe": [
            -0.30000001192092896,
            0.0,
            -0.0
        ],
        "quaternion_xyzw_worldframe": [
            -0.5,
            0.5,
            -0.5,
            0.5
        ],
        "width": 716
    },
    "objects": [
        {
            "bounding_box_minx_maxx_miny_maxy": [
                191,
                307,
                290,
                501
            ],
            "class": "lentilky",
            "local_cuboid": null,
            "local_to_world_matrix": [
                [
                    -4.680703639984131,
                    -1.0485397577285767,
                    -6.402467250823975,
                    -0.0
                ],
                [
                    6.487759590148926,
                    -0.7595269680023193,
                    -4.6186699867248535,
                    0.0
                ],
                [
                    -0.0024979712907224894,
                    -7.894535541534424,
                    1.294723629951477,
                    0.0
                ],
                [
                    0.4087444841861725,
                    0.312740296125412,
                    0.039791420102119446,
                    1.0
                ]
            ],
            "location": [
                -0.312740296125412,
                -0.039791420102119446,
                0.7087445259094238
            ],
            "location_worldframe": [
                0.4087444841861725,
                0.312740296125412,
                0.039791420102119446
            ],
            "name": "hope_lentilky_0",
            "projected_cuboid": [
                [
                    272.91458654403687,
                    482.3346139192581
                ],
                [
                    296.0441999435425,
                    288.41852989792824
                ],
                [
                    307.96254229545593,
                    320.47013360261917
                ],
                [
                    301.0951421260834,
                    491.17329490184784
                ],
                [
                    191.18673753738403,
                    495.7262634038925
                ],
                [
                    258.2126843929291,
                    294.6294654905796
                ],
                [
                    275.45465314388275,
                    325.8052523434162
                ],
                [
                    240.72506725788116,
                    501.06394493579865
                ],
                [
                    274.7319407463074,
                    370.3423660993576
                ]
            ],
            "provenance": "nvisii",
            "px_count_all": 0,
            "px_count_visib": 0,
            "quaternion_xyzw": [
                -0.8236627578735352,
                -1.7184104919433594,
                -1.6826963424682617,
                -1.9218015670776367
            ],
            "quaternion_xyzw_worldframe": [
                -1.1514840126037598,
                -2.2496228218078613,
                1.3905892372131348,
                -1.354875087738037
            ],
            "segmentation_id": 1,
            "visibility": 1
        },
        {
            "bounding_box_minx_maxx_miny_maxy": [
                302,
                323,
                297,
                371
            ],
            "class": "lentilky",
            "local_cuboid": null,
            "local_to_world_matrix": [
                [
                    0.4940200448036194,
                    -1.9096639156341553,
                    7.753007411956787,
                    -0.0
                ],
                [
                    -3.829524517059326,
                    6.759481430053711,
                    1.9089629650115967,
                    0.0
                ],
                [
                    -7.006474494934082,
                    -3.8291754722595215,
                    -0.4967229962348938,
                    -0.0
                ],
                [
                    1.5378602743148804,
                    0.5416073799133301,
                    0.38223350048065186,
                    1.0
                ]
            ],
            "location": [
                -0.5416073799133301,
                -0.38223350048065186,
                1.837860345840454
            ],
            "location_worldframe": [
                1.5378602743148804,
                0.5416073799133301,
                0.38223350048065186
            ],
            "name": "hope_lentilky_1",
            "projected_cuboid": [
                [
                    324.2590250968933,
                    303.7791513800621
                ],
                [
                    302.920370221138,
                    384.4040607213974
                ],
                [
                    283.49048352241516,
                    379.86678647994995
                ],
                [
                    306.41095864772797,
                    295.4741659760475
                ],
                [
                    318.85252010822296,
                    308.73865112662315
                ],
                [
                    299.07780385017395,
                    383.05898094177246
                ],
                [
                    281.09332060813904,
                    378.83881241083145
                ],
                [
                    302.21425914764404,
                    301.328533411026
                ],
                [
                    302.55586659908295,
                    341.51820090413094
                ]
            ],
            "provenance": "nvisii",
            "px_count_all": 0,
            "px_count_visib": 0,
            "quaternion_xyzw": [
                -2.3636021614074707,
                1.6782323122024536,
                -1.3151767253875732,
                0.059411972761154175
            ],
            "quaternion_xyzw_worldframe": [
                -1.0299792289733887,
                1.393034815788269,
                -0.3446095585823059,
                -2.6487996578216553
            ],
            "segmentation_id": 2,
            "visibility": 1
        },
        {
            "bounding_box_minx_maxx_miny_maxy": [
                371,
                440,
                419,
                461
            ],
            "class": "pez",
            "local_cuboid": null,