{
    "camera_data": {
        "camera_look_at": {
            "at": [
                1.0,
                0.0,
                0.0
            ],
            "eye": [
                -0.30000001192092896,
                0.0,
                0.0
            ],
            "up": [
                0.0,
                0.0,
                1.0
            ]
        },
        "camera_view_matrix": [
            [
                0.0,
                0.0,
                1.0,
                0.0
            ],
            [
                -1.0,
                0.0,
                0.0,
                0.0
            ],
            [
                0.0,
                -1.0,
                0.0,
                0.0
            ],
            [
                0.0,
                0.0,
                0.30000001192092896,
                1.0
            ]
        ],
        "height": 761,
        "intrinsics": {
            "cx": 358.0,
            "cy": 380.5,
            "fx": 189.840087890625,
            "fy": 189.840087890625
        },
        "location_worldframe": [
            -0.30000001192092896,
            0.0,
            -0.0
        ],
        "quaternion_xyzw_worldframe": [
            -0.5,
            0.5,
            -0.5,
            0.5
        ],
        "width": 716
    },
    "objects": [
        {
            "bounding_box_minx_maxx_miny_maxy": [
                254,
                313,
                326,
                457
            ],
            "class": "lentilky",
            "local_cuboid": null,
            "local_to_world_matrix": [
                [
                    -0.16888023912906647,
                    -1.9170584678649902,
                    -7.765074729919434,
                    0.0
                ],
                [
                    -2.354626417160034,
                    7.4345293045043945,
                    -1.784242868423462,
                    0.0
                ],
                [
                    7.643770217895508,
                    2.2478153705596924,
                    -0.7211878299713135,
                    -0.0
                ],
                [
                    0.932630181312561,
                    0.4723374843597412,
                    -0.04992406442761421,
                    1.0
                ]
            ],
            "location": [
                -0.4723374843597412,
                0.04992406442761421,
                1.2326302528381348
            ],
            "location_worldframe": [
                0.932630181312561,
                0.4723374843597412,
                -0.04992406442761421
            ],
            "name": "hope_lentilky_0",
            "projected_cuboid": [
                [
                    313.0485862493515,
                    441.68548107147217
                ],
                [
                    286.67970883846283,
                    331.81808191537857
                ],
                [
                    259.91773426532745,
                    335.5926423072815
                ],
                [
                    286.9993803501129,
                    449.9479196071625
                ],
                [
                    314.5448179244995,
                    447.854323387146
                ],
                [
                    284.40590357780457,
                    322.27982699871063
                ],
                [
                    253.5609848499298,
                    326.1787394583225
                ],
                [
                    284.63362765312195,
                    457.65058106184006
                ],
                [
                    285.7549638748169,
                    388.68959176540375
                ]
            ],
            "provenance": "nvisii",
            "px_count_all": 0,
            "px_count_visib": 0,
            "quaternion_xyzw": [
                0.11044186353683472,
                -0.8857932686805725,
                1.7131575345993042,
                2.336698055267334
            ],
            "quaternion_xyzw_worldframe": [
                -0.6994459629058838,
                1.5268101692199707,
                0.07590539008378983,
                2.523045301437378
            ],
            "segmentation_id": 1,
            "visibility": 1
        },
        {
            "bounding_box_minx_maxx_miny_maxy": [
                289,
                324,
                342,
                375
            ],
            "class": "lentilky",
            "local_cuboid": null,
            "local_to_world_matrix": [
                [
                    6.862616062164307,
                    3.6259658336639404,
                    1.9382684230804443,
                    -0.0
                ],
                [
                    -4.027559757232666,
                    6.686834812164307,
                    1.750718593597412,
                    0.0
                ],
                [
                    -0.8266047239303589,
                    -2.4776246547698975,
                    7.561620712280273,
                    -0.0
                ],
                [
                    1.5169192552566528,
                    0.5511312484741211,
                    0.24691486358642578,
                    1.0
                ]
            ],
            "location": [
                -0.5511312484741211,
                -0.24691486358642578,
                1.8169193267822266
            ],
            "location_worldframe": [
                1.5169192552566528,
                0.5511312484741211,
                0.24691486358642578
            ],
            "name": "hope_lentilky_1",
            "projected_cuboid": [
                [
                    303.87989687919617,
                    345.73970752954483
                ],
                [
                    324.65604853630066,
                    354.0882150232792
                ],
                [
                    302.8830065727234,
                    347.2615972161293
                ],
                [
                    288.3257578611374,
                    340.785809636116
                ],
                [
                    299.6536862850189,
                    360.2972001731396
                ],
                [
                    318.2833592891693,
                    375.0878841280937
                ],
                [
                    296.3930197954178,
                    369.6410231590271
                ],
                [
                    284.0564435720444,
                    355.9927316904068
                ],
                [
                    300.91598439216614,
                    355.2018498182297
                ]
            ],
            "provenance": "nvisii",
            "px_count_all": 0,
            "px_count_visib": 0,
            "quaternion_xyzw": [
                1.1404541730880737,
                -1.5046616792678833,
                1.6602758169174194,
                0.39684972167015076
            ],
            "quaternion_xyzw_worldframe": [
                0.44960930943489075,
                -0.2939952313899994,
                0.8138167262077332,
                2.351120710372925
            ],
            "segmentation_id": 2,
            "visibility": 1
        },
        {
            "bounding_box_minx_maxx_miny_maxy": [
                367,
                436,
                421,
                462
            ],
            "class": "pez",
            "local_cuboid": null,