{
    "camera_data": {
        "camera_look_at": {
            "at": [
                1.0,
                0.0,
                0.0
            ],
            "eye": [
                -0.30000001192092896,
                0.0,
                0.0
            ],
            "up": [
                0.0,
                0.0,
                1.0
            ]
        },
        "camera_view_matrix": [
            [
                0.0,
                0.0,
                1.0,
                0.0
            ],
            [
                -1.0,
                0.0,
                0.0,
                0.0
            ],
            [
                0.0,
                -1.0,
                0.0,
                0.0
            ],
            [
                0.0,
                0.0,
                0.30000001192092896,
                1.0
            ]
        ],
        "height": 761,
        "intrinsics": {
            "cx": 358.0,
            "cy": 380.5,
            "fx": 189.840087890625,
            "fy": 189.840087890625
        },
        "location_worldframe": [
            -0.30000001192092896,
            0.0,
            -0.0
        ],
        "quaternion_xyzw_worldframe": [
            -0.5,
            0.5,
            -0.5,
            0.5
        ],
        "width": 716
    },
    "objects": [
        {
            "bounding_box_minx_maxx_miny_maxy": [
                185,
                303,
                291,
                497
            ],
            "class": "lentilky",
            "local_cuboid": null,
            "local_to_world_matrix": [
                [
                    -4.857627868652344,
                    -1.1791549921035767,
                    -6.246043682098389,
                    -0.0
                ],
                [
                    6.037484645843506,
                    -3.3145792484283447,
                    -4.0696892738342285,
                    0.0
                ],
                [
                    -1.9880259037017822,
                    -7.184927940368652,
                    2.902514934539795,
                    0.0
                ],
                [
                    0.4321524202823639,
                    0.35178130865097046,
                    0.03628307580947876,
                    1.0
                ]
            ],
            "location": [
                -0.35178130865097046,
                -0.03628307580947876,
                0.7321524620056152
            ],
            "location_worldframe": [
                0.4321524202823639,
                0.35178130865097046,
                0.03628307580947876
            ],
            "name": "hope_lentilky_0",
            "projected_cuboid": [
                [
                    240.02546441555023,
                    475.3666343688965
                ],
                [
                    279.6822293996811,
                    289.9549345076084
                ],
                [
                    303.5277268886566,
                    318.48644256591797
                ],
                [
                    295.4373767375946,
                    483.72691255807877
                ],
                [
                    184.20240259170532,
                    493.3440923690796
                ],
                [
                    251.13761830329895,
                    307.26230201125145
                ],
                [
                    277.56795048713684,
                    332.4582807421684
                ],
                [
                    248.25622165203094,
                    496.93685334920883
                ],
                [
                    267.28720712661743,
                    371.5928040444851
                ]
            ],
            "provenance": "nvisii",
            "px_count_all": 0,
            "px_count_visib": 0,
            "quaternion_xyzw": [
                -1.1706058979034424,
                -1.7516316175460815,
                -1.052600622177124,
                -1.6052333116531372
            ],
            "quaternion_xyzw_worldframe": [
                -1.1848024129867554,
                -1.6194298267364502,
                1.7374351024627686,
                -1.038404107093811
            ],
            "segmentation_id": 1,
            "visibility": 1
        },
        {
            "bounding_box_minx_maxx_miny_maxy": [
                301,
                313,
                319,
                370
            ],
            "class": "lentilky",
            "local_cuboid": null,
            "local_to_world_matrix": [
                [
                    6.120314598083496,
                    0.2907659113407135,
                    5.14365816116333,
                    -0.0
                ],
                [
                    -4.790960311889648,
                    3.2581071853637695,
                    5.516470432281494,
                    0.0
                ],
                [
                    -1.8943233489990234,
                    -7.300699234008789,
                    2.666710615158081,
                    -0.0
                ],
                [
                    1.5418959856033325,
                    0.6108701229095459,
                    0.34679943323135376,
                    1.0
                ]
            ],
            "location": [
                -0.6108701229095459,
                -0.34679943323135376,
                1.8418960571289062
            ],
            "location_worldframe": [
                1.5418959856033325,
                0.6108701229095459,
                0.34679943323135376
            ],
            "name": "hope_lentilky_1",
            "projected_cuboid": [
                [
                    314.14828526973724,
                    331.1289632618427
                ],
                [
                    300.3544840812683,
                    373.9447658956051
                ],
                [
                    286.858247756958,
                    357.68104404211044
                ],
                [
                    305.33492398262024,
                    317.48822408914566
                ],
                [
                    301.2545404434204,
                    337.0781766474247
                ],
                [
                    282.91464376449585,
                    381.04766619205475
                ],
                [
                    268.5702248811722,
                    365.7323584854603
                ],
                [
                    291.9725224971771,
                    324.0024308562279
                ],
                [
                    295.5396946668625,
                    345.25681418180466
                ]
            ],
            "provenance": "nvisii",
            "px_count_all": 0,
            "px_count_visib": 0,
            "quaternion_xyzw": [
                1.9255303144454956,
                -0.8546746969223022,
                1.6547162532806396,
                -0.8231164216995239
            ],
            "quaternion_xyzw_worldframe": [
                1.7743440866470337,
                -0.9743025898933411,
                0.7034884691238403,
                1.805902361869812
            ],
            "segmentation_id": 2,
            "visibility": 1
        },
        {
            "bounding_box_minx_maxx_miny_maxy": [
                370,
                440,
                420,
                462
            ],
            "class": "pez",
            "local_cuboid": null,