{
    "camera_data": {
        "camera_look_at": {
            "at": [
                1.0,
                0.0,
                0.0
            ],
            "eye": [
                -0.30000001192092896,
                0.0,
                0.0
            ],
            "up": [
                0.0,
                0.0,
                1.0
            ]
        },
        "camera_view_matrix": [
            [
                0.0,
                0.0,
                1.0,
                0.0
            ],
            [
                -1.0,
                0.0,
                0.0,
                0.0
            ],
            [
                0.0,
                -1.0,
                0.0,
                0.0
            ],
            [
                0.0,
                0.0,
                0.30000001192092896,
                1.0
            ]
        ],
        "height": 761,
        "intrinsics": {
            "cx": 358.0,
            "cy": 380.5,
            "fx": 189.840087890625,
            "fy": 189.840087890625
        },
        "location_worldframe": [
            -0.30000001192092896,
            0.0,
            -0.0
        ],
        "quaternion_xyzw_worldframe": [
            -0.5,
            0.5,
            -0.5,
            0.5
        ],
        "width": 716
    },
    "objects": [
        {
            "bounding_box_minx_maxx_miny_maxy": [
                251,
                313,
                306,
                472
            ],
            "class": "lentilky",
            "local_cuboid": null,
            "local_to_world_matrix": [
                [
                    -2.7183997631073,
                    -1.9328774213790894,
                    -7.271470546722412,
                    -0.0
                ],
                [
                    5.417049884796143,
                    4.862913131713867,
                    -3.317777395248413,
                    -0.0
                ],
                [
                    5.221673011779785,
                    -6.051120281219482,
                    -0.34360620379447937,
                    -0.0
                ],
                [
                    0.6760184168815613,
                    0.41451406478881836,
                    -0.006045305170118809,
                    1.0
                ]
            ],
            "location": [
                -0.41451406478881836,
                0.006045305170118809,
                0.9760184288024902
            ],
            "location_worldframe": [
                0.6760184168815613,
                0.41451406478881836,
                -0.006045305170118809
            ],
            "name": "hope_lentilky_0",
            "projected_cuboid": [
                [
                    313.68487787246704,
                    457.3270797133446
                ],
                [
                    291.59869396686554,
                    314.2456583082676
                ],
                [
                    281.5602915287018,
                    331.99407535791397
                ],
                [
                    298.0453850030899,
                    462.3007541894913
                ],
                [
                    271.6134524345398,
                    467.46865648031235
                ],
                [
                    258.47228813171387,
                    305.09545078873634
                ],
                [
                    250.9423713684082,
                    325.652754932642
                ],
                [
                    259.793821811676,
                    471.68569523096085
                ],
                [
                    277.87580049037933,
                    382.1765189766884
                ]
            ],
            "provenance": "nvisii",
            "px_count_all": 0,
            "px_count_visib": 0,
            "quaternion_xyzw": [
                1.3741850852966309,
                0.7769849300384521,
                1.2998780012130737,
                2.2847824096679688
            ],
            "quaternion_xyzw_worldframe": [
                0.583132803440094,
                1.4937301874160767,
                -1.5680371522903442,
                2.090930223464966
            ],
            "segmentation_id": 1,
            "visibility": 1
        },
        {
            "bounding_box_minx_maxx_miny_maxy": [
                294,
                318,
                332,
                377
            ],
            "class": "lentilky",
            "local_cuboid": null,
            "local_to_world_matrix": [
                [
                    6.738388538360596,
                    3.0087954998016357,
                    3.0888943672180176,
                    -0.0
                ],
                [
                    -4.200823783874512,
                    3.2870287895202637,
                    5.9622578620910645,
                    0.0
                ],
                [
                    0.9732413291931152,
                    -6.643988609313965,
                    4.348587512969971,
                    -0.0
                ],
                [
                    1.5327303409576416,
                    0.5781543254852295,
                    0.3008314371109009,
                    1.0
                ]
            ],
            "location": [
                -0.5781543254852295,
                -0.3008314371109009,
                1.8327302932739258
            ],
            "location_worldframe": [
                1.5327303409576416,
                0.5781543254852295,
                0.3008314371109009
            ],
            "name": "hope_lentilky_1",
            "projected_cuboid": [
                [
                    305.6937942504883,
                    343.6965960264206
                ],
                [
                    319.56334698200226,
                    365.27325600385666
                ],
                [
                    307.6982227563858,
                    347.22585421800613
                ],
                [
                    296.9743435382843,
                    330.41312807798386
                ],
                [
                    292.59754741191864,
                    351.5704428553581
                ],
                [
                    300.8982094526291,
                    376.91361197829247
                ],
                [
                    287.6576932668686,
                    359.34531605243683
                ],
                [
                    283.21688175201416,
                    338.4967835843563
                ],
                [
                    298.61360692977905,
                    349.8395836353302
                ]
            ],
            "provenance": "nvisii",
            "px_count_all": 0,
            "px_count_visib": 0,
            "quaternion_xyzw": [
                1.4592235088348389,
                -0.7710484266281128,
                2.1088035106658936,
                -0.41810545325279236
            ],
            "quaternion_xyzw_worldframe": [
                1.6075419187545776,
                -0.2697869539260864,
                0.9193668961524963,
                1.9604848623275757
            ],
            "segmentation_id": 2,
            "visibility": 1
        },
        {
            "bounding_box_minx_maxx_miny_maxy": [
                369,
                438,
                421,
                462
            ],
            "class": "pez",
            "local_cuboid": null,