{
    "camera_data": {
        "camera_look_at": {
            "at": [
                1.0,
                0.0,
                0.0
            ],
            "eye": [
                -0.30000001192092896,
                0.0,
                0.0
            ],
            "up": [
                0.0,
                0.0,
                1.0
            ]
        },
        "camera_view_matrix": [
            [
                0.0,
                0.0,
                1.0,
                0.0
            ],
            [
                -1.0,
                0.0,
                0.0,
                0.0
            ],
            [
                0.0,
                -1.0,
                0.0,
                0.0
            ],
            [
                0.0,
                0.0,
                0.30000001192092896,
                1.0
            ]
        ],
        "height": 761,
        "intrinsics": {
            "cx": 358.0,
            "cy": 380.5,
            "fx": 189.840087890625,
            "fy": 189.840087890625
        },
        "location_worldframe": [
            -0.30000001192092896,
            0.0,
            -0.0
        ],
        "quaternion_xyzw_worldframe": [
            -0.5,
            0.5,
            -0.5,
            0.5
        ],
        "width": 716
    },
    "objects": [
        {
            "bounding_box_minx_maxx_miny_maxy": [
                239,
                335,
                303,
                514
            ],
            "class": "lentilky",
            "local_cuboid": null,
            "local_to_world_matrix": [
                [
                    -4.719758033752441,
                    -0.2753136456012726,
                    -6.453533172607422,
                    -0.0
                ],
                [
                    6.411390781402588,
                    0.773044228553772,
                    -4.721914768218994,
                    -0.0
                ],
                [
                    0.7861098051071167,
                    -7.957801818847656,
                    -0.23543067276477814,
                    -0.0
                ],
                [
                    0.42068612575531006,
                    0.18930654227733612,
                    -0.011125476099550724,
                    1.0
                ]
            ],
            "location": [
                -0.18930654227733612,
                0.011125476099550724,
                0.720686137676239
            ],
            "location_worldframe": [
                0.42068612575531006,
                0.18930654227733612,
                -0.011125476099550724
            ],
            "name": "hope_lentilky_0",
            "projected_cuboid": [
                [
                    322.80566239356995,
                    508.71494233608246
                ],
                [
                    335.79257094860077,
                    304.4315064549446
                ],
                [
                    335.7678396701813,
                    333.8964147865772
                ],
                [
                    326.0088857412338,
                    511.7418934702873
                ],
                [
                    239.32652306556702,
                    511.7368586063385
                ],
                [
                    297.46973729133606,
                    301.8018786609173
                ],
                [
                    302.7516043186188,
                    332.13124138116837
                ],
                [
                    264.1738827228546,
                    514.0797486305237
                ],
                [
                    308.63436245918274,
                    383.93128246068954
                ]
            ],
            "provenance": "nvisii",
            "px_count_all": 0,
            "px_count_visib": 0,
            "quaternion_xyzw": [
                1.8627667427062988,
                1.7641868591308594,
                0.7155522704124451,
                1.9769115447998047
            ],
            "quaternion_xyzw_worldframe": [
                1.1827971935272217,
                1.296941876411438,
                -2.4441564083099365,
                1.395521879196167
            ],
            "segmentation_id": 1,
            "visibility": 1
        },
        {
            "bounding_box_minx_maxx_miny_maxy": [
                334,
                341,
                342,
                363
            ],
            "class": "lentilky",
            "local_cuboid": null,
            "local_to_world_matrix": [
                [
                    -7.780633926391602,
                    -0.4346531331539154,
                    -1.8091044425964355,
                    0.0
                ],
                [
                    -1.7601194381713867,
                    4.2410101890563965,
                    6.551016807556152,
                    0.0
                ],
                [
                    0.6031264066696167,
                    6.769410133361816,
                    -4.22035026550293,
                    -0.0
                ],
                [
                    1.5811045169830322,
                    0.2904518246650696,
                    0.2833101451396942,
                    1.0
                ]
            ],
            "location": [
                -0.2904518246650696,
                -0.2833101451396942,
                1.8811044692993164
            ],
            "location_worldframe": [
                1.5811045169830322,
                0.2904518246650696,
                0.2833101451396942
            ],
            "name": "hope_lentilky_1",
            "projected_cuboid": [
                [
                    321.41834223270416,
                    371.70041859149933
                ],
                [
                    330.390376329422,
                    359.89454713463783
                ],
                [
                    322.06180357933044,
                    347.4123029410839
                ],
                [
                    308.47449469566345,
                    352.9621971845627
                ],
                [
                    339.8794413805008,
                    359.90509313344955
                ],
                [
                    342.6115754842758,
                    352.0507507324219
                ],
                [
                    334.4446202516556,
                    339.3594009280205
                ],
                [
                    327.3060508966446,
                    340.6857247054577
                ],
                [
                    329.1884447336197,
                    352.4091332554817
                ]
            ],
            "provenance": "nvisii",
            "px_count_all": 0,
            "px_count_visib": 0,
            "quaternion_xyzw": [
                -1.8269760608673096,
                -0.04126793146133423,
                1.853161096572876,
                0.5134788751602173
            ],
            "quaternion_xyzw_worldframe": [
                -0.26428088545799255,
                2.076174020767212,
                1.6039631366729736,
                0.2904658913612366
            ],
            "segmentation_id": 2,
            "visibility": 1
        },
        {
            "bounding_box_minx_maxx_miny_maxy": [
                364,
                434,
                410,
                459
            ],
            "class": "pez",
            "local_cuboid": null,