{
    "camera_data": {
        "camera_look_at": {
            "at": [
                1.0,
                0.0,
                0.0
            ],
            "eye": [
                -0.30000001192092896,
                0.0,
                0.0
            ],
            "up": [
                0.0,
                0.0,
                1.0
            ]
        },
        "camera_view_matrix": [
            [
                0.0,
                0.0,
                1.0,
                0.0
            ],
            [
                -1.0,
                0.0,
                0.0,
                0.0
            ],
            [
                0.0,
                -1.0,
                0.0,
                0.0
            ],
            [
                0.0,
                0.0,
                0.30000001192092896,
                1.0
            ]
        ],
        "height": 761,
        "intrinsics": {
            "cx": 358.0,
            "cy": 380.5,
            "fx": 189.840087890625,
            "fy": 189.840087890625
        },
        "location_worldframe": [
            -0.30000001192092896,
            0.0,
            -0.0
        ],
        "quaternion_xyzw_worldframe": [
            -0.5,
            0.5,
            -0.5,
            0.5
        ],
        "width": 716
    },
    "objects": [
        {
            "bounding_box_minx_maxx_miny_maxy": [
                417,
                435,
                401,
                454
            ],
            "class": "zuvacky",
            "local_cuboid": null,
            "local_to_world_matrix": [
                [
                    -1.311002492904663,
                    0.29099348187446594,
                    -7.886481285095215,
                    0.0
                ],
                [
                    -7.885024547576904,
                    -0.38069218397140503,
                    1.2967137098312378,
                    0.0
                ],
                [
                    -0.32812273502349854,
                    7.9856367111206055,
                    0.34919723868370056,
                    -0.0
                ],
                [
                    1.7220208644866943,
                    -0.7186912894248962,
                    -0.4799901843070984,
                    1.0
                ]
            ],
            "location": [
                0.7186912894248962,
                0.4799901843070984,
                2.0220208168029785
            ],
            "location_worldframe": [
                1.7220208644866943,
                -0.7186912894248962,
                -0.4799901843070984
            ],
            "name": "hope_zuvacky_0",
            "projected_cuboid": [
                [
                    416.8740565776825,
                    451.7945806980133
                ],
                [
                    416.1855924129486,
                    400.36852568387985
                ],
                [
                    418.7905066013336,
                    399.9067243337631
                ],
                [
                    419.62705969810486,
                    453.407732963562
                ],
                [
                    433.1724171638489,
                    452.26350343227386
                ],
                [
                    431.79753732681274,
                    400.99357455968857
                ],
                [
                    434.9993736743927,
                    400.55767327547073
                ],
                [
                    436.57705426216125,
                    453.88962841033936
                ],
                [
                    425.97597789764404,
                    426.0651558637619
                ]
            ],
            "provenance": "nvisii",
            "px_count_all": 0,
            "px_count_visib": 0,
            "quaternion_xyzw": [
                -1.772238850593567,
                -1.4550226926803589,
                1.7611749172210693,
                3.2446212768554688
            ],
            "quaternion_xyzw_worldframe": [
                -2.355353832244873,
                2.661506175994873,
                0.871907651424408,
                2.344290018081665
            ],
            "segmentation_id": 1,
            "visibility": 1
        },
        {
            "bounding_box_minx_maxx_miny_maxy": [
                274,
                361,
                359,
                390
            ],
            "class": "lentilky",
            "local_cuboid": null,
            "local_to_world_matrix": [
                [
                    -3.3632538318634033,
                    7.219330310821533,
                    0.7548640966415405,
                    -0.0
                ],
                [
                    3.1224000453948975,
                    0.6878430843353271,
                    7.333314895629883,
                    -0.0
                ],
                [
                    6.552797794342041,
                    3.3775975704193115,
                    -3.1068782806396484,
                    -0.0
                ],
                [
                    1.5429719686508179,
                    0.37354758381843567,
                    0.05086202546954155,
                    1.0
                ]
            ],
            "location": [
                -0.37354758381843567,
                -0.05086202546954155,
                1.8429720401763916
            ],
            "location_worldframe": [
                1.5429719686508179,
                0.37354758381843567,
                0.05086202546954155
            ],
            "name": "hope_lentilky_1",
            "projected_cuboid": [
                [
                    273.7979989051819,
                    383.9091018438339
                ],
                [
                    354.5935491323471,
                    390.42593944072723
                ],
                [
                    353.3636428117752,
                    375.6566423177719
                ],
                [
                    275.4517297744751,
                    366.60243740677834
                ],
                [
                    275.0066307783127,
                    375.9030558168888
                ],
                [
                    361.7039303779602,
                    384.32681411504745
                ],
                [
                    360.13670563697815,
                    368.6908853650093
                ],
                [
                    276.7552751302719,
                    357.40829956531525
                ],
                [
                    320.0224653482437,
                    375.76148995757103
                ]
            ],
            "provenance": "nvisii",
            "px_count_all": 0,
            "px_count_visib": 0,
            "quaternion_xyzw": [
                -0.23888450860977173,
                0.17425662279129028,
                3.064241409301758,
                -0.6211654543876648
            ],
            "quaternion_xyzw_worldframe": [
                1.8103893995285034,
                1.4281084537506104,
                1.8750172853469849,
                1.0149673223495483
            ],
            "segmentation_id": 2,
            "visibility": 1
        },
        {
            "bounding_box_minx_maxx_miny_maxy": [
                356,
                432,
                435,
                465
            ],
            "class": "lentilky",
            "local_cuboid": null,