{
    "camera_data": {
        "camera_look_at": {
            "at": [
                1.0,
                0.0,
                0.0
            ],
            "eye": [
                -0.30000001192092896,
                0.0,
                0.0
            ],
            "up": [
                0.0,
                0.0,
                1.0
            ]
        },
        "camera_view_matrix": [
            [
                0.0,
                0.0,
                1.0,
                0.0
            ],
            [
                -1.0,
                0.0,
                0.0,
                0.0
            ],
            [
                0.0,
                -1.0,
                0.0,
                0.0
            ],
            [
                0.0,
                0.0,
                0.30000001192092896,
                1.0
            ]
        ],
        "height": 761,
        "intrinsics": {
            "cx": 358.0,
            "cy": 380.5,
            "fx": 189.840087890625,
            "fy": 189.840087890625
        },
        "location_worldframe": [
            -0.30000001192092896,
            0.0,
            -0.0
        ],
        "quaternion_xyzw_worldframe": [
            -0.5,
            0.5,
            -0.5,
            0.5
        ],
        "width": 716
    },
    "objects": [
        {
            "bounding_box_minx_maxx_miny_maxy": [
                420,
                441,
                438,
                463
            ],
            "class": "zuvacky",
            "local_cuboid": null,
            "local_to_world_matrix": [
                [
                    -4.842523574829102,
                    0.8791736364364624,
                    -6.306903839111328,
                    -0.0
                ],
                [
                    3.00228214263916,
                    -6.672268867492676,
                    -3.2352962493896484,
                    0.0
                ],
                [
                    -5.615716934204102,
                    -4.325262546539307,
                    3.708885669708252,
                    0.0
                ],
                [
                    1.6813626289367676,
                    -0.732487678527832,
                    -0.5455282330513,
                    1.0
                ]
            ],
            "location": [
                0.732487678527832,
                0.5455282330513,
                1.9813625812530518
            ],
            "location_worldframe": [
                1.6813626289367676,
                -0.732487678527832,
                -0.5455282330513
            ],
            "name": "hope_zuvacky_0",
            "projected_cuboid": [
                [
                    436.71046233177185,
                    457.7021543979645
                ],
                [
                    429.7491729259491,
                    406.14959275722504
                ],
                [
                    434.76409578323364,
                    408.7156950831413
                ],
                [
                    442.5403437614441,
                    459.87118285894394
                ],
                [
                    421.83136558532715,
                    460.9294568300247
                ],
                [
                    417.4967129230499,
                    411.79680502414703
                ],
                [
                    422.39841389656067,
                    414.14400416612625
                ],
                [
                    427.5167429447174,
                    462.90575432777405
                ],
                [
                    428.6824631690979,
                    433.26927506923676
                ]
            ],
            "provenance": "nvisii",
            "px_count_all": 0,
            "px_count_visib": 0,
            "quaternion_xyzw": [
                -1.4094849824905396,
                -2.0844645500183105,
                -0.33408600091934204,
                -0.8679990768432617
            ],
            "quaternion_xyzw_worldframe": [
                -1.4800182580947876,
                -0.9385323524475098,
                2.0139312744140625,
                -0.263552725315094
            ],
            "segmentation_id": 1,
            "visibility": 1
        },
        {
            "bounding_box_minx_maxx_miny_maxy": [
                283,
                366,
                351,
                382
            ],
            "class": "lentilky",
            "local_cuboid": null,
            "local_to_world_matrix": [
                [
                    -0.06648276746273041,
                    7.8871870040893555,
                    1.3371089696884155,
                    -0.0
                ],
                [
                    7.981069087982178,
                    -0.02586865797638893,
                    0.5494186878204346,
                    -0.0
                ],
                [
                    0.5459945201873779,
                    1.3385107517242432,
                    -7.868307590484619,
                    -0.0
                ],
                [
                    1.6384644508361816,
                    0.32978588342666626,
                    0.1521967351436615,
                    1.0
                ]
            ],
            "location": [
                -0.32978588342666626,
                -0.1521967351436615,
                1.9384644031524658
            ],
            "location_worldframe": [
                1.6384644508361816,
                0.32978588342666626,
                0.1521967351436615
            ],
            "name": "hope_lentilky_1",
            "projected_cuboid": [
                [
                    282.7888321876526,
                    368.0475794374943
                ],
                [
                    363.559565782547,
                    381.74098056554794
                ],
                [
                    363.1762843132019,
                    380.5498950481415
                ],
                [
                    289.3941320180893,
                    368.03757774829865
                ],
                [
                    285.3308832645416,
                    350.11641043424606
                ],
                [
                    366.6174955368042,
                    363.9633295536041
                ],
                [
                    365.9665870666504,
                    364.3076961040497
                ],
                [
                    291.75425136089325,
                    351.6673526465893
                ],
                [
                    326.203705906868,
                    366.09552639722824
                ]
            ],
            "provenance": "nvisii",
            "px_count_all": 0,
            "px_count_visib": 0,
            "quaternion_xyzw": [
                0.3585094213485718,
                1.9834250211715698,
                2.1671595573425293,
                -0.8072932958602905
            ],
            "quaternion_xyzw_worldframe": [
                2.658193588256836,
                1.4923908710479736,
                0.3162592053413391,
                -0.13252466917037964
            ],
            "segmentation_id": 2,
            "visibility": 1
        },
        {
            "bounding_box_minx_maxx_miny_maxy": [
                357,
                435,
                438,
                463
            ],
            "class": "lentilky",
            "local_cuboid": null,