{
    "camera_data": {
        "camera_look_at": {
            "at": [
                1.0,
                0.0,
                0.0
            ],
            "eye": [
                -0.30000001192092896,
                0.0,
                0.0
            ],
            "up": [
                0.0,
                0.0,
                1.0
            ]
        },
        "camera_view_matrix": [
            [
                0.0,
                0.0,
                1.0,
                0.0
            ],
            [
                -1.0,
                0.0,
                0.0,
                0.0
            ],
            [
                0.0,
                -1.0,
                0.0,
                0.0
            ],
            [
                0.0,
                0.0,
                0.30000001192092896,
                1.0
            ]
        ],
        "height": 761,
        "intrinsics": {
            "cx": 358.0,
            "cy": 380.5,
            "fx": 189.840087890625,
            "fy": 189.840087890625
        },
        "location_worldframe": [
            -0.30000001192092896,
            0.0,
            -0.0
        ],
        "quaternion_xyzw_worldframe": [
            -0.5,
            0.5,
            -0.5,
            0.5
        ],
        "width": 716
    },
    "objects": [
        {
            "bounding_box_minx_maxx_miny_maxy": [
                420,
                431,
                396,
                443
            ],
            "class": "zuvacky",
            "local_cuboid": null,
            "local_to_world_matrix": [
                [
                    0.4645805358886719,
                    0.40248799324035645,
                    -7.976351737976074,
                    -0.0
                ],
                [
                    -2.359222650527954,
                    -7.626358509063721,
                    -0.5222397446632385,
                    0.0
                ],
                [
                    -7.630087852478027,
                    2.3825762271881104,
                    -0.32418733835220337,
                    -0.0
                ],
                [
                    1.6085948944091797,
                    -0.6698698401451111,
                    -0.42163097858428955,
                    1.0
                ]
            ],
            "location": [
                0.6698698401451111,
                0.42163097858428955,
                1.9085948467254639
            ],
            "location_worldframe": [
                1.6085948944091797,
                -0.6698698401451111,
                -0.42163097858428955
            ],
            "name": "hope_zuvacky_0",
            "projected_cuboid": [
                [
                    419.1596620082855,
                    452.1072412133217
                ],
                [
                    423.06596636772156,
                    396.78601586818695
                ],
                [
                    431.96995210647583,
                    397.5449649095535
                ],
                [
                    427.8594386577606,
                    453.5667620897293
                ],
                [
                    419.0450744628906,
                    445.5283976793289
                ],
                [
                    422.61977910995483,
                    394.77261459827423
                ],
                [
                    430.7577567100525,
                    395.4425236582756
                ],
                [
                    427.01204562187195,
                    446.7874765396118
                ],
                [
                    425.1299078464508,
                    422.9385507106781
                ]
            ],
            "provenance": "nvisii",
            "px_count_all": 0,
            "px_count_visib": 0,
            "quaternion_xyzw": [
                1.961398720741272,
                2.115889549255371,
                -0.9005374312400818,
                0.10834312438964844
            ],
            "quaternion_xyzw_worldframe": [
                1.5342038869857788,
                -0.3188517987728119,
                -2.5430843830108643,
                -0.47334253787994385
            ],
            "segmentation_id": 1,
            "visibility": 1
        },
        {
            "bounding_box_minx_maxx_miny_maxy": [
                275,
                360,
                369,
                407
            ],
            "class": "lentilky",
            "local_cuboid": null,
            "local_to_world_matrix": [
                [
                    -5.748444080352783,
                    5.338948726654053,
                    -1.5655732154846191,
                    -0.0
                ],
                [
                    5.4722490310668945,
                    5.8320441246032715,
                    -0.20435458421707153,
                    -0.0
                ],
                [
                    1.0049316883087158,
                    -1.2177408933639526,
                    -7.842653274536133,
                    -0.0
                ],
                [
                    1.4532926082611084,
                    0.32198235392570496,
                    -0.034407973289489746,
                    1.0
                ]
            ],
            "location": [
                -0.32198235392570496,
                0.034407973289489746,
                1.7532925605773926
            ],
            "location_worldframe": [
                1.4532926082611084,
                0.32198235392570496,
                -0.034407973289489746
            ],
            "name": "hope_lentilky_1",
            "projected_cuboid": [
                [
                    289.9761172533035,
                    407.35927551984787
                ],
                [
                    360.6466522216797,
                    384.82785111665726
                ],
                [
                    348.99126374721527,
                    385.01382356882095
                ],
                [
                    279.49692618846893,
                    405.85008639097214
                ],
                [
                    285.24305415153503,
                    384.2907082438469
                ],
                [
                    358.08838391304016,
                    368.2395846545696
                ],
                [
                    346.4570652246475,
                    369.383088439703
                ],
                [
                    274.9870420694351,
                    384.59257328510284
                ],
                [
                    323.6376277208328,
                    384.72624665498734
                ]
            ],
            "provenance": "nvisii",
            "px_count_all": 0,
            "px_count_visib": 0,
            "quaternion_xyzw": [
                -0.3108596205711365,
                1.6643403768539429,
                1.7913994789123535,
                0.7525975108146667
            ],
            "quaternion_xyzw_worldframe": [
                1.1961413621902466,
                2.25959849357605,
                -0.157339408993721,
                0.2843984067440033
            ],
            "segmentation_id": 2,
            "visibility": 1
        },
        {
            "bounding_box_minx_maxx_miny_maxy": [
                352,
                430,
                433,
                461
            ],
            "class": "lentilky",
            "local_cuboid": null,