{
    "camera_data": {
        "camera_look_at": {
            "at": [
                1.0,
                0.0,
                0.0
            ],
            "eye": [
                -0.30000001192092896,
                0.0,
                0.0
            ],
            "up": [
                0.0,
                0.0,
                1.0
            ]
        },
        "camera_view_matrix": [
            [
                0.0,
                0.0,
                1.0,
                0.0
            ],
            [
                -1.0,
                0.0,
                0.0,
                0.0
            ],
            [
                0.0,
                -1.0,
                0.0,
                0.0
            ],
            [
                0.0,
                0.0,
                0.30000001192092896,
                1.0
            ]
        ],
        "height": 761,
        "intrinsics": {
            "cx": 358.0,
            "cy": 380.5,
            "fx": 189.840087890625,
            "fy": 189.840087890625
        },
        "location_worldframe": [
            -0.30000001192092896,
            0.0,
            -0.0
        ],
        "quaternion_xyzw_worldframe": [
            -0.5,
            0.5,
            -0.5,
            0.5
        ],
        "width": 716
    },
    "objects": [
        {
            "bounding_box_minx_maxx_miny_maxy": [
                412,
                438,
                412,
                442
            ],
            "class": "zuvacky",
            "local_cuboid": null,
            "local_to_world_matrix": [
                [
                    -6.411109447479248,
                    2.8583550453186035,
                    3.8376471996307373,
                    -0.0
                ],
                [
                    -3.00085186958313,
                    2.595916986465454,
                    -6.946662902832031,
                    0.0
                ],
                [
                    -3.727280378341675,
                    -7.006500244140625,
                    -1.0081532001495361,
                    -0.0
                ],
                [
                    1.3660026788711548,
                    -0.5992365479469299,
                    -0.415043443441391,
                    1.0
                ]
            ],
            "location": [
                0.5992365479469299,
                0.415043443441391,
                1.6660027503967285
            ],
            "location_worldframe": [
                1.3660026788711548,
                -0.5992365479469299,
                -0.415043443441391
            ],
            "name": "hope_zuvacky_0",
            "projected_cuboid": [
                [
                    437.54620456695557,
                    415.8333144187927
                ],
                [
                    438.858690738678,
                    434.32387495040894
                ],
                [
                    437.48193311691284,
                    442.4135405421257
                ],
                [
                    435.7099871635437,
                    426.05789840221405
                ],
                [
                    413.78053426742554,
                    411.1346977353096
                ],
                [
                    420.3781735897064,
                    429.8995903134346
                ],
                [
                    418.7701497077942,
                    437.57240545749664
                ],
                [
                    411.56261444091797,
                    420.6948611140251
                ],
                [
                    426.78338265419006,
                    428.2946480512619
                ]
            ],
            "provenance": "nvisii",
            "px_count_all": 0,
            "px_count_visib": 0,
            "quaternion_xyzw": [
                -0.35926246643066406,
                2.439863443374634,
                -0.8018746376037598,
                1.3216612339019775
            ],
            "quaternion_xyzw_worldframe": [
                -0.02146739698946476,
                1.6594562530517578,
                -2.1020684242248535,
                -1.13966965675354
            ],
            "segmentation_id": 1,
            "visibility": 1
        },
        {
            "bounding_box_minx_maxx_miny_maxy": [
                305,
                387,
                333,
                375
            ],
            "class": "lentilky",
            "local_cuboid": null,
            "local_to_world_matrix": [
                [
                    -0.1714591383934021,
                    7.719475746154785,
                    -2.092916250228882,
                    -0.0
                ],
                [
                    -2.7471420764923096,
                    -2.0228805541992188,
                    -7.2361016273498535,
                    0.0
                ],
                [
                    -7.511578559875488,
                    0.5636054277420044,
                    2.6941678524017334,
                    -0.0
                ],
                [
                    1.6477179527282715,
                    0.11690332740545273,
                    0.2777787148952484,
                    1.0
                ]
            ],
            "location": [
                -0.11690332740545273,
                -0.2777787148952484,
                1.9477179050445557
            ],
            "location_worldframe": [
                1.6477179527282715,
                0.11690332740545273,
                0.2777787148952484
            ],
            "name": "hope_lentilky_1",
            "projected_cuboid": [
                [
                    305.0393649339676,
                    352.58950385451317
                ],
                [
                    382.4933545589447,
                    331.9764533340931
                ],
                [
                    387.86292266845703,
                    346.7631910443306
                ],
                [
                    307.89622235298157,
                    368.19721922278404
                ],
                [
                    310.4919183254242,
                    360.361088514328
                ],
                [
                    381.7147567272186,
                    341.3299378156662
                ],
                [
                    386.61918902397156,
                    355.1815969645977
                ],
                [
                    313.2771852016449,
                    374.9095546901226
                ],
                [
                    347.1063733100891,
                    353.9261241555214
                ]
            ],
            "provenance": "nvisii",
            "px_count_all": 0,
            "px_count_visib": 0,
            "quaternion_xyzw": [
                0.16958856582641602,
                -3.3618831634521484,
                0.008049607276916504,
                0.7737196683883667
            ],
            "quaternion_xyzw_worldframe": [
                -1.9789823293685913,
                -1.3748513460159302,
                1.2133123874664307,
                2.156620502471924
            ],
            "segmentation_id": 2,
            "visibility": 1
        },
        {
            "bounding_box_minx_maxx_miny_maxy": [
                348,
                453,
                439,
                479
            ],
            "class": "lentilky",
            "local_cuboid": null,