{
    "camera_data": {
        "camera_look_at": {
            "at": [
                1.0,
                0.0,
                0.0
            ],
            "eye": [
                -0.30000001192092896,
                0.0,
                0.0
            ],
            "up": [
                0.0,
                0.0,
                1.0
            ]
        },
        "camera_view_matrix": [
            [
                0.0,
                0.0,
                1.0,
                0.0
            ],
            [
                -1.0,
                0.0,
                0.0,
                0.0
            ],
            [
                0.0,
                -1.0,
                0.0,
                0.0
            ],
            [
                0.0,
                0.0,
                0.30000001192092896,
                1.0
            ]
        ],
        "height": 761,
        "intrinsics": {
            "cx": 358.0,
            "cy": 380.5,
            "fx": 189.840087890625,
            "fy": 189.840087890625
        },
        "location_worldframe": [
            -0.30000001192092896,
            0.0,
            -0.0
        ],
        "quaternion_xyzw_worldframe": [
            -0.5,
            0.5,
            -0.5,
            0.5
        ],
        "width": 716
    },
    "objects": [
        {
            "bounding_box_minx_maxx_miny_maxy": [
                424,
                439,
                434,
                458
            ],
            "class": "zuvacky",
            "local_cuboid": null,
            "local_to_world_matrix": [
                [
                    -3.662374496459961,
                    -0.32870855927467346,
                    -7.104855537414551,
                    0.0
                ],
                [
                    -3.549659013748169,
                    -6.840583801269531,
                    2.146242380142212,
                    0.0
                ],
                [
                    -6.163354873657227,
                    4.135019302368164,
                    2.985746383666992,
                    -0.0
                ],
                [
                    1.700992226600647,
                    -0.7339542508125305,
                    -0.5082335472106934,
                    1.0
                ]
            ],
            "location": [
                0.7339542508125305,
                0.5082335472106934,
                2.0009922981262207
            ],
            "location_worldframe": [
                1.700992226600647,
                -0.7339542508125305,
                -0.5082335472106934
            ],
            "name": "hope_zuvacky_0",
            "projected_cuboid": [
                [
                    427.6673924922943,
                    456.6370765566826
                ],
                [
                    417.3233165740967,
                    403.3699396252632
                ],
                [
                    424.7127408981323,
                    401.761867582798
                ],
                [
                    436.2893691062927,
                    455.8611631989479
                ],
                [
                    431.6893939971924,
                    457.76556646823883
                ],
                [
                    421.52669501304626,
                    407.6379166841507
                ],
                [
                    428.52413177490234,
                    406.1997146010399
                ],
                [
                    439.77863454818726,
                    457.06503999233246
                ],
                [
                    428.13312578201294,
                    429.21829611063004
                ]
            ],
            "provenance": "nvisii",
            "px_count_all": 0,
            "px_count_visib": 0,
            "quaternion_xyzw": [
                -2.024038553237915,
                -1.6220433712005615,
                0.7042545676231384,
                0.5439333915710449
            ],
            "quaternion_xyzw_worldframe": [
                -1.7428804636001587,
                0.8250914812088013,
                1.9032015800476074,
                0.42309632897377014
            ],
            "segmentation_id": 1,
            "visibility": 1
        },
        {
            "bounding_box_minx_maxx_miny_maxy": [
                273,
                359,
                353,
                389
            ],
            "class": "lentilky",
            "local_cuboid": null,
            "local_to_world_matrix": [
                [
                    -1.359931230545044,
                    7.771392822265625,
                    1.3251583576202393,
                    -0.0
                ],
                [
                    -3.434495687484741,
                    0.6263842582702637,
                    -7.198047161102295,
                    0.0
                ],
                [
                    -7.096113681793213,
                    -1.7925124168395996,
                    3.229872226715088,
                    -0.0
                ],
                [
                    1.58968985080719,
                    0.39433467388153076,
                    0.09607088565826416,
                    1.0
                ]
            ],
            "location": [
                -0.39433467388153076,
                -0.09607088565826416,
                1.8896899223327637
            ],
            "location_worldframe": [
                1.58968985080719,
                0.39433467388153076,
                0.09607088565826416
            ],
            "name": "hope_lentilky_1",
            "projected_cuboid": [
                [
                    277.9044580459595,
                    351.477774143219
                ],
                [
                    360.56432843208313,
                    366.69190829992294
                ],
                [
                    359.2286260128021,
                    382.4268560409546
                ],
                [
                    272.8009592294693,
                    367.7932054102421
                ],
                [
                    280.53453028202057,
                    360.8187621831894
                ],
                [
                    356.79847383499146,
                    374.274821639061
                ],
                [
                    355.4247249364853,
                    389.0670251250267
                ],
                [
                    275.96566665172577,
                    376.14531895518303
                ],
                [
                    318.885445356369,
                    371.34929352998734
                ]
            ],
            "provenance": "nvisii",
            "px_count_all": 0,
            "px_count_visib": 0,
            "quaternion_xyzw": [
                1.0617831945419312,
                -3.470890998840332,
                0.15797507762908936,
                0.3392096757888794
            ],
            "quaternion_xyzw_worldframe": [
                -1.2951712608337402,
                -2.017744779586792,
                1.1139366626739502,
                2.5149295330047607
            ],
            "segmentation_id": 2,
            "visibility": 1
        },
        {
            "bounding_box_minx_maxx_miny_maxy": [
                358,
                434,
                437,
                463
            ],
            "class": "lentilky",
            "local_cuboid": null,