{
    "camera_data": {
        "camera_look_at": {
            "at": [
                1.0,
                0.0,
                0.0
            ],
            "eye": [
                -0.30000001192092896,
                0.0,
                0.0
            ],
            "up": [
                0.0,
                0.0,
                1.0
            ]
        },
        "camera_view_matrix": [
            [
                0.0,
                0.0,
                1.0,
                0.0
            ],
            [
                -1.0,
                0.0,
                0.0,
                0.0
            ],
            [
                0.0,
                -1.0,
                0.0,
                0.0
            ],
            [
                0.0,
                0.0,
                0.30000001192092896,
                1.0
            ]
        ],
        "height": 761,
        "intrinsics": {
            "cx": 358.0,
            "cy": 380.5,
            "fx": 189.840087890625,
            "fy": 189.840087890625
        },
        "location_worldframe": [
            -0.30000001192092896,
            0.0,
            -0.0
        ],
        "quaternion_xyzw_worldframe": [
            -0.5,
            0.5,
            -0.5,
            0.5
        ],
        "width": 716
    },
    "objects": [
        {
            "bounding_box_minx_maxx_miny_maxy": [
                431,
                442,
                441,
                462
            ],
            "class": "zuvacky",
            "local_cuboid": null,
            "local_to_world_matrix": [
                [
                    -5.83033561706543,
                    1.2595829963684082,
                    -5.3311052322387695,
                    -0.0
                ],
                [
                    3.8092899322509766,
                    -4.662722110748291,
                    -5.267671585083008,
                    0.0
                ],
                [
                    -3.9365651607513428,
                    -6.377500534057617,
                    2.7983856201171875,
                    0.0
                ],
                [
                    1.6794298887252808,
                    -0.7320083975791931,
                    -0.5678603649139404,
                    1.0
                ]
            ],
            "location": [
                0.7320083975791931,
                0.5678603649139404,
                1.9794299602508545
            ],
            "location_worldframe": [
                1.6794298887252808,
                -0.7320083975791931,
                -0.5678603649139404
            ],
            "name": "hope_zuvacky_0",
            "projected_cuboid": [
                [
                    439.79130959510803,
                    457.4290016889572
                ],
                [
                    432.24227356910706,
                    410.57024866342545
                ],
                [
                    435.04836678504944,
                    414.69103533029556
                ],
                [
                    443.06697702407837,
                    461.46369671821594
                ],
                [
                    421.13914585113525,
                    460.2362331748009
                ],
                [
                    417.2454311847687,
                    414.71503031253815
                ],
                [
                    420.198034286499,
                    418.6060276031494
                ],
                [
                    424.64633560180664,
                    464.0234034061432
                ],
                [
                    428.7050392627716,
                    435.4621170759201
                ]
            ],
            "provenance": "nvisii",
            "px_count_all": 0,
            "px_count_visib": 0,
            "quaternion_xyzw": [
                -0.9564885497093201,
                -2.1594643592834473,
                -0.6064901947975159,
                -1.2709394693374634
            ],
            "quaternion_xyzw_worldframe": [
                -1.2257518768310547,
                -1.5402027368545532,
                1.890201210975647,
                -0.337226927280426
            ],
            "segmentation_id": 1,
            "visibility": 1
        },
        {
            "bounding_box_minx_maxx_miny_maxy": [
                292,
                372,
                348,
                375
            ],
            "class": "lentilky",
            "local_cuboid": null,
            "local_to_world_matrix": [
                [
                    1.187346339225769,
                    7.880562782287598,
                    0.6978054642677307,
                    -0.0
                ],
                [
                    2.985307216644287,
                    -1.0997471809387207,
                    7.340198040008545,
                    0.0
                ],
                [
                    7.326537132263184,
                    -0.8290245532989502,
                    -3.103961229324341,
                    -0.0
                ],
                [
                    1.688077688217163,
                    0.2598520517349243,
                    0.20965328812599182,
                    1.0
                ]
            ],
            "location": [
                -0.2598520517349243,
                -0.20965328812599182,
                1.9880776405334473
            ],
            "location_worldframe": [
                1.688077688217163,
                0.2598520517349243,
                0.20965328812599182
            ],
            "name": "hope_lentilky_1",
            "projected_cuboid": [
                [
                    298.9845974445343,
                    369.2527262866497
                ],
                [
                    371.1023283004761,
                    375.2494080066681
                ],
                [
                    372.94618487358093,
                    360.42259550094604
                ],
                [
                    302.9190685749054,
                    355.42283952236176
                ],
                [
                    292.23417472839355,
                    361.57065787911415
                ],
                [
                    370.3139147758484,
                    367.5973673462868
                ],
                [
                    372.3432879447937,
                    351.7671654224396
                ],
                [
                    296.70748472213745,
                    346.87835788726807
                ],
                [
                    333.68761694431305,
                    360.98101180791855
                ]
            ],
            "provenance": "nvisii",
            "px_count_all": 0,
            "px_count_visib": 0,
            "quaternion_xyzw": [
                -0.4281885623931885,
                0.1051558256149292,
                3.307929277420044,
                0.4568430185317993
            ],
            "quaternion_xyzw_worldframe": [
                1.2640267610549927,
                2.1490583419799805,
                1.587059497833252,
                1.6157139539718628
            ],
            "segmentation_id": 2,
            "visibility": 1
        },
        {
            "bounding_box_minx_maxx_miny_maxy": [
                356,
                436,
                436,
                468
            ],
            "class": "lentilky",
            "local_cuboid": null,