{
    "camera_data": {
        "camera_look_at": {
            "at": [
                1.0,
                0.0,
                0.0
            ],
            "eye": [
                -0.30000001192092896,
                0.0,
                0.0
            ],
            "up": [
                0.0,
                0.0,
                1.0
            ]
        },
        "camera_view_matrix": [
            [
                0.0,
                0.0,
                1.0,
                0.0
            ],
            [
                -1.0,
                0.0,
                0.0,
                0.0
            ],
            [
                0.0,
                -1.0,
                0.0,
                0.0
            ],
            [
                0.0,
                0.0,
                0.30000001192092896,
                1.0
            ]
        ],
        "height": 761,
        "intrinsics": {
            "cx": 358.0,
            "cy": 380.5,
            "fx": 189.840087890625,
            "fy": 189.840087890625
        },
        "location_worldframe": [
            -0.30000001192092896,
            0.0,
            -0.0
        ],
        "quaternion_xyzw_worldframe": [
            -0.5,
            0.5,
            -0.5,
            0.5
        ],
        "width": 716
    },
    "objects": [
        {
            "bounding_box_minx_maxx_miny_maxy": [
                419,
                435,
                395,
                445
            ],
            "class": "zuvacky",
            "local_cuboid": null,
            "local_to_world_matrix": [
                [
                    1.603703260421753,
                    0.3763731122016907,
                    -7.8285675048828125,
                    -0.0
                ],
                [
                    3.871312379837036,
                    6.909900665283203,
                    1.1252553462982178,
                    -0.0
                ],
                [
                    6.814768314361572,
                    -4.013926029205322,
                    1.2030467987060547,
                    -0.0
                ],
                [
                    1.517704725265503,
                    -0.6537514328956604,
                    -0.4016386866569519,
                    1.0
                ]
            ],
            "location": [
                0.6537514328956604,
                0.4016386866569519,
                1.817704677581787
            ],
            "location_worldframe": [
                1.517704725265503,
                -0.6537514328956604,
                -0.4016386866569519
            ],
            "name": "hope_zuvacky_0",
            "projected_cuboid": [
                [
                    429.36759853363037,
                    446.01292395591736
                ],
                [
                    436.2880461215973,
                    394.346374809742
                ],
                [
                    427.6047854423523,
                    392.91819709539413
                ],
                [
                    421.302086353302,
                    443.64681005477905
                ],
                [
                    425.91448044776917,
                    454.32122057676315
                ],
                [
                    433.23096990585327,
                    398.5560653805733
                ],
                [
                    423.8546359539032,
                    396.9070340394974
                ],
                [
                    417.256911277771,
                    451.58279889822006
                ],
                [
                    426.778133392334,
                    422.94757717847824
                ]
            ],
            "provenance": "nvisii",
            "px_count_all": 0,
            "px_count_visib": 0,
            "quaternion_xyzw": [
                0.35949671268463135,
                0.9592414498329163,
                2.0622544288635254,
                1.8111200332641602
            ],
            "quaternion_xyzw_worldframe": [
                0.784936249256134,
                2.2365596294403076,
                -0.5338019132614136,
                1.636814832687378
            ],
            "segmentation_id": 1,
            "visibility": 1
        },
        {
            "bounding_box_minx_maxx_miny_maxy": [
                281,
                358,
                365,
                425
            ],
            "class": "lentilky",
            "local_cuboid": null,
            "local_to_world_matrix": [
                [
                    -6.058820724487305,
                    4.341920852661133,
                    -2.904895067214966,
                    -0.0
                ],
                [
                    -4.363839149475098,
                    -1.7610201835632324,
                    6.469599723815918,
                    0.0
                ],
                [
                    2.871863603591919,
                    6.484329700469971,
                    3.702144145965576,
                    -0.0
                ],
                [
                    1.4097356796264648,
                    0.2969370186328888,
                    -0.07582344114780426,
                    1.0
                ]
            ],
            "location": [
                -0.2969370186328888,
                0.07582344114780426,
                1.709735631942749
            ],
            "location_worldframe": [
                1.4097356796264648,
                0.2969370186328888,
                -0.07582344114780426
            ],
            "name": "hope_lentilky_1",
            "projected_cuboid": [
                [
                    281.26488184928894,
                    413.1233329176903
                ],
                [
                    343.0269286632538,
                    377.4639090001583
                ],
                [
                    345.96707010269165,
                    363.7584650218487
                ],
                [
                    281.2216501235962,
                    395.9077269434929
                ],
                [
                    296.8647491931915,
                    425.4135265350342
                ],
                [
                    355.89184522628784,
                    384.97390753030777
                ],
                [
                    359.56701135635376,
                    371.19350758194923
                ],
                [
                    297.9478895664215,
                    408.26741075515747
                ],
                [
                    325.5303707122803,
                    389.4196923971176
                ]
            ],
            "provenance": "nvisii",
            "px_count_all": 0,
            "px_count_visib": 0,
            "quaternion_xyzw": [
                -1.1871212720870972,
                -0.5868669748306274,
                2.412553071975708,
                0.6478993892669678
            ],
            "quaternion_xyzw_worldframe": [
                -0.004667251370847225,
                1.8303533792495728,
                1.7693209648132324,
                1.230099081993103
            ],
            "segmentation_id": 2,
            "visibility": 1
        },
        {
            "bounding_box_minx_maxx_miny_maxy": [
                350,
                428,
                434,
                462
            ],
            "class": "lentilky",
            "local_cuboid": null,