{
    "camera_data": {
        "camera_look_at": {
            "at": [
                1.0,
                0.0,
                0.0
            ],
            "eye": [
                -0.30000001192092896,
                0.0,
                0.0
            ],
            "up": [
                0.0,
                0.0,
                1.0
            ]
        },
        "camera_view_matrix": [
            [
                0.0,
                0.0,
                1.0,
                0.0
            ],
            [
                -1.0,
                0.0,
                0.0,
                0.0
            ],
            [
                0.0,
                -1.0,
                0.0,
                0.0
            ],
            [
                0.0,
                0.0,
                0.30000001192092896,
                1.0
            ]
        ],
        "height": 761,
        "intrinsics": {
            "cx": 358.0,
            "cy": 380.5,
            "fx": 189.840087890625,
            "fy": 189.840087890625
        },
        "location_worldframe": [
            -0.30000001192092896,
            0.0,
            -0.0
        ],
        "quaternion_xyzw_worldframe": [
            -0.5,
            0.5,
            -0.5,
            0.5
        ],
        "width": 716
    },
    "objects": [
        {
            "bounding_box_minx_maxx_miny_maxy": [
                417,
                443,
                392,
                456
            ],
            "class": "zuvacky",
            "local_cuboid": null,
            "local_to_world_matrix": [
                [
                    1.4829562902450562,
                    0.94076007604599,
                    -7.804860591888428,
                    -0.0
                ],
                [
                    1.0270291566848755,
                    -7.897629261016846,
                    -0.7568015456199646,
                    0.0
                ],
                [
                    -7.7939772605896,
                    -0.8616889119148254,
                    -1.5847572088241577,
                    -0.0
                ],
                [
                    1.4227828979492188,
                    -0.6373181939125061,
                    -0.3814575970172882,
                    1.0
                ]
            ],
            "location": [
                0.6373181939125061,
                0.3814575970172882,
                1.722782850265503
            ],
            "location_worldframe": [
                1.4227828979492188,
                -0.6373181939125061,
                -0.3814575970172882
            ],
            "name": "hope_zuvacky_0",
            "projected_cuboid": [
                [
                    423.42197728157043,
                    455.5303590297699
                ],
                [
                    435.24062633514404,
                    396.57450622320175
                ],
                [
                    444.16454219818115,
                    397.37663716077805
                ],
                [
                    431.8859212398529,
                    455.92697930336
                ],
                [
                    415.4757471084595,
                    445.0664148926735
                ],
                [
                    425.68125104904175,
                    391.27542531490326
                ],
                [
                    433.79302501678467,
                    392.0303827524185
                ],
                [
                    423.20492243766785,
                    445.4841725230217
                ],
                [
                    428.72923707962036,
                    423.0349388718605
                ]
            ],
            "provenance": "nvisii",
            "px_count_all": 0,
            "px_count_visib": 0,
            "quaternion_xyzw": [
                1.8575142621994019,
                2.1267900466918945,
                -0.11280542612075806,
                0.412403404712677
            ],
            "quaternion_xyzw_worldframe": [
                1.7295478582382202,
                0.2844369411468506,
                -2.2547566890716553,
                0.01516109611839056
            ],
            "segmentation_id": 1,
            "visibility": 1
        },
        {
            "bounding_box_minx_maxx_miny_maxy": [
                281,
                358,
                369,
                430
            ],
            "class": "lentilky",
            "local_cuboid": null,
            "local_to_world_matrix": [
                [
                    -6.320550441741943,
                    3.971270799636841,
                    -2.8774359226226807,
                    0.0
                ],
                [
                    -3.2744667530059814,
                    0.07687460631132126,
                    7.298764228820801,
                    0.0
                ],
                [
                    3.6508212089538574,
                    6.9442853927612305,
                    1.5647391080856323,
                    -0.0
                ],
                [
                    1.3584903478622437,
                    0.27564308047294617,
                    -0.10556937754154205,
                    1.0
                ]
            ],
            "location": [
                -0.27564308047294617,
                0.10556937754154205,
                1.6584904193878174
            ],
            "location_worldframe": [
                1.3584903478622437,
                0.27564308047294617,
                -0.10556937754154205
            ],
            "name": "hope_lentilky_1",
            "projected_cuboid": [
                [
                    284.9343719482422,
                    422.82093447446823
                ],
                [
                    344.37204134464264,
                    383.2938959002495
                ],
                [
                    343.6953773498535,
                    367.9713987708092
                ],
                [
                    280.7603979110718,
                    402.4210718870163
                ],
                [
                    302.1902747154236,
                    430.2137930393219
                ],
                [
                    358.5154519081116,
                    386.7040410041809
                ],
                [
                    358.3468780517578,
                    370.86265805363655
                ],
                [
                    298.73325169086456,
                    408.9405856728554
                ],
                [
                    326.94905841350555,
                    393.08471047878265
                ]
            ],
            "provenance": "nvisii",
            "px_count_all": 0,
            "px_count_visib": 0,
            "quaternion_xyzw": [
                -1.2662451267242432,
                -0.08741182088851929,
                2.617222309112549,
                1.0029816627502441
            ],
            "quaternion_xyzw_worldframe": [
                0.13029177486896515,
                2.3995184898376465,
                1.4839487075805664,
                1.2206852436065674
            ],
            "segmentation_id": 2,
            "visibility": 1
        },
        {
            "bounding_box_minx_maxx_miny_maxy": [
                349,
                427,
                433,
                468
            ],
            "class": "lentilky",
            "local_cuboid": null,