{
    "camera_data": {
        "camera_look_at": {
            "at": [
                1.0,
                0.0,
                0.0
            ],
            "eye": [
                -0.30000001192092896,
                0.0,
                0.0
            ],
            "up": [
                0.0,
                0.0,
                1.0
            ]
        },
        "camera_view_matrix": [
            [
                0.0,
                0.0,
                1.0,
                0.0
            ],
            [
                -1.0,
                0.0,
                0.0,
                0.0
            ],
            [
                0.0,
                -1.0,
                0.0,
                0.0
            ],
            [
                0.0,
                0.0,
                0.30000001192092896,
                1.0
            ]
        ],
        "height": 761,
        "intrinsics": {
            "cx": 358.0,
            "cy": 380.5,
            "fx": 189.840087890625,
            "fy": 189.840087890625
        },
        "location_worldframe": [
            -0.30000001192092896,
            0.0,
            -0.0
        ],
        "quaternion_xyzw_worldframe": [
            -0.5,
            0.5,
            -0.5,
            0.5
        ],
        "width": 716
    },
    "objects": [
        {
            "bounding_box_minx_maxx_miny_maxy": [
                428,
                442,
                440,
                457
            ],
            "class": "zuvacky",
            "local_cuboid": null,
            "local_to_world_matrix": [
                [
                    -7.329276084899902,
                    1.6289067268371582,
                    -2.761949300765991,
                    -0.0
                ],
                [
                    1.6281471252441406,
                    -4.045907497406006,
                    -6.706694602966309,
                    0.0
                ],
                [
                    -2.762397050857544,
                    -6.706510066986084,
                    3.375185251235962,
                    0.0
                ],
                [
                    1.7077910900115967,
                    -0.7349334359169006,
                    -0.5849882960319519,
                    1.0
                ]
            ],
            "location": [
                0.7349334359169006,
                0.5849882960319519,
                2.007791042327881
            ],
            "location_worldframe": [
                1.7077910900115967,
                -0.7349334359169006,
                -0.5849882960319519
            ],
            "name": "hope_zuvacky_0",
            "projected_cuboid": [
                [
                    439.4104607105255,
                    448.1300615668297
                ],
                [
                    430.7121350765228,
                    416.9773625135422
                ],
                [
                    433.6230001449585,
                    422.4125208258629
                ],
                [
                    443.0752990245819,
                    454.8331891298294
                ],
                [
                    420.92106676101685,
                    453.754821062088
                ],
                [
                    416.49764609336853,
                    422.20282554626465
                ],
                [
                    419.43228220939636,
                    427.4570009112358
                ],
                [
                    424.6294355392456,
                    460.18030536174774
                ],
                [
                    427.98990201950073,
                    436.3123286962509
                ]
            ],
            "provenance": "nvisii",
            "px_count_all": 0,
            "px_count_visib": 0,
            "quaternion_xyzw": [
                -0.4951748251914978,
                -2.1851558685302734,
                -0.2007235288619995,
                -1.4890660047531128
            ],
            "quaternion_xyzw_worldframe": [
                -0.6959941387176514,
                -1.6898852586746216,
                1.9843366146087646,
                9.56996955210343e-05
            ],
            "segmentation_id": 1,
            "visibility": 1
        },
        {
            "bounding_box_minx_maxx_miny_maxy": [
                304,
                379,
                345,
                368
            ],
            "class": "lentilky",
            "local_cuboid": null,
            "local_to_world_matrix": [
                [
                    3.246272087097168,
                    7.311498165130615,
                    0.06095993518829346,
                    -0.0
                ],
                [
                    -6.646746635437012,
                    2.978712797164917,
                    -3.3087806701660156,
                    0.0
                ],
                [
                    -3.046715497970581,
                    1.2920022010803223,
                    7.283422946929932,
                    -0.0
                ],
                [
                    1.7299994230270386,
                    0.19234634935855865,
                    0.2592739164829254,
                    1.0
                ]
            ],
            "location": [
                -0.19234634935855865,
                -0.2592739164829254,
                2.0299994945526123
            ],
            "location_worldframe": [
                1.7299994230270386,
                0.19234634935855865,
                0.2592739164829254
            ],
            "name": "hope_lentilky_1",
            "projected_cuboid": [
                [
                    312.6236734390259,
                    348.77795308828354
                ],
                [
                    377.5896050930023,
                    343.9002812206745
                ],
                [
                    372.11039996147156,
                    348.6667098104954
                ],
                [
                    303.4424797296524,
                    353.14447286725044
                ],
                [
                    316.3084418773651,
                    362.94921270012856
                ],
                [
                    379.6746289730072,
                    360.56724578142166
                ],
                [
                    374.56312823295593,
                    366.49210131168365
                ],
                [
                    307.66341972351074,
                    368.1424027085304
                ],
                [
                    340.5129803419113,
                    356.75406208634377
                ]
            ],
            "provenance": "nvisii",
            "px_count_all": 0,
            "px_count_visib": 0,
            "quaternion_xyzw": [
                -0.06188935041427612,
                -2.374324083328247,
                1.3624471426010132,
                0.13410842418670654
            ],
            "quaternion_xyzw_worldframe": [
                -0.6039373278617859,
                -0.4079395532608032,
                1.8322761058807373,
                1.9044952392578125
            ],
            "segmentation_id": 2,
            "visibility": 1
        },
        {
            "bounding_box_minx_maxx_miny_maxy": [
                357,
                436,
                436,
                471
            ],
            "class": "lentilky",
            "local_cuboid": null,