{
    "camera_data": {
        "camera_look_at": {
            "at": [
                1.0,
                0.0,
                0.0
            ],
            "eye": [
                0.0,
                0.0,
                0.0
            ],
            "up": [
                0.0,
                0.0,
                1.0
            ]
        },
        "camera_view_matrix": [
            [
                0.0,
                0.0,
                -1.0,
                0.0
            ],
            [
                -1.0,
                0.0,
                0.0,
                0.0
            ],
            [
                0.0,
                1.0,
                0.0,
                0.0
            ],
            [
                0.0,
                0.0,
                0.0,
                1.0
            ]
        ],
        "height": 500,
        "intrinsics": {
            "cx": 250.0,
            "cy": 250.0,
            "fx": 603.5535278320312,
            "fy": 603.5535278320312
        },
        "location_world": [
            0.0,
            0.0,
            0.0
        ],
        "quaternion_world_xyzw": [
            0.5,
            -0.5,
            -0.5,
            0.5
        ],
        "width": 500
    },
    "objects": [
        {
            "bounding_box_minx_maxx_miny_maxy": [
                103,
                499,
                1,
                243
            ],
            "class": "Cube",
            "local_cuboid": null,
            "local_to_world_matrix": [
                [
                    -0.0024902974255383015,
                    0.009005716070532799,
                    0.003563081147149205,
                    0.0
                ],
                [
                    0.0006720992969349027,
                    0.003830809611827135,
                    -0.009212665259838104,
                    0.0
                ],
                [
                    -0.00966161210089922,
                    -0.002054750919342041,
                    -0.0015592598356306553,
                    0.0
                ],
                [
                    1.0602108240127563,
                    -0.17221759259700775,
                    0.5993607640266418,
                    1.0
                ]
            ],
            "location": [
                0.17221759259700775,
                0.5993607640266418,
                -1.0602108240127563
            ],
            "location_world": [
                1.0602108240127563,
                -0.17221759259700775,
                0.5993607640266418
            ],
            "name": "hope_Cube_0",
            "projected_cuboid": [
                [
                    248.7579584121704,
                    -268.21112632751465
                ],
                [
                    102.47872769832611,
                    105.74392974376678
                ],
                [
                    109.75007712841034,
                    123.52147698402405
                ],
                [
                    199.21553134918213,
                    -104.20629382133484
                ],
                [
                    557.4395656585693,
                    -72.90512323379517
                ],
                [
                    419.7338819503784,
                    242.9589331150055
                ],
                [
                    316.69914722442627,
                    211.72471344470978
                ],
                [
                    403.0962586402893,
                    6.958290934562683
                ],
                [
                    292.84077882766724,
                    43.189287185668945
                ]
            ],
            "provenance": "nvisii",
            "quaternion_xyzw": [
                -0.11676248908042908,
                0.05732369422912598,
                -0.9731391668319702,
                -0.18994951248168945
            ],
            "quaternion_xyzw_world": [
                0.36187544465065,
                0.6685874462127686,
                -0.4213142395019531,
                -0.4945012629032135
            ],
            "segmentation_id": 1,
            "visibility": 1
        }
    ]
}