{
    "camera_data": {
        "camera_look_at": {
            "at": [
                1.0,
                0.0,
                0.0
            ],
            "eye": [
                0.0,
                0.0,
                0.0
            ],
            "up": [
                0.0,
                0.0,
                1.0
            ]
        },
        "camera_view_matrix": [
            [
                0.0,
                0.0,
                -1.0,
                0.0
            ],
            [
                -1.0,
                0.0,
                0.0,
                0.0
            ],
            [
                0.0,
                1.0,
                0.0,
                0.0
            ],
            [
                0.0,
                0.0,
                0.0,
                1.0
            ]
        ],
        "height": 500,
        "intrinsics": {
            "cx": 250.0,
            "cy": 250.0,
            "fx": 603.5535278320312,
            "fy": 603.5535278320312
        },
        "location_world": [
            0.0,
            0.0,
            0.0
        ],
        "quaternion_world_xyzw": [
            0.5,
            -0.5,
            -0.5,
            0.5
        ],
        "width": 500
    },
    "objects": [
        {
            "bounding_box_minx_maxx_miny_maxy": [
                236,
                400,
                393,
                500
            ],
            "class": "Cube",
            "local_cuboid": null,
            "local_to_world_matrix": [
                [
                    0.003117222338914871,
                    0.006236818619072437,
                    -0.0006205046083778143,
                    0.0
                ],
                [
                    0.006267609540373087,
                    -0.0031020145397633314,
                    0.0003075354907196015,
                    0.0
                ],
                [
                    -9.673535714682657e-07,
                    -0.0006925337947905064,
                    -0.006965658627450466,
                    0.0
                ],
                [
                    1.6077224016189575,
                    -0.1343310922384262,
                    -0.6446502804756165,
                    1.0
                ]
            ],
            "location": [
                0.1343310922384262,
                -0.6446502804756165,
                -1.6077224016189575
            ],
            "location_world": [
                1.6077224016189575,
                -0.1343310922384262,
                -0.6446502804756165
            ],
            "name": "hope_Cube_0",
            "projected_cuboid": [
                [
                    248.46892058849335,
                    548.7297773361206
                ],
                [
                    295.53794860839844,
                    497.2558617591858
                ],
                [
                    285.0823998451233,
                    392.0965790748596
                ],
                [
                    236.07094585895538,
                    424.0190386772156
                ],
                [
                    371.34647369384766,
                    566.9252872467041
                ],
                [
                    401.5035629272461,
                    508.00490379333496
                ],
                [
                    390.16109704971313,
                    393.9531445503235
                ],
                [
                    357.6814830303192,
                    429.5082092285156
                ],
                [
                    322.47844338417053,
                    467.8858816623688
                ]
            ],
            "provenance": "nvisii",
            "quaternion_xyzw": [
                0.1274305284023285,
                0.6954799890518188,
                -0.6795547008514404,
                0.19563858211040497
            ],
            "quaternion_xyzw_world": [
                0.8490518927574158,
                0.5259827971458435,
                -0.026141425594687462,
                0.04206664115190506
            ],
            "segmentation_id": 1,
            "visibility": 1
        }
    ]
}