{
    "camera_data": {
        "camera_look_at": {
            "at": [
                1.0,
                0.0,
                0.0
            ],
            "eye": [
                0.0,
                0.0,
                0.0
            ],
            "up": [
                0.0,
                0.0,
                1.0
            ]
        },
        "camera_view_matrix": [
            [
                0.0,
                0.0,
                -1.0,
                0.0
            ],
            [
                -1.0,
                0.0,
                0.0,
                0.0
            ],
            [
                0.0,
                1.0,
                0.0,
                0.0
            ],
            [
                0.0,
                0.0,
                0.0,
                1.0
            ]
        ],
        "height": 400,
        "intrinsics": {
            "cx": 200.0,
            "cy": 200.0,
            "fx": 482.84283447265625,
            "fy": 482.84283447265625
        },
        "location_world": [
            0.0,
            0.0,
            0.0
        ],
        "quaternion_world_xyzw": [
            0.5,
            -0.5,
            -0.5,
            0.5
        ],
        "width": 400
    },
    "objects": [
        {
            "bounding_box_minx_maxx_miny_maxy": [
                111,
                210,
                75,
                151
            ],
            "class": "Cube",
            "local_cuboid": null,
            "local_to_world_matrix": [
                [
                    -0.0007623517303727567,
                    -0.0003172455762978643,
                    0.004931346047669649,
                    0.0
                ],
                [
                    0.003915867768228054,
                    -0.0030822502449154854,
                    0.0004070769064128399,
                    0.0
                ],
                [
                    0.0030141000170260668,
                    0.00392416724935174,
                    0.0007184097194112837,
                    0.0
                ],
                [
                    1.6723114252090454,
                    0.21979983150959015,
                    0.3053787648677826,
                    1.0
                ]
            ],
            "location": [
                -0.21979983150959015,
                0.3053787648677826,
                -1.6723114252090454
            ],
            "location_world": [
                1.6723114252090454,
                0.21979983150959015,
                0.3053787648677826
            ],
            "name": "distract_Cube_0",
            "projected_cuboid": [
                [
                    113.4168028831482,
                    75.24707317352295
                ],
                [
                    160.89372634887695,
                    82.83287286758423
                ],
                [
                    210.98370552062988,
                    82.65600204467773
                ],
                [
                    165.18768072128296,
                    74.32376146316528
                ],
                [
                    110.94975471496582,
                    145.32514810562134
                ],
                [
                    157.75065422058105,
                    145.7721710205078
                ],
                [
                    206.5253734588623,
                    150.83425045013428
                ],
                [
                    161.26937866210938,
                    150.95887184143066
                ],
                [
                    161.06524467468262,
                    113.92887830734253
                ]
            ],
            "provenance": "nvisii",
            "quaternion_xyzw": [
                0.6294548511505127,
                0.6365505456924438,
                -0.2511550784111023,
                -0.3681183457374573
            ],
            "quaternion_xyzw_world": [
                0.5745210647583008,
                0.31318455934524536,
                0.6914843320846558,
                -0.3060888946056366
            ],
            "segmentation_id": 1,
            "visibility": 1
        },
        {
            "bounding_box_minx_maxx_miny_maxy": [
                189,
                316,
                65,
                194
            ],
            "class": "Cube",
            "local_cuboid": null,
            "local_to_world_matrix": [
                [
                    0.0005234211566857994,
                    0.003913446329534054,
                    -0.0030677311588078737,
                    0.0
                ],
                [
                    0.00237298384308815,
                    -0.0029073560144752264,
                    -0.003303973935544491,
                    0.0
                ],
                [
                    -0.004369780886918306,
                    -0.0011100603733211756,
                    -0.0021616644226014614,
                    0.0
                ],
                [
                    1.4836163520812988,
                    -0.08743488788604736,
                    0.31519290804862976,
                    1.0
                ]
            ],
            "location": [
                0.08743488788604736,
                0.31519290804862976,
                -1.4836163520812988
            ],
            "location_world": [
                1.4836163520812988,
                -0.08743488788604736,
                0.31519290804862976
            ],
            "name": "distract_Cube_1",
            "projected_cuboid": [
                [
                    206.03797435760498,
                    135.80758571624756
                ],
                [
                    252.16577053070068,
                    193.8256859779358
                ],
                [
                    230.01747131347656,
                    164.3473505973816
                ],
                [
                    188.52901458740234,
                    112.04473972320557
                ],
                [
                    275.5582571029663,
                    80.16787767410278
                ],
                [
                    316.92824363708496,
                    143.67268085479736
                ],
                [
                    286.1074686050415,
                    120.19191980361938
                ],
                [
                    248.1442928314209,
                    63.70656490325928
                ],
                [
                    250.1070499420166,
                    127.21295356750488
                ]
            ],
            "provenance": "nvisii",
            "quaternion_xyzw": [
                -0.032208383083343506,
                0.24896711111068726,
                -0.9106920957565308,
                0.32805192470550537
            ],
            "quaternion_xyzw_world": [
                0.7277513742446899,
                0.4319078326225281,
                -0.5109926462173462,
                -0.1507323533296585
            ],
            "segmentation_id": 2,
            "visibility": 1
        },
        {
            "bounding_box_minx_maxx_miny_maxy": [
                277,
                399,
                291,
                400
            ],
            "class": "Green",
            "local_cuboid": null,