{
    "camera_data": {
        "camera_look_at": {
            "at": [
                1.0,
                0.0,
                0.0
            ],
            "eye": [
                0.0,
                0.0,
                0.0
            ],
            "up": [
                0.0,
                0.0,
                1.0
            ]
        },
        "camera_view_matrix": [
            [
                0.0,
                0.0,
                -1.0,
                0.0
            ],
            [
                -1.0,
                0.0,
                0.0,
                0.0
            ],
            [
                0.0,
                1.0,
                0.0,
                0.0
            ],
            [
                0.0,
                0.0,
                0.0,
                1.0
            ]
        ],
        "height": 400,
        "intrinsics": {
            "cx": 200.0,
            "cy": 200.0,
            "fx": 482.84283447265625,
            "fy": 482.84283447265625
        },
        "location_world": [
            0.0,
            0.0,
            0.0
        ],
        "quaternion_world_xyzw": [
            0.5,
            -0.5,
            -0.5,
            0.5
        ],
        "width": 400
    },
    "objects": [
        {
            "bounding_box_minx_maxx_miny_maxy": [
                23,
                136,
                157,
                253
            ],
            "class": "Green",
            "local_cuboid": null,
            "local_to_world_matrix": [
                [
                    -0.0030771505553275347,
                    0.003940329886972904,
                    -7.031336281215772e-05,
                    0.0
                ],
                [
                    -0.0006617869366891682,
                    -0.0006045913323760033,
                    -0.004918994382023811,
                    0.0
                ],
                [
                    -0.0038849948905408382,
                    -0.0030179908499121666,
                    0.000893615186214447,
                    0.0
                ],
                [
                    1.542626142501831,
                    0.3995773196220398,
                    0.1029321625828743,
                    1.0
                ]
            ],
            "location": [
                -0.3995773196220398,
                0.1029321625828743,
                -1.542626142501831
            ],
            "location_world": [
                1.542626142501831,
                0.3995773196220398,
                0.1029321625828743
            ],
            "name": "hope_Green_cube_0",
            "projected_cuboid": [
                [
                    50.89086294174194,
                    156.42306804656982
                ],
                [
                    58.125853538513184,
                    244.26629543304443
                ],
                [
                    28.511691093444824,
                    252.7482032775879
                ],
                [
                    22.802960872650146,
                    175.6438136100769
                ],
                [
                    128.44423055648804,
                    159.71198081970215
                ],
                [
                    136.65482997894287,
                    238.5535478591919
                ],
                [
                    100.68647861480713,
                    246.91946506500244
                ],
                [
                    94.09822225570679,
                    176.83789730072021
                ],
                [
                    78.35841178894043,
                    206.34138584136963
                ]
            ],
            "provenance": "nvisii",
            "quaternion_xyzw": [
                0.323548287153244,
                0.08256539702415466,
                0.9419214725494385,
                -0.0358259379863739
            ],
            "quaternion_xyzw_world": [
                -0.28581684827804565,
                -0.5735391974449158,
                0.6919305324554443,
                0.3325563073158264
            ],
            "segmentation_id": 1,
            "visibility": 1
        },
        {
            "bounding_box_minx_maxx_miny_maxy": [
                0,
                93,
                1,
                150
            ],
            "class": "Green",
            "local_cuboid": null,
            "local_to_world_matrix": [
                [
                    0.001137980492785573,
                    0.004679533187299967,
                    -0.0013442347990348935,
                    0.0
                ],
                [
                    0.0012771259061992168,
                    0.0010452251881361008,
                    0.004719793796539307,
                    0.0
                ],
                [
                    0.004698291886597872,
                    -0.0014175577089190483,
                    -0.0009573816787451506,
                    0.0
                ],
                [
                    0.9589304327964783,
                    0.3829396963119507,
                    0.1700253039598465,
                    1.0
                ]
            ],
            "location": [
                -0.3829396963119507,
                0.1700253039598465,
                -0.9589304327964783
            ],
            "location_world": [
                0.9589304327964783,
                0.3829396963119507,
                0.1700253039598465
            ],
            "name": "hope_Green_cube_1",
            "projected_cuboid": [
                [
                    -2.993917465209961,
                    150.8411169052124
                ],
                [
                    -13.494157791137695,
                    56.02858066558838
                ],
                [
                    -103.85360717773438,
                    -4.943251609802246
                ],
                [
                    -97.15073108673096,
                    110.99693775177002
                ],
                [
                    93.79024505615234,
                    117.20383167266846
                ],
                [
                    77.19379663467407,
                    19.470953941345215
                ],
                [
                    5.266237258911133,
                    -55.25093078613281
                ],
                [
                    21.008718013763428,
                    64.85203504562378
                ],
                [
                    0.6610631942749023,
                    59.64847803115845
                ]
            ],
            "provenance": "nvisii",
            "quaternion_xyzw": [
                -0.12226302921772003,
                0.9771801233291626,
                -0.11433446407318115,
                0.13076083362102509
            ],
            "quaternion_xyzw_world": [
                0.5500062108039856,
                0.5415083765983582,
                0.3049108684062958,
                0.5579347610473633
            ],
            "segmentation_id": 2,
            "visibility": 1
        },
        {
            "bounding_box_minx_maxx_miny_maxy": [
                300,
                399,
                19,
                130
            ],
            "class": "Green",
            "local_cuboid": null,