{
    "camera_data": {
        "camera_look_at": {
            "at": [
                1.0,
                0.0,
                0.0
            ],
            "eye": [
                0.0,
                0.0,
                0.0
            ],
            "up": [
                0.0,
                0.0,
                1.0
            ]
        },
        "camera_view_matrix": [
            [
                0.0,
                0.0,
                -1.0,
                0.0
            ],
            [
                -1.0,
                0.0,
                0.0,
                0.0
            ],
            [
                0.0,
                1.0,
                0.0,
                0.0
            ],
            [
                0.0,
                0.0,
                0.0,
                1.0
            ]
        ],
        "height": 400,
        "intrinsics": {
            "cx": 200.0,
            "cy": 200.0,
            "fx": 482.84283447265625,
            "fy": 482.84283447265625
        },
        "location_world": [
            0.0,
            0.0,
            0.0
        ],
        "quaternion_world_xyzw": [
            0.5,
            -0.5,
            -0.5,
            0.5
        ],
        "width": 400
    },
    "objects": [
        {
            "bounding_box_minx_maxx_miny_maxy": [
                43,
                166,
                245,
                385
            ],
            "class": "Green",
            "local_cuboid": null,
            "local_to_world_matrix": [
                [
                    -0.00031195400515571237,
                    0.004682110156863928,
                    -0.001726420596241951,
                    0.0
                ],
                [
                    -0.003857351839542389,
                    0.0008711966802366078,
                    0.0030597145669162273,
                    0.0
                ],
                [
                    0.003165994770824909,
                    0.0015227802796289325,
                    0.0035577546805143356,
                    0.0
                ],
                [
                    1.5034480094909668,
                    0.2520885169506073,
                    -0.4107789397239685,
                    1.0
                ]
            ],
            "location": [
                -0.2520885169506073,
                -0.4107789397239685,
                -1.5034480094909668
            ],
            "location_world": [
                1.5034480094909668,
                0.2520885169506073,
                -0.4107789397239685
            ],
            "name": "hope_Green_cube_0",
            "projected_cuboid": [
                [
                    75.14674663543701,
                    311.9098424911499
                ],
                [
                    42.50208139419556,
                    274.07565116882324
                ],
                [
                    52.17107534408569,
                    353.85284423828125
                ],
                [
                    87.1474027633667,
                    385.0529193878174
                ],
                [
                    147.4454164505005,
                    284.6053123474121
                ],
                [
                    125.14276504516602,
                    243.42520236968994
                ],
                [
                    145.24660110473633,
                    318.28298568725586
                ],
                [
                    167.30704307556152,
                    353.93357276916504
                ],
                [
                    106.01699352264404,
                    314.71643447875977
                ]
            ],
            "provenance": "nvisii",
            "quaternion_xyzw": [
                -0.1456313282251358,
                0.8918469548225403,
                0.41571635007858276,
                -0.10286147892475128
            ],
            "quaternion_xyzw_world": [
                0.11381891369819641,
                0.3623117506504059,
                0.6323966979980469,
                0.6751665472984314
            ],
            "segmentation_id": 1,
            "visibility": 1
        },
        {
            "bounding_box_minx_maxx_miny_maxy": [
                132,
                234,
                1,
                122
            ],
            "class": "Green",
            "local_cuboid": null,
            "local_to_world_matrix": [
                [
                    -2.0672678147093393e-05,
                    0.00496701942756772,
                    0.0005729683907702565,
                    0.0
                ],
                [
                    0.002287687733769417,
                    -0.0005000847741030157,
                    0.004417737014591694,
                    0.0
                ],
                [
                    0.004445903468877077,
                    0.0002804197429213673,
                    -0.002270530443638563,
                    0.0
                ],
                [
                    1.34746253490448,
                    0.05820019170641899,
                    0.3053191006183624,
                    1.0
                ]
            ],
            "location": [
                -0.05820019170641899,
                0.3053191006183624,
                -1.34746253490448
            ],
            "location_world": [
                1.34746253490448,
                0.05820019170641899,
                0.3053191006183624
            ],
            "name": "hope_Green_cube_1",
            "projected_cuboid": [
                [
                    137.28539943695068,
                    112.9481315612793
                ],
                [
                    149.5251178741455,
                    51.45517587661743
                ],
                [
                    146.2289810180664,
                    -13.599872589111328
                ],
                [
                    131.4824938774109,
                    52.93295383453369
                ],
                [
                    219.51215267181396,
                    122.48990535736084
                ],
                [
                    225.7664680480957,
                    60.34369468688965
                ],
                [
                    235.01570224761963,
                    -3.199315071105957
                ],
                [
                    228.49268913269043,
                    64.23982381820679
                ],
                [
                    184.29152965545654,
                    57.08378553390503
                ]
            ],
            "provenance": "nvisii",
            "quaternion_xyzw": [
                0.05529341101646423,
                0.9703261852264404,
                -0.2348807156085968,
                -0.01551501452922821
            ],
            "quaternion_xyzw_world": [
                0.6224926710128784,
                0.5827142596244812,
                0.403126984834671,
                0.3323185443878174
            ],
            "segmentation_id": 2,
            "visibility": 1
        },
        {
            "bounding_box_minx_maxx_miny_maxy": [
                103,
                221,
                149,
                250
            ],
            "class": "Green",
            "local_cuboid": null,