{
    "camera_data": {
        "camera_look_at": {
            "at": [
                1.0,
                0.0,
                0.0
            ],
            "eye": [
                0.0,
                0.0,
                0.0
            ],
            "up": [
                0.0,
                0.0,
                1.0
            ]
        },
        "camera_view_matrix": [
            [
                0.0,
                0.0,
                -1.0,
                0.0
            ],
            [
                -1.0,
                0.0,
                0.0,
                0.0
            ],
            [
                0.0,
                1.0,
                0.0,
                0.0
            ],
            [
                0.0,
                0.0,
                0.0,
                1.0
            ]
        ],
        "height": 400,
        "intrinsics": {
            "cx": 200.0,
            "cy": 200.0,
            "fx": 482.84283447265625,
            "fy": 482.84283447265625
        },
        "location_world": [
            0.0,
            0.0,
            0.0
        ],
        "quaternion_world_xyzw": [
            0.5,
            -0.5,
            -0.5,
            0.5
        ],
        "width": 400
    },
    "objects": [
        {
            "bounding_box_minx_maxx_miny_maxy": [
                301,
                399,
                1,
                99
            ],
            "class": "Cube",
            "local_cuboid": null,
            "local_to_world_matrix": [
                [
                    -0.00326109048910439,
                    0.0037901424802839756,
                    -1.0239779840048868e-05,
                    0.0
                ],
                [
                    0.00027030467754229903,
                    0.0002460464893374592,
                    0.00498662143945694,
                    0.0
                ],
                [
                    0.0037805053871124983,
                    0.0032518114894628525,
                    -0.0003653740859590471,
                    0.0
                ],
                [
                    1.3876293897628784,
                    -0.4849567413330078,
                    0.3364804983139038,
                    1.0
                ]
            ],
            "location": [
                0.4849567413330078,
                0.3364804983139038,
                -1.3876293897628784
            ],
            "location_world": [
                1.3876293897628784,
                -0.4849567413330078,
                0.3364804983139038
            ],
            "name": "distract_Cube_0",
            "projected_cuboid": [
                [
                    306.491756439209,
                    87.24015951156616
                ],
                [
                    301.2734889984131,
                    3.1858205795288086
                ],
                [
                    380.9800863265991,
                    -34.38138961791992
                ],
                [
                    387.9016399383545,
                    62.36754655838013
                ],
                [
                    353.90470027923584,
                    98.84029626846313
                ],
                [
                    348.819637298584,
                    23.376357555389404
                ],
                [
                    425.63819885253906,
                    -7.028841972351074
                ],
                [
                    432.1777820587158,
                    78.51308584213257
                ],
                [
                    365.7989263534546,
                    40.316200256347656
                ]
            ],
            "provenance": "nvisii",
            "quaternion_xyzw": [
                -0.013676702976226807,
                0.9369436502456665,
                -0.03392304480075836,
                -0.3475610315799713
            ],
            "quaternion_xyzw_world": [
                0.30481448769569397,
                0.6660522222518921,
                0.6184524893760681,
                0.2845681607723236
            ],
            "segmentation_id": 1,
            "visibility": 1
        },
        {
            "bounding_box_minx_maxx_miny_maxy": [
                179,
                337,
                384,
                400
            ],
            "class": "Cube",
            "local_cuboid": null,
            "local_to_world_matrix": [
                [
                    -0.0014844053657725453,
                    0.004747486207634211,
                    0.0005078516551293433,
                    0.0
                ],
                [
                    -0.003218843834474683,
                    -0.0013878548052161932,
                    0.0035655151586979628,
                    0.0
                ],
                [
                    0.00352641218341887,
                    0.0007315952680073678,
                    0.0034683113917708397,
                    0.0
                ],
                [
                    0.8362607359886169,
                    -0.04861719533801079,
                    -0.5556624531745911,
                    1.0
                ]
            ],
            "location": [
                0.04861719533801079,
                -0.5556624531745911,
                -0.8362607359886169
            ],
            "location_world": [
                0.8362607359886169,
                -0.04861719533801079,
                -0.5556624531745911
            ],
            "name": "distract_Cube_1",
            "projected_cuboid": [
                [
                    151.91773176193237,
                    448.2794761657715
                ],
                [
                    187.3919129371643,
                    384.78479385375977
                ],
                [
                    215.46075344085693,
                    596.2460517883301
                ],
                [
                    164.83547687530518,
                    627.6198863983154
                ],
                [
                    274.82917308807373,
                    441.86601638793945
                ],
                [
                    331.7234992980957,
                    382.9684257507324
                ],
                [
                    397.22065925598145,
                    568.7756538391113
                ],
                [
                    314.1258955001831,
                    602.8144836425781
                ],
                [
                    253.22561264038086,
                    498.0433464050293
                ]
            ],
            "provenance": "nvisii",
            "quaternion_xyzw": [
                0.10329818725585938,
                0.9175896048545837,
                0.36438706517219543,
                -0.12075120210647583
            ],
            "quaternion_xyzw_world": [
                0.2678747773170471,
                0.2853277921676636,
                0.753013014793396,
                0.5289636254310608
            ],
            "segmentation_id": 2,
            "visibility": 1
        },
        {
            "bounding_box_minx_maxx_miny_maxy": [
                54,
                175,
                102,
                229
            ],
            "class": "Green",
            "local_cuboid": null,