{
    "camera_data": {
        "camera_look_at": {
            "at": [
                1.0,
                0.0,
                0.0
            ],
            "eye": [
                0.0,
                0.0,
                0.0
            ],
            "up": [
                0.0,
                0.0,
                1.0
            ]
        },
        "camera_view_matrix": [
            [
                0.0,
                0.0,
                -1.0,
                0.0
            ],
            [
                -1.0,
                0.0,
                0.0,
                0.0
            ],
            [
                0.0,
                1.0,
                0.0,
                0.0
            ],
            [
                0.0,
                0.0,
                0.0,
                1.0
            ]
        ],
        "height": 400,
        "intrinsics": {
            "cx": 200.0,
            "cy": 200.0,
            "fx": 482.84283447265625,
            "fy": 482.84283447265625
        },
        "location_world": [
            0.0,
            0.0,
            0.0
        ],
        "quaternion_world_xyzw": [
            0.5,
            -0.5,
            -0.5,
            0.5
        ],
        "width": 400
    },
    "objects": [
        {
            "bounding_box_minx_maxx_miny_maxy": [
                199,
                399,
                1,
                400
            ],
            "class": "Cube",
            "local_cuboid": null,
            "local_to_world_matrix": [
                [
                    0.08649259805679321,
                    0.057137034833431244,
                    -0.9946126937866211,
                    0.0
                ],
                [
                    -0.012009605765342712,
                    0.9983412623405457,
                    0.0563068613409996,
                    0.0
                ],
                [
                    0.9961800575256348,
                    0.007074780762195587,
                    0.08703529834747314,
                    0.0
                ],
                [
                    9.526339530944824,
                    -0.3993341028690338,
                    1.2309266328811646,
                    1.0
                ]
            ],
            "location": [
                0.3993341028690338,
                1.2309266328811646,
                -9.526339530944824
            ],
            "location_world": [
                9.526339530944824,
                -0.3993341028690338,
                1.2309266328811646
            ],
            "name": "distract_Cube_0",
            "projected_cuboid": [
                [
                    184.08746719360352,
                    483.1427574157715
                ],
                [
                    -485.8168601989746,
                    450.0986099243164
                ],
                [
                    1974.247169494629,
                    -603.6097526550293
                ],
                [
                    231.13605976104736,
                    -742.9818153381348
                ],
                [
                    224.70271587371826,
                    -223.04353713989258
                ],
                [
                    -535.9144687652588,
                    -273.99072647094727
                ],
                [
                    1475.2455711364746,
                    911.6020202636719
                ],
                [
                    144.81786489486694,
                    858.4639549255371
                ],
                [
                    -1085.292148590088,
                    61.9104266166687
                ]
            ],
            "provenance": "nvisii",
            "quaternion_xyzw": [
                -0.6860641837120056,
                0.7262272238731384,
                0.03409569710493088,
                0.027339156717061996
            ],
            "quaternion_xyzw_world": [
                0.01670326478779316,
                0.6754282712936401,
                0.023459797725081444,
                0.7368631362915039
            ],
            "segmentation_id": 1,
            "visibility": 1
        },
        {
            "bounding_box_minx_maxx_miny_maxy": [
                0,
                212,
                1,
                400
            ],
            "class": "Cube",
            "local_cuboid": null,
            "local_to_world_matrix": [
                [
                    -0.08100473880767822,
                    0.9859564304351807,
                    -0.1460411250591278,
                    0.0
                ],
                [
                    -0.16394326090812683,
                    0.13134682178497314,
                    0.9776862859725952,
                    0.0
                ],
                [
                    0.9831382036209106,
                    0.103139728307724,
                    0.1510012149810791,
                    0.0
                ],
                [
                    6.571101188659668,
                    -3.6217868328094482,
                    -5.444642543792725,
                    1.0
                ]
            ],
            "location": [
                3.6217868328094482,
                -5.444642543792725,
                -6.571101188659668
            ],
            "location_world": [
                6.571101188659668,
                -3.6217868328094482,
                -5.444642543792725
            ],
            "name": "distract_Cube_1",
            "projected_cuboid": [
                [
                    -191.34843349456787,
                    288.20886611938477
                ],
                [
                    -496.16308212280273,
                    -805.1192283630371
                ],
                [
                    627.8759002685547,
                    815.9807205200195
                ],
                [
                    644.6674346923828,
                    -110.22257804870605
                ],
                [
                    573.9387512207031,
                    171.16135358810425
                ],
                [
                    569.7047233581543,
                    -783.2905769348145
                ],
                [
                    -284.8886966705322,
                    1064.9785041809082
                ],
                [
                    -731.9916725158691,
                    31.76448345184326
                ],
                [
                    266.02864265441895,
                    -3509.906768798828
                ]
            ],
            "provenance": "nvisii",
            "quaternion_xyzw": [
                -0.06981295347213745,
                0.9933252930641174,
                0.07926520705223083,
                -0.04634547233581543
            ],
            "quaternion_xyzw_world": [
                0.39895087480545044,
                0.5151093006134033,
                0.5245615243911743,
                0.5480290055274963
            ],
            "segmentation_id": 2,
            "visibility": 1
        },
        {
            "bounding_box_minx_maxx_miny_maxy": [
                -1,
                -1,
                -1,
                -1
            ],
            "class": "Green",
            "local_cuboid": null,