{
    "camera_data": {
        "camera_look_at": {
            "at": [
                1.0,
                0.0,
                0.0
            ],
            "eye": [
                0.0,
                0.0,
                0.0
            ],
            "up": [
                0.0,
                0.0,
                1.0
            ]
        },
        "camera_view_matrix": [
            [
                0.0,
                0.0,
                -1.0,
                0.0
            ],
            [
                -1.0,
                0.0,
                0.0,
                0.0
            ],
            [
                0.0,
                1.0,
                0.0,
                0.0
            ],
            [
                0.0,
                0.0,
                0.0,
                1.0
            ]
        ],
        "height": 500,
        "intrinsics": {
            "cx": 250.0,
            "cy": 250.0,
            "fx": 603.5535278320312,
            "fy": 603.5535278320312
        },
        "location_world": [
            0.0,
            0.0,
            0.0
        ],
        "quaternion_world_xyzw": [
            0.5,
            -0.5,
            -0.5,
            0.5
        ],
        "width": 500
    },
    "objects": [
        {
            "bounding_box_minx_maxx_miny_maxy": [
                0,
                181,
                310,
                500
            ],
            "class": "Cube",
            "local_cuboid": null,
            "local_to_world_matrix": [
                [
                    0.004176423419266939,
                    0.004626506008207798,
                    -0.003186366520822048,
                    0.0
                ],
                [
                    -0.005380678456276655,
                    0.004435455426573753,
                    -0.0006123994826339185,
                    0.0
                ],
                [
                    0.0016142451204359531,
                    0.0028146361000835896,
                    0.006202583201229572,
                    0.0
                ],
                [
                    1.4116575717926025,
                    0.32731691002845764,
                    -0.3660259544849396,
                    1.0
                ]
            ],
            "location": [
                -0.32731691002845764,
                -0.3660259544849396,
                -1.4116575717926025
            ],
            "location_world": [
                1.4116575717926025,
                0.32731691002845764,
                -0.3660259544849396
            ],
            "name": "hope_Cube_0",
            "projected_cuboid": [
                [
                    50.93380808830261,
                    362.69742250442505
                ],
                [
                    -94.6376621723175,
                    400.6037414073944
                ],
                [
                    -47.298938035964966,
                    565.7970905303955
                ],
                [
                    97.6041853427887,
                    495.70149183273315
                ],
                [
                    123.69111180305481,
                    308.8065981864929
                ],
                [
                    -31.91608190536499,
                    340.6095802783966
                ],
                [
                    30.40255606174469,
                    535.5201959609985
                ],
                [
                    182.68945813179016,
                    460.3002667427063
                ],
                [
                    42.91301965713501,
                    430.21243810653687
                ]
            ],
            "provenance": "nvisii",
            "quaternion_xyzw": [
                -0.40532785654067993,
                0.6715747117996216,
                0.6159968972206116,
                0.07241973280906677
            ],
            "quaternion_xyzw_world": [
                -0.13866515457630157,
                0.1942429542541504,
                0.40491199493408203,
                0.8826595544815063
            ],
            "segmentation_id": 1,
            "visibility": 1
        }
    ]
}