{
    "camera_data": {
        "camera_look_at": {
            "at": [
                1.0,
                0.0,
                0.0
            ],
            "eye": [
                0.0,
                0.0,
                0.0
            ],
            "up": [
                0.0,
                0.0,
                1.0
            ]
        },
        "camera_view_matrix": [
            [
                0.0,
                0.0,
                -1.0,
                0.0
            ],
            [
                -1.0,
                0.0,
                0.0,
                0.0
            ],
            [
                0.0,
                1.0,
                0.0,
                0.0
            ],
            [
                0.0,
                0.0,
                0.0,
                1.0
            ]
        ],
        "height": 400,
        "intrinsics": {
            "cx": 200.0,
            "cy": 200.0,
            "fx": 482.84283447265625,
            "fy": 482.84283447265625
        },
        "location_world": [
            0.0,
            0.0,
            0.0
        ],
        "quaternion_world_xyzw": [
            0.5,
            -0.5,
            -0.5,
            0.5
        ],
        "width": 400
    },
    "objects": [
        {
            "bounding_box_minx_maxx_miny_maxy": [
                0,
                7,
                390,
                400
            ],
            "class": "Cube",
            "local_cuboid": null,
            "local_to_world_matrix": [
                [
                    0.0026337120216339827,
                    0.0004275102401152253,
                    0.004228569101542234,
                    0.0
                ],
                [
                    0.0010717780096456409,
                    -0.004880674183368683,
                    -0.00017410545842722058,
                    0.0
                ],
                [
                    0.004112767055630684,
                    0.000998126226477325,
                    -0.002662497805431485,
                    0.0
                ],
                [
                    0.9605995416641235,
                    0.6760398149490356,
                    -0.5245503783226013,
                    1.0
                ]
            ],
            "location": [
                -0.6760398149490356,
                -0.5245503783226013,
                -0.9605995416641235
            ],
            "location_world": [
                0.9605995416641235,
                0.6760398149490356,
                -0.5245503783226013
            ],
            "name": "hope_Cube_0",
            "projected_cuboid": [
                [
                    -104.2961597442627,
                    407.54380226135254
                ],
                [
                    9.105193614959717,
                    401.69458389282227
                ],
                [
                    -6.406688690185547,
                    378.36058139801025
                ],
                [
                    -145.95599174499512,
                    384.1582775115967
                ],
                [
                    -134.1188669204712,
                    537.275505065918
                ],
                [
                    -4.990673065185547,
                    524.0797519683838
                ],
                [
                    -26.346635818481445,
                    526.8765926361084
                ],
                [
                    -190.44995307922363,
                    543.6882019042969
                ],
                [
                    -70.92115879058838,
                    458.6373805999756
                ]
            ],
            "provenance": "nvisii",
            "quaternion_xyzw": [
                0.6655585169792175,
                0.6843307614326477,
                -0.2728413939476013,
                0.11950260400772095
            ],
            "quaternion_xyzw_world": [
                0.8711166381835938,
                0.08605554699897766,
                0.4787726402282715,
                -0.0672832801938057
            ],
            "segmentation_id": 1,
            "visibility": 1
        },
        {
            "bounding_box_minx_maxx_miny_maxy": [
                203,
                315,
                123,
                235
            ],
            "class": "Cube",
            "local_cuboid": null,
            "local_to_world_matrix": [
                [
                    -0.004757857881486416,
                    0.0012278350768610835,
                    -0.0009247810812667012,
                    0.0
                ],
                [
                    -0.0007836720324121416,
                    0.0006502452306449413,
                    0.0048952060751616955,
                    0.0
                ],
                [
                    0.001322368043474853,
                    0.0048030829057097435,
                    -0.0004263120936229825,
                    0.0
                ],
                [
                    1.332172155380249,
                    -0.19041040539741516,
                    -0.05626838281750679,
                    1.0
                ]
            ],
            "location": [
                0.19041040539741516,
                -0.05626838281750679,
                -1.332172155380249
            ],
            "location_world": [
                1.332172155380249,
                -0.19041040539741516,
                -0.05626838281750679
            ],
            "name": "hope_Cube_1",
            "projected_cuboid": [
                [
                    215.35656452178955,
                    234.8860502243042
                ],
                [
                    202.850079536438,
                    138.1138801574707
                ],
                [
                    304.6440124511719,
                    125.5073070526123
                ],
                [
                    314.471435546875,
                    228.11963558197021
                ],
                [
                    232.86750316619873,
                    214.2514944076538
                ],
                [
                    222.89483547210693,
                    132.85162448883057
                ],
                [
                    308.08777809143066,
                    122.16768264770508
                ],
                [
                    316.17136001586914,
                    207.65810012817383
                ],
                [
                    264.06397819519043,
                    175.6802797317505
                ]
            ],
            "provenance": "nvisii",
            "quaternion_xyzw": [
                -0.09983167052268982,
                0.7888412475585938,
                0.022650981321930885,
                -0.606011688709259
            ],
            "quaternion_xyzw_world": [
                0.03017343208193779,
                0.7360168099403381,
                0.6588361263275146,
                0.15265610814094543
            ],
            "segmentation_id": 2,
            "visibility": 1
        },
        {
            "bounding_box_minx_maxx_miny_maxy": [
                0,
                105,
                177,
                317
            ],
            "class": "Cube",
            "local_cuboid": null,