{
    "camera_data": {
        "camera_look_at": {
            "at": [
                1.0,
                0.0,
                0.0
            ],
            "eye": [
                0.0,
                0.0,
                0.0
            ],
            "up": [
                0.0,
                0.0,
                1.0
            ]
        },
        "camera_view_matrix": [
            [
                0.0,
                0.0,
                -1.0,
                0.0
            ],
            [
                -1.0,
                0.0,
                0.0,
                0.0
            ],
            [
                0.0,
                1.0,
                0.0,
                0.0
            ],
            [
                0.0,
                0.0,
                0.0,
                1.0
            ]
        ],
        "height": 400,
        "intrinsics": {
            "cx": 200.0,
            "cy": 200.0,
            "fx": 482.84283447265625,
            "fy": 482.84283447265625
        },
        "location_world": [
            0.0,
            0.0,
            0.0
        ],
        "quaternion_world_xyzw": [
            0.5,
            -0.5,
            -0.5,
            0.5
        ],
        "width": 400
    },
    "objects": [
        {
            "bounding_box_minx_maxx_miny_maxy": [
                0,
                68,
                318,
                397
            ],
            "class": "Cube",
            "local_cuboid": null,
            "local_to_world_matrix": [
                [
                    0.0030078645795583725,
                    -0.003976703621447086,
                    0.0003722580731846392,
                    0.0
                ],
                [
                    -0.003970526158809662,
                    -0.0030276488978415728,
                    -0.00026126421289518476,
                    0.0
                ],
                [
                    0.0004332074895501137,
                    -0.00013844265777152032,
                    -0.004979272838681936,
                    0.0
                ],
                [
                    1.8276309967041016,
                    0.7182115316390991,
                    -0.49623987078666687,
                    1.0
                ]
            ],
            "location": [
                -0.7182115316390991,
                -0.49623987078666687,
                -1.8276309967041016
            ],
            "location_world": [
                1.8276309967041016,
                0.7182115316390991,
                -0.49623987078666687
            ],
            "name": "hope_Cube_0",
            "projected_cuboid": [
                [
                    44.742798805236816,
                    354.2686462402344
                ],
                [
                    69.3888783454895,
                    375.8028030395508
                ],
                [
                    65.74466228485107,
                    307.0668697357178
                ],
                [
                    41.198790073394775,
                    292.49861240386963
                ],
                [
                    -22.94745445251465,
                    372.52347469329834
                ],
                [
                    -4.520726203918457,
                    398.4434127807617
                ],
                [
                    -9.557580947875977,
                    323.32606315612793
                ],
                [
                    -27.639341354370117,
                    305.6464195251465
                ],
                [
                    20.503246784210205,
                    340.4560089111328
                ]
            ],
            "provenance": "nvisii",
            "quaternion_xyzw": [
                0.6953839063644409,
                0.24446260929107666,
                -0.20631927251815796,
                0.6435150504112244
            ],
            "quaternion_xyzw_world": [
                0.89484041929245,
                -0.44405853748321533,
                0.045006103813648224,
                -0.006862763315439224
            ],
            "segmentation_id": 1,
            "visibility": 1
        },
        {
            "bounding_box_minx_maxx_miny_maxy": [
                183,
                318,
                106,
                249
            ],
            "class": "Cube",
            "local_cuboid": null,
            "local_to_world_matrix": [
                [
                    -0.0007765036425553262,
                    -0.004244584124535322,
                    0.002525975927710533,
                    0.0
                ],
                [
                    0.0020749722607433796,
                    0.002040110295638442,
                    0.004066010471433401,
                    0.0
                ],
                [
                    -0.004482358694076538,
                    0.0016797195421531796,
                    0.0014446479035541415,
                    0.0
                ],
                [
                    1.3212194442749023,
                    -0.20166173577308655,
                    -0.04762016981840134,
                    1.0
                ]
            ],
            "location": [
                0.20166173577308655,
                -0.04762016981840134,
                -1.3212194442749023
            ],
            "location_world": [
                1.3212194442749023,
                -0.20166173577308655,
                -0.04762016981840134
            ],
            "name": "hope_Cube_1",
            "projected_cuboid": [
                [
                    307.86452293395996,
                    179.04043197631836
                ],
                [
                    261.1358165740967,
                    104.83250617980957
                ],
                [
                    278.8282871246338,
                    141.8680191040039
                ],
                [
                    319.4481134414673,
                    207.03058242797852
                ],
                [
                    221.04737758636475,
                    229.3396234512329
                ],
                [
                    182.44086503982544,
                    153.377366065979
                ],
                [
                    211.02361679077148,
                    182.49887228012085
                ],
                [
                    245.71533203125,
                    248.82164001464844
                ],
                [
                    252.97861099243164,
                    181.00054264068604
                ]
            ],
            "provenance": "nvisii",
            "quaternion_xyzw": [
                -0.1865764558315277,
                -0.13020530343055725,
                0.24205002188682556,
                0.9432113766670227
            ],
            "quaternion_xyzw_world": [
                0.19218981266021729,
                -0.5644451379776001,
                -0.5089715719223022,
                0.6208162903785706
            ],
            "segmentation_id": 2,
            "visibility": 1
        },
        {
            "bounding_box_minx_maxx_miny_maxy": [
                0,
                101,
                172,
                340
            ],
            "class": "Cube",
            "local_cuboid": null,