{
    "camera_data": {
        "camera_look_at": {
            "at": [
                1.0,
                0.0,
                0.0
            ],
            "eye": [
                0.0,
                0.0,
                0.0
            ],
            "up": [
                0.0,
                0.0,
                1.0
            ]
        },
        "camera_view_matrix": [
            [
                0.0,
                0.0,
                -1.0,
                0.0
            ],
            [
                -1.0,
                0.0,
                0.0,
                0.0
            ],
            [
                0.0,
                1.0,
                0.0,
                0.0
            ],
            [
                0.0,
                0.0,
                0.0,
                1.0
            ]
        ],
        "height": 400,
        "intrinsics": {
            "cx": 200.0,
            "cy": 200.0,
            "fx": 482.84283447265625,
            "fy": 482.84283447265625
        },
        "location_world": [
            0.0,
            0.0,
            0.0
        ],
        "quaternion_world_xyzw": [
            0.5,
            -0.5,
            -0.5,
            0.5
        ],
        "width": 400
    },
    "objects": [
        {
            "bounding_box_minx_maxx_miny_maxy": [
                0,
                81,
                332,
                400
            ],
            "class": "Cube",
            "local_cuboid": null,
            "local_to_world_matrix": [
                [
                    -0.0025174079928547144,
                    -0.004294160287827253,
                    0.00047206206363625824,
                    0.0
                ],
                [
                    -0.0009418397676199675,
                    1.2329518540354911e-05,
                    -0.004910477437078953,
                    0.0
                ],
                [
                    0.0042161112651228905,
                    -0.0025612562894821167,
                    -0.0008150904905050993,
                    0.0
                ],
                [
                    1.8284639120101929,
                    0.6266968846321106,
                    -0.5076155066490173,
                    1.0
                ]
            ],
            "location": [
                -0.6266968846321106,
                -0.5076155066490173,
                -1.8284639120101929
            ],
            "location_world": [
                1.8284639120101929,
                0.6266968846321106,
                -0.5076155066490173
            ],
            "name": "hope_Cube_0",
            "projected_cuboid": [
                [
                    82.49490261077881,
                    333.21666717529297
                ],
                [
                    79.29766178131104,
                    401.65629386901855
                ],
                [
                    25.18916130065918,
                    415.8111572265625
                ],
                [
                    30.327248573303223,
                    338.279390335083
                ],
                [
                    37.983810901641846,
                    330.52663803100586
                ],
                [
                    33.91791582107544,
                    394.4828987121582
                ],
                [
                    -21.775317192077637,
                    406.74352645874023
                ],
                [
                    -15.761017799377441,
                    334.91506576538086
                ],
                [
                    32.26656913757324,
                    368.63551139831543
                ]
            ],
            "provenance": "nvisii",
            "quaternion_xyzw": [
                -0.9597070217132568,
                -0.023951709270477295,
                -0.26459455490112305,
                -0.09153473377227783
            ],
            "quaternion_xyzw_world": [
                -0.40529942512512207,
                0.6459422707557678,
                -0.5783592462539673,
                0.28981301188468933
            ],
            "segmentation_id": 1,
            "visibility": 1
        },
        {
            "bounding_box_minx_maxx_miny_maxy": [
                185,
                324,
                106,
                253
            ],
            "class": "Cube",
            "local_cuboid": null,
            "local_to_world_matrix": [
                [
                    0.0014851047890260816,
                    -0.004191294312477112,
                    0.002286375965923071,
                    0.0
                ],
                [
                    0.0015414219815284014,
                    0.002687126863747835,
                    0.00392471207305789,
                    0.0
                ],
                [
                    -0.004518681205809116,
                    -0.0004608677118085325,
                    0.002090243622660637,
                    0.0
                ],
                [
                    1.317553997039795,
                    -0.20523075759410858,
                    -0.04602579399943352,
                    1.0
                ]
            ],
            "location": [
                0.20523075759410858,
                -0.04602579399943352,
                -1.317553997039795
            ],
            "location_world": [
                1.317553997039795,
                -0.20523075759410858,
                -0.04602579399943352
            ],
            "name": "hope_Cube_1",
            "projected_cuboid": [
                [
                    325.0293493270874,
                    175.35083293914795
                ],
                [
                    268.53106021881104,
                    104.94420528411865
                ],
                [
                    251.3047218322754,
                    151.51530504226685
                ],
                [
                    298.2008934020996,
                    213.5289192199707
                ],
                [
                    246.30906581878662,
                    221.0634708404541
                ],
                [
                    191.31476879119873,
                    143.62516403198242
                ],
                [
                    185.0826859474182,
                    186.60473823547363
                ],
                [
                    230.81514835357666,
                    253.8639783859253
                ],
                [
                    249.15432929992676,
                    181.45238161087036
                ]
            ],
            "provenance": "nvisii",
            "quaternion_xyzw": [
                -0.19337797164916992,
                0.10361860692501068,
                0.26482778787612915,
                0.9390071034431458
            ],
            "quaternion_xyzw_world": [
                0.29221001267433167,
                -0.45341914892196655,
                -0.3819693624973297,
                0.7504157423973083
            ],
            "segmentation_id": 2,
            "visibility": 1
        },
        {
            "bounding_box_minx_maxx_miny_maxy": [
                0,
                93,
                188,
                353
            ],
            "class": "Cube",
            "local_cuboid": null,