{
    "camera_data": {
        "camera_look_at": {
            "at": [
                1.0,
                0.0,
                0.0
            ],
            "eye": [
                0.0,
                0.0,
                0.0
            ],
            "up": [
                0.0,
                0.0,
                1.0
            ]
        },
        "camera_view_matrix": [
            [
                0.0,
                0.0,
                -1.0,
                0.0
            ],
            [
                -1.0,
                0.0,
                0.0,
                0.0
            ],
            [
                0.0,
                1.0,
                0.0,
                0.0
            ],
            [
                0.0,
                0.0,
                0.0,
                1.0
            ]
        ],
        "height": 400,
        "intrinsics": {
            "cx": 200.0,
            "cy": 200.0,
            "fx": 482.84283447265625,
            "fy": 482.84283447265625
        },
        "location_world": [
            0.0,
            0.0,
            0.0
        ],
        "quaternion_world_xyzw": [
            0.5,
            -0.5,
            -0.5,
            0.5
        ],
        "width": 400
    },
    "objects": [
        {
            "bounding_box_minx_maxx_miny_maxy": [
                32,
                144,
                349,
                400
            ],
            "class": "Cube",
            "local_cuboid": null,
            "local_to_world_matrix": [
                [
                    0.004232014529407024,
                    -0.0024939808063209057,
                    -0.0009327984298579395,
                    0.0
                ],
                [
                    -0.001465227222070098,
                    -0.0007186508155427873,
                    -0.004726166371256113,
                    0.0
                ],
                [
                    0.0022233224008232355,
                    0.004273592960089445,
                    -0.0013391178799793124,
                    0.0
                ],
                [
                    1.6303038597106934,
                    0.3793221712112427,
                    -0.5252100229263306,
                    1.0
                ]
            ],
            "location": [
                -0.3793221712112427,
                -0.5252100229263306,
                -1.6303038597106934
            ],
            "location_world": [
                1.6303038597106934,
                0.3793221712112427,
                -0.5252100229263306
            ],
            "name": "hope_Cube_0",
            "projected_cuboid": [
                [
                    85.78658103942871,
                    356.8456172943115
                ],
                [
                    91.01362228393555,
                    429.9302577972412
                ],
                [
                    147.66788482666016,
                    425.71892738342285
                ],
                [
                    139.62523937225342,
                    347.98336029052734
                ],
                [
                    32.38590955734253,
                    363.5977268218994
                ],
                [
                    35.750675201416016,
                    447.27373123168945
                ],
                [
                    96.5927243232727,
                    443.80531311035156
                ],
                [
                    89.93881940841675,
                    353.9698362350464
                ],
                [
                    90.51828384399414,
                    394.92313861846924
                ]
            ],
            "provenance": "nvisii",
            "quaternion_xyzw": [
                -0.8498079180717468,
                0.012599736452102661,
                0.5004429817199707,
                -0.16499879956245422
            ],
            "quaternion_xyzw_world": [
                -0.7513249516487122,
                0.2634817361831665,
                -0.08588320016860962,
                0.5989258885383606
            ],
            "segmentation_id": 1,
            "visibility": 1
        },
        {
            "bounding_box_minx_maxx_miny_maxy": [
                179,
                285,
                143,
                260
            ],
            "class": "Cube",
            "local_cuboid": null,
            "local_to_world_matrix": [
                [
                    -0.0025213556364178658,
                    0.0029960754327476025,
                    -0.0031090672127902508,
                    0.0
                ],
                [
                    0.00118212157394737,
                    0.003941790666431189,
                    0.002839872147887945,
                    0.0
                ],
                [
                    0.004152752924710512,
                    0.0006970061804167926,
                    -0.0026960766408592463,
                    0.0
                ],
                [
                    1.3213109970092773,
                    -0.2285953015089035,
                    -0.025535928085446358,
                    1.0
                ]
            ],
            "location": [
                0.2285953015089035,
                -0.025535928085446358,
                -1.3213109970092773
            ],
            "location_world": [
                1.3213109970092773,
                -0.2285953015089035,
                -0.025535928085446358
            ],
            "name": "hope_Cube_1",
            "projected_cuboid": [
                [
                    248.3051061630249,
                    260.498046875
                ],
                [
                    179.33645248413086,
                    209.7407341003418
                ],
                [
                    189.66690301895142,
                    157.77273178100586
                ],
                [
                    271.56896591186523,
                    214.9984359741211
                ],
                [
                    292.81764030456543,
                    204.93533611297607
                ],
                [
                    227.76799201965332,
                    160.43614149093628
                ],
                [
                    244.63298320770264,
                    105.71668148040771
                ],
                [
                    321.00889682769775,
                    154.90570068359375
                ],
                [
                    246.48430347442627,
                    183.75080823898315
                ]
            ],
            "provenance": "nvisii",
            "quaternion_xyzw": [
                -0.40723490715026855,
                0.8656991720199585,
                -0.2239922285079956,
                -0.18588221073150635
            ],
            "quaternion_xyzw_world": [
                0.2482871413230896,
                0.8414042592048645,
                0.21017712354660034,
                0.43152981996536255
            ],
            "segmentation_id": 2,
            "visibility": 1
        },
        {
            "bounding_box_minx_maxx_miny_maxy": [
                0,
                96,
                207,
                359
            ],
            "class": "Cube",
            "local_cuboid": null,