{
    "camera_data": {
        "camera_look_at": {
            "at": [
                1.0,
                0.0,
                0.0
            ],
            "eye": [
                0.0,
                0.0,
                0.0
            ],
            "up": [
                0.0,
                0.0,
                1.0
            ]
        },
        "camera_view_matrix": [
            [
                0.0,
                0.0,
                -1.0,
                0.0
            ],
            [
                -1.0,
                0.0,
                0.0,
                0.0
            ],
            [
                0.0,
                1.0,
                0.0,
                0.0
            ],
            [
                0.0,
                0.0,
                0.0,
                1.0
            ]
        ],
        "height": 400,
        "intrinsics": {
            "cx": 200.0,
            "cy": 200.0,
            "fx": 482.84283447265625,
            "fy": 482.84283447265625
        },
        "location_world": [
            0.0,
            0.0,
            0.0
        ],
        "quaternion_world_xyzw": [
            0.5,
            -0.5,
            -0.5,
            0.5
        ],
        "width": 400
    },
    "objects": [
        {
            "bounding_box_minx_maxx_miny_maxy": [
                0,
                40,
                310,
                400
            ],
            "class": "Cube",
            "local_cuboid": null,
            "local_to_world_matrix": [
                [
                    0.00461842305958271,
                    0.0012890346115455031,
                    -0.0014172361698001623,
                    0.0
                ],
                [
                    0.0014354119775816798,
                    -0.004778019152581692,
                    0.0003318482486065477,
                    0.0
                ],
                [
                    -0.0012687636772170663,
                    -0.000713386747520417,
                    -0.00478344177827239,
                    0.0
                ],
                [
                    1.4914348125457764,
                    0.7680166363716125,
                    -0.4997491240501404,
                    1.0
                ]
            ],
            "location": [
                -0.7680166363716125,
                -0.4997491240501404,
                -1.4914348125457764
            ],
            "location_world": [
                1.4914348125457764,
                0.7680166363716125,
                -0.4997491240501404
            ],
            "name": "hope_Cube_0",
            "projected_cuboid": [
                [
                    -39.83349800109863,
                    400.7071018218994
                ],
                [
                    40.657663345336914,
                    387.0962142944336
                ],
                [
                    36.498188972473145,
                    312.63837814331055
                ],
                [
                    -41.058945655822754,
                    322.46110439300537
                ],
                [
                    -57.88254737854004,
                    409.73243713378906
                ],
                [
                    36.64964437484741,
                    393.4445381164551
                ],
                [
                    32.012808322906494,
                    307.0927619934082
                ],
                [
                    -58.49568843841553,
                    318.2440757751465
                ],
                [
                    -5.035972595214844,
                    355.36656379699707
                ]
            ],
            "provenance": "nvisii",
            "quaternion_xyzw": [
                0.32483482360839844,
                0.5173064470291138,
                -0.6010802984237671,
                0.515343427658081
            ],
            "quaternion_xyzw_world": [
                0.9792824983596802,
                0.1391042321920395,
                -0.13714121282100677,
                0.05336739122867584
            ],
            "segmentation_id": 1,
            "visibility": 1
        },
        {
            "bounding_box_minx_maxx_miny_maxy": [
                207,
                333,
                113,
                235
            ],
            "class": "Cube",
            "local_cuboid": null,
            "local_to_world_matrix": [
                [
                    -0.00437560910359025,
                    -0.00134399498347193,
                    0.002011895179748535,
                    0.0
                ],
                [
                    0.001986111979931593,
                    0.00037928996607661247,
                    0.0045729088596999645,
                    0.0
                ],
                [
                    -0.0013818118022754788,
                    0.004801022820174694,
                    0.00020193993987049907,
                    0.0
                ],
                [
                    1.3287384510040283,
                    -0.1943402886390686,
                    -0.05089084059000015,
                    1.0
                ]
            ],
            "location": [
                0.1943402886390686,
                -0.05089084059000015,
                -1.3287384510040283
            ],
            "location_world": [
                1.3287384510040283,
                -0.1943402886390686,
                -0.05089084059000015
            ],
            "name": "hope_Cube_1",
            "projected_cuboid": [
                [
                    243.97845268249512,
                    198.18447828292847
                ],
                [
                    233.44650268554688,
                    112.35098838806152
                ],
                [
                    317.39282608032227,
                    120.42887210845947
                ],
                [
                    333.9928150177002,
                    202.1726131439209
                ],
                [
                    214.00620937347412,
                    233.07278156280518
                ],
                [
                    206.98788166046143,
                    157.42905139923096
                ],
                [
                    280.41388988494873,
                    162.40146160125732
                ],
                [
                    292.0542001724243,
                    234.83166694641113
                ],
                [
                    264.7547483444214,
                    177.7801752090454
                ]
            ],
            "provenance": "nvisii",
            "quaternion_xyzw": [
                0.13951238989830017,
                0.5851112008094788,
                -0.1524643450975418,
                -0.7841783761978149
            ],
            "quaternion_xyzw_world": [
                0.046454764902591705,
                0.6911208033561707,
                0.6781688332557678,
                -0.24552197754383087
            ],
            "segmentation_id": 2,
            "visibility": 1
        },
        {
            "bounding_box_minx_maxx_miny_maxy": [
                0,
                121,
                172,
                326
            ],
            "class": "Cube",
            "local_cuboid": null,