{
    "camera_data": {
        "camera_look_at": {
            "at": [
                1.0,
                0.0,
                0.0
            ],
            "eye": [
                0.0,
                0.0,
                0.0
            ],
            "up": [
                0.0,
                0.0,
                1.0
            ]
        },
        "camera_view_matrix": [
            [
                0.0,
                0.0,
                -1.0,
                0.0
            ],
            [
                -1.0,
                0.0,
                0.0,
                0.0
            ],
            [
                0.0,
                1.0,
                0.0,
                0.0
            ],
            [
                0.0,
                0.0,
                0.0,
                1.0
            ]
        ],
        "height": 400,
        "intrinsics": {
            "cx": 200.0,
            "cy": 200.0,
            "fx": 482.84283447265625,
            "fy": 482.84283447265625
        },
        "location_world": [
            0.0,
            0.0,
            0.0
        ],
        "quaternion_world_xyzw": [
            0.5,
            -0.5,
            -0.5,
            0.5
        ],
        "width": 400
    },
    "objects": [
        {
            "bounding_box_minx_maxx_miny_maxy": [
                0,
                62,
                305,
                371
            ],
            "class": "Cube",
            "local_cuboid": null,
            "local_to_world_matrix": [
                [
                    0.004041365813463926,
                    -0.0011370721040293574,
                    -0.0027155897114425898,
                    0.0
                ],
                [
                    -0.0006593633443117142,
                    -0.00484444247558713,
                    0.0010471948189660907,
                    0.0
                ],
                [
                    -0.002869250951334834,
                    -0.0004883074434474111,
                    -0.004065582063049078,
                    0.0
                ],
                [
                    1.8252440690994263,
                    0.8114327788352966,
                    -0.4883953332901001,
                    1.0
                ]
            ],
            "location": [
                -0.8114327788352966,
                -0.4883953332901001,
                -1.8252440690994263
            ],
            "location_world": [
                1.8252440690994263,
                0.8114327788352966,
                -0.4883953332901001
            ],
            "name": "hope_Cube_0",
            "projected_cuboid": [
                [
                    -0.6820917129516602,
                    371.2947607040405
                ],
                [
                    59.8912239074707,
                    360.51604747772217
                ],
                [
                    64.12092447280884,
                    298.84819984436035
                ],
                [
                    7.827150821685791,
                    309.8705053329468
                ],
                [
                    -41.834139823913574,
                    352.56714820861816
                ],
                [
                    25.459253787994385,
                    340.0623321533203
                ],
                [
                    32.975685596466064,
                    272.99067974090576
                ],
                [
                    -29.08022403717041,
                    285.727858543396
                ],
                [
                    15.720736980438232,
                    323.3870029449463
                ]
            ],
            "provenance": "nvisii",
            "quaternion_xyzw": [
                0.3332136273384094,
                0.31944262981414795,
                -0.5331502556800842,
                0.7089964151382446
            ],
            "quaternion_xyzw_world": [
                0.9474014639854431,
                -0.09480856359004974,
                -0.29474520683288574,
                0.08103757351636887
            ],
            "segmentation_id": 1,
            "visibility": 1
        },
        {
            "bounding_box_minx_maxx_miny_maxy": [
                189,
                332,
                108,
                242
            ],
            "class": "Cube",
            "local_cuboid": null,
            "local_to_world_matrix": [
                [
                    -0.0029116105288267136,
                    -0.003251547459512949,
                    0.0024392541963607073,
                    0.0
                ],
                [
                    0.0022508816327899694,
                    0.0012087034992873669,
                    0.004297972656786442,
                    0.0
                ],
                [
                    -0.003384679090231657,
                    0.0036008991301059723,
                    0.0007599148084409535,
                    0.0
                ],
                [
                    1.3249472379684448,
                    -0.19803191721439362,
                    -0.049241699278354645,
                    1.0
                ]
            ],
            "location": [
                0.19803191721439362,
                -0.049241699278354645,
                -1.3249472379684448
            ],
            "location_world": [
                1.3249472379684448,
                -0.19803191721439362,
                -0.049241699278354645
            ],
            "name": "hope_Cube_1",
            "projected_cuboid": [
                [
                    278.2853364944458,
                    187.28829622268677
                ],
                [
                    248.60661029815674,
                    107.34696388244629
                ],
                [
                    302.9131889343262,
                    130.82422018051147
                ],
                [
                    333.40673446655273,
                    202.62165069580078
                ],
                [
                    209.82539653778076,
                    233.54406356811523
                ],
                [
                    188.581645488739,
                    158.1143617630005
                ],
                [
                    244.30038928985596,
                    174.06175136566162
                ],
                [
                    267.3491954803467,
                    242.09072589874268
                ],
                [
                    258.66408348083496,
                    179.65190410614014
                ]
            ],
            "provenance": "nvisii",
            "quaternion_xyzw": [
                0.16865581274032593,
                0.3648113012313843,
                -0.2043476700782776,
                -0.8925861120223999
            ],
            "quaternion_xyzw_world": [
                -0.07738567143678665,
                0.6465446352958679,
                0.6108527779579163,
                -0.45038914680480957
            ],
            "segmentation_id": 2,
            "visibility": 1
        },
        {
            "bounding_box_minx_maxx_miny_maxy": [
                0,
                120,
                172,
                325
            ],
            "class": "Cube",
            "local_cuboid": null,