{
    "camera_data": {
        "camera_look_at": {
            "at": [
                1.0,
                0.0,
                0.0
            ],
            "eye": [
                0.0,
                0.0,
                0.0
            ],
            "up": [
                0.0,
                0.0,
                1.0
            ]
        },
        "camera_view_matrix": [
            [
                0.0,
                0.0,
                -1.0,
                0.0
            ],
            [
                -1.0,
                0.0,
                0.0,
                0.0
            ],
            [
                0.0,
                1.0,
                0.0,
                0.0
            ],
            [
                0.0,
                0.0,
                0.0,
                1.0
            ]
        ],
        "height": 400,
        "intrinsics": {
            "cx": 200.0,
            "cy": 200.0,
            "fx": 482.84283447265625,
            "fy": 482.84283447265625
        },
        "location_world": [
            0.0,
            0.0,
            0.0
        ],
        "quaternion_world_xyzw": [
            0.5,
            -0.5,
            -0.5,
            0.5
        ],
        "width": 400
    },
    "objects": [
        {
            "bounding_box_minx_maxx_miny_maxy": [
                72,
                186,
                344,
                400
            ],
            "class": "Cube",
            "local_cuboid": null,
            "local_to_world_matrix": [
                [
                    0.0013504672097042203,
                    0.004749953746795654,
                    -0.0007836957229301333,
                    0.0
                ],
                [
                    -0.0002325038512935862,
                    -0.0007486450485885143,
                    -0.004938164725899696,
                    0.0
                ],
                [
                    -0.00480855256319046,
                    0.001370208221487701,
                    1.8672346413950436e-05,
                    0.0
                ],
                [
                    1.5094014406204224,
                    0.22367914021015167,
                    -0.49150100350379944,
                    1.0
                ]
            ],
            "location": [
                -0.22367914021015167,
                -0.49150100350379944,
                -1.5094014406204224
            ],
            "location_world": [
                1.5094014406204224,
                0.22367914021015167,
                -0.49150100350379944
            ],
            "name": "hope_Cube_0",
            "projected_cuboid": [
                [
                    72.18183279037476,
                    373.26855659484863
                ],
                [
                    83.93528461456299,
                    459.1681480407715
                ],
                [
                    120.8566665649414,
                    421.7167377471924
                ],
                [
                    110.54401397705078,
                    348.4950065612793
                ],
                [
                    150.4179835319519,
                    367.9415225982666
                ],
                [
                    163.438880443573,
                    458.1112861633301
                ],
                [
                    189.86819982528687,
                    419.2240238189697
                ],
                [
                    178.616464138031,
                    342.922306060791
                ],
                [
                    134.1808557510376,
                    397.47862815856934
                ]
            ],
            "provenance": "nvisii",
            "quaternion_xyzw": [
                -0.13777852058410645,
                0.012719884514808655,
                0.9873366355895996,
                -0.07759971916675568
            ],
            "quaternion_xyzw_world": [
                -0.5949974656105042,
                -0.3796192407608032,
                0.46993884444236755,
                0.5301176309585571
            ],
            "segmentation_id": 1,
            "visibility": 1
        },
        {
            "bounding_box_minx_maxx_miny_maxy": [
                -1,
                -1,
                -1,
                -1
            ],
            "class": "Cube",
            "local_cuboid": null,
            "local_to_world_matrix": [
                [
                    -0.004482414573431015,
                    -0.0020303053315728903,
                    0.0008864754345268011,
                    0.0
                ],
                [
                    -0.0009033188107423484,
                    0.0035018317867070436,
                    0.003452708013355732,
                    0.0
                ],
                [
                    -0.0020228675566613674,
                    0.0029351382981985807,
                    -0.003506135195493698,
                    0.0
                ],
                [
                    1.3254450559616089,
                    -0.24206891655921936,
                    -0.015584639273583889,
                    1.0
                ]
            ],
            "location": [
                0.24206891655921936,
                -0.015584639273583889,
                -1.3254450559616089
            ],
            "location_world": [
                1.3254450559616089,
                -0.24206891655921936,
                -0.015584639273583889
            ],
            "name": "hope_Cube_1",
            "projected_cuboid": [
                [
                    291.1229372024536,
                    233.6658000946045
                ],
                [
                    219.16279792785645,
                    160.4447841644287
                ],
                [
                    275.71256160736084,
                    94.27680969238281
                ],
                [
                    339.89365100860596,
                    164.00302648544312
                ],
                [
                    241.05677604675293,
                    243.6563491821289
                ],
                [
                    179.4311285018921,
                    183.00204277038574
                ],
                [
                    229.982328414917,
                    125.53045749664307
                ],
                [
                    285.88502407073975,
                    183.80651473999023
                ],
                [
                    257.2665214538574,
                    173.786199092865
                ]
            ],
            "provenance": "nvisii",
            "quaternion_xyzw": [
                -0.2788127064704895,
                0.4690168499946594,
                -0.2774757146835327,
                -0.7907553911209106
            ],
            "quaternion_xyzw_world": [
                -0.1615377813577652,
                0.9080303311347961,
                0.3517419099807739,
                -0.16020075976848602
            ],
            "segmentation_id": 2,
            "visibility": 0
        },
        {
            "bounding_box_minx_maxx_miny_maxy": [
                0,
                92,
                216,
                354
            ],
            "class": "Cube",
            "local_cuboid": null,