{
    "camera_data": {
        "camera_look_at": {
            "at": [
                1.0,
                0.0,
                0.0
            ],
            "eye": [
                0.0,
                0.0,
                0.0
            ],
            "up": [
                0.0,
                0.0,
                1.0
            ]
        },
        "camera_view_matrix": [
            [
                0.0,
                0.0,
                -1.0,
                0.0
            ],
            [
                -1.0,
                0.0,
                0.0,
                0.0
            ],
            [
                0.0,
                1.0,
                0.0,
                0.0
            ],
            [
                0.0,
                0.0,
                0.0,
                1.0
            ]
        ],
        "height": 500,
        "intrinsics": {
            "cx": 250.0,
            "cy": 250.0,
            "fx": 603.5535278320312,
            "fy": 603.5535278320312
        },
        "location_world": [
            0.0,
            0.0,
            0.0
        ],
        "quaternion_world_xyzw": [
            0.5,
            -0.5,
            -0.5,
            0.5
        ],
        "width": 500
    },
    "objects": [
        {
            "bounding_box_minx_maxx_miny_maxy": [
                19,
                232,
                319,
                500
            ],
            "class": "Cube",
            "local_cuboid": null,
            "local_to_world_matrix": [
                [
                    0.004982458893209696,
                    0.004835840314626694,
                    -0.0008886840078048408,
                    0.0
                ],
                [
                    -0.00024735130136832595,
                    0.0015101293101906776,
                    0.006830690428614616,
                    0.0
                ],
                [
                    0.004910593386739492,
                    -0.004830545280128717,
                    0.0012457582633942366,
                    0.0
                ],
                [
                    1.5859395265579224,
                    0.28601565957069397,
                    -0.5713861584663391,
                    1.0
                ]
            ],
            "location": [
                -0.28601565957069397,
                -0.5713861584663391,
                -1.5859395265579224
            ],
            "location_world": [
                1.5859395265579224,
                0.28601565957069397,
                -0.5713861584663391
            ],
            "name": "hope_Cube_0",
            "projected_cuboid": [
                [
                    155.79348802566528,
                    435.1746141910553
                ],
                [
                    130.12632727622986,
                    323.22758436203003
                ],
                [
                    18.909677863121033,
                    358.50417613983154
                ],
                [
                    49.41233992576599,
                    487.4880909919739
                ],
                [
                    233.1005185842514,
                    447.365939617157
                ],
                [
                    203.9734572172165,
                    317.77146458625793
                ],
                [
                    85.53722500801086,
                    358.6643636226654
                ],
                [
                    121.10105156898499,
                    511.6513967514038
                ],
                [
                    126.30249559879303,
                    403.0584394931793
                ]
            ],
            "provenance": "nvisii",
            "quaternion_xyzw": [
                -0.09336240589618683,
                0.9176275134086609,
                0.05811217427253723,
                0.38192451000213623
            ],
            "quaternion_xyzw_world": [
                0.5740386843681335,
                0.28547656536102295,
                0.25022634863853455,
                0.7255132794380188
            ],
            "segmentation_id": 1,
            "visibility": 1
        },
        {
            "bounding_box_minx_maxx_miny_maxy": [
                286,
                499,
                407,
                500
            ],
            "class": "Cube",
            "local_cuboid": null,
            "local_to_world_matrix": [
                [
                    -0.000627099652774632,
                    0.0002922778658103198,
                    -0.006965724751353264,
                    0.0
                ],
                [
                    -0.004670637659728527,
                    0.005174804013222456,
                    0.0006376126548275352,
                    0.0
                ],
                [
                    0.005176088772714138,
                    0.0047048889100551605,
                    -0.00026857006014324725,
                    0.0
                ],
                [
                    1.2704370021820068,
                    -0.44496750831604004,
                    -0.5321992635726929,
                    1.0
                ]
            ],
            "location": [
                0.44496750831604004,
                -0.5321992635726929,
                -1.2704370021820068
            ],
            "location_world": [
                1.2704370021820068,
                -0.44496750831604004,
                -0.5321992635726929
            ],
            "name": "hope_Cube_1",
            "projected_cuboid": [
                [
                    389.5503580570221,
                    560.923159122467
                ],
                [
                    282.1534276008606,
                    607.3054075241089
                ],
                [
                    450.6887197494507,
                    701.9060850143433
                ],
                [
                    547.8101968765259,
                    625.2257227897644
                ],
                [
                    392.6903307437897,
                    405.53224086761475
                ],
                [
                    288.76274824142456,
                    419.98255252838135
                ],
                [
                    453.4267783164978,
                    458.8562250137329
                ],
                [
                    547.3628044128418,
                    433.3244562149048
                ],
                [
                    415.1076674461365,
                    520.0855731964111
                ]
            ],
            "provenance": "nvisii",
            "quaternion_xyzw": [
                -0.6337586045265198,
                0.6841568946838379,
                0.22979624569416046,
                -0.27833986282348633
            ],
            "quaternion_xyzw_world": [
                -0.22886887192726135,
                0.6832295656204224,
                0.27926722168922424,
                0.6346859335899353
            ],
            "segmentation_id": 2,
            "visibility": 1
        }
    ]
}