{
    "camera_data": {
        "camera_look_at": {
            "at": [
                1.0,
                0.0,
                0.0
            ],
            "eye": [
                0.0,
                0.0,
                0.0
            ],
            "up": [
                0.0,
                0.0,
                1.0
            ]
        },
        "camera_view_matrix": [
            [
                0.0,
                0.0,
                -1.0,
                0.0
            ],
            [
                -1.0,
                0.0,
                0.0,
                0.0
            ],
            [
                0.0,
                1.0,
                0.0,
                0.0
            ],
            [
                0.0,
                0.0,
                0.0,
                1.0
            ]
        ],
        "height": 500,
        "intrinsics": {
            "cx": 250.0,
            "cy": 250.0,
            "fx": 603.5535278320312,
            "fy": 603.5535278320312
        },
        "location_world": [
            0.0,
            0.0,
            0.0
        ],
        "quaternion_world_xyzw": [
            0.5,
            -0.5,
            -0.5,
            0.5
        ],
        "width": 500
    },
    "objects": [
        {
            "bounding_box_minx_maxx_miny_maxy": [
                150,
                499,
                219,
                500
            ],
            "class": "Cube",
            "local_cuboid": null,
            "local_to_world_matrix": [
                [
                    -0.0004802608455065638,
                    -0.0028157078195363283,
                    0.009583380073308945,
                    0.0
                ],
                [
                    -0.009170391596853733,
                    -0.0036784911062568426,
                    -0.0015403458382934332,
                    0.0
                ],
                [
                    0.003958952147513628,
                    -0.008862309157848358,
                    -0.0024054539389908314,
                    0.0
                ],
                [
                    1.3469696044921875,
                    -0.08292648941278458,
                    -0.23396293818950653,
                    1.0
                ]
            ],
            "location": [
                0.08292648941278458,
                -0.23396293818950653,
                -1.3469696044921875
            ],
            "location_world": [
                1.3469696044921875,
                -0.08292648941278458,
                -0.23396293818950653
            ],
            "name": "hope_Cube_0",
            "projected_cuboid": [
                [
                    407.78815746307373,
                    272.9456126689911
                ],
                [
                    595.766544342041,
                    331.3872814178467
                ],
                [
                    339.80754017829895,
                    258.7406039237976
                ],
                [
                    216.6779488325119,
                    217.88935363292694
                ],
                [
                    346.9078242778778,
                    470.9312319755554
                ],
                [
                    502.43890285491943,
                    618.8007593154907
                ],
                [
                    231.0989648103714,
                    619.3151473999023
                ],
                [
                    149.8754322528839,
                    448.02799820899963
                ],
                [
                    344.4384038448334,
                    397.1322476863861
                ]
            ],
            "provenance": "nvisii",
            "quaternion_xyzw": [
                0.6766647696495056,
                0.48997193574905396,
                0.3451697528362274,
                0.4276801645755768
            ],
            "quaternion_xyzw_world": [
                0.6245735287666321,
                -0.47977137565612793,
                0.5420631766319275,
                0.29307854175567627
            ],
            "segmentation_id": 1,
            "visibility": 1
        }
    ]
}