{
    "camera_data": {
        "camera_look_at": {
            "at": [
                1.0,
                0.0,
                0.0
            ],
            "eye": [
                0.0,
                0.0,
                0.0
            ],
            "up": [
                0.0,
                0.0,
                1.0
            ]
        },
        "camera_view_matrix": [
            [
                0.0,
                0.0,
                -1.0,
                0.0
            ],
            [
                -1.0,
                0.0,
                0.0,
                0.0
            ],
            [
                0.0,
                1.0,
                0.0,
                0.0
            ],
            [
                0.0,
                0.0,
                0.0,
                1.0
            ]
        ],
        "height": 500,
        "intrinsics": {
            "cx": 250.0,
            "cy": 250.0,
            "fx": 603.5535278320312,
            "fy": 603.5535278320312
        },
        "location_world": [
            0.0,
            0.0,
            0.0
        ],
        "quaternion_world_xyzw": [
            0.5,
            -0.5,
            -0.5,
            0.5
        ],
        "width": 500
    },
    "objects": [
        {
            "bounding_box_minx_maxx_miny_maxy": [
                192,
                284,
                178,
                279
            ],
            "class": "Cube",
            "local_cuboid": null,
            "local_to_world_matrix": [
                [
                    0.004804370459169149,
                    -9.201660577673465e-05,
                    0.0013818677980452776,
                    0.0
                ],
                [
                    -0.0013849277747794986,
                    -0.0003229075518902391,
                    0.0047935075126588345,
                    0.0
                ],
                [
                    1.0263174772262573e-06,
                    -0.004988714121282101,
                    -0.0003357607056386769,
                    0.0
                ],
                [
                    1.8789255619049072,
                    0.04102709889411926,
                    -0.04255769029259682,
                    1.0
                ]
            ],
            "location": [
                -0.04102709889411926,
                -0.04255769029259682,
                -1.8789255619049072
            ],
            "location_world": [
                1.8789255619049072,
                0.04102709889411926,
                -0.04255769029259682
            ],
            "name": "hope_Cube_0",
            "projected_cuboid": [
                [
                    275.96232295036316,
                    254.95296716690063
                ],
                [
                    281.9434106349945,
                    180.17171323299408
                ],
                [
                    203.93063127994537,
                    174.9192327260971
                ],
                [
                    200.65179467201233,
                    249.88435208797455
                ],
                [
                    277.929425239563,
                    279.339075088501
                ],
                [
                    284.8414480686188,
                    194.9252337217331
                ],
                [
                    195.73695957660675,
                    188.92641365528107
                ],
                [
                    192.3328936100006,
                    273.5789120197296
                ],
                [
                    239.21556770801544,
                    224.7098833322525
                ]
            ],
            "provenance": "nvisii",
            "quaternion_xyzw": [
                0.12237979471683502,
                0.6965097784996033,
                0.07531610131263733,
                0.7030113339424133
            ],
            "quaternion_xyzw_world": [
                0.7232924103736877,
                -0.10209871083498001,
                0.09559717774391174,
                0.6762287020683289
            ],
            "segmentation_id": 1,
            "visibility": 1
        },
        {
            "bounding_box_minx_maxx_miny_maxy": [
                165,
                338,
                440,
                500
            ],
            "class": "Cube",
            "local_cuboid": null,
            "local_to_world_matrix": [
                [
                    0.0029644970782101154,
                    0.0023616214748471975,
                    0.003261058358475566,
                    0.0
                ],
                [
                    -0.001825433922931552,
                    -0.0028212040197104216,
                    0.0037025127094238997,
                    0.0
                ],
                [
                    0.003588808700442314,
                    -0.0033857866656035185,
                    -0.0008104931912384927,
                    0.0
                ],
                [
                    1.1206799745559692,
                    0.06499634683132172,
                    -0.6206035017967224,
                    1.0
                ]
            ],
            "location": [
                -0.06499634683132172,
                -0.6206035017967224,
                -1.1206799745559692
            ],
            "location_world": [
                1.1206799745559692,
                0.06499634683132172,
                -0.6206035017967224
            ],
            "name": "hope_Cube_1",
            "projected_cuboid": [
                [
                    231.49077594280243,
                    512.8165483474731
                ],
                [
                    301.4247417449951,
                    439.281165599823
                ],
                [
                    209.74254608154297,
                    448.6576318740845
                ],
                [
                    136.02511584758759,
                    533.3592295646667
                ],
                [
                    291.79656505584717,
                    633.7077617645264
                ],
                [
                    376.9170343875885,
                    560.3005886077881
                ],
                [
                    285.1848900318146,
                    596.371054649353
                ],
                [
                    192.8516924381256,
                    680.1036596298218
                ],
                [
                    253.10677289962769,
                    546.4537143707275
                ]
            ],
            "provenance": "nvisii",
            "quaternion_xyzw": [
                0.355293869972229,
                0.8559480905532837,
                0.05928751826286316,
                0.370950311422348
            ],
            "quaternion_xyzw_world": [
                0.7614523768424988,
                0.03520821034908295,
                0.4497895836830139,
                0.46544602513313293
            ],
            "segmentation_id": 2,
            "visibility": 1
        },
        {
            "bounding_box_minx_maxx_miny_maxy": [
                0,
                108,
                217,
                405
            ],
            "class": "Cube",
            "local_cuboid": null,