{
    "camera_data": {
        "camera_look_at": {
            "at": [
                1.0,
                0.0,
                0.0
            ],
            "eye": [
                0.0,
                0.0,
                0.0
            ],
            "up": [
                0.0,
                0.0,
                1.0
            ]
        },
        "camera_view_matrix": [
            [
                0.0,
                0.0,
                -1.0,
                0.0
            ],
            [
                -1.0,
                0.0,
                0.0,
                0.0
            ],
            [
                0.0,
                1.0,
                0.0,
                0.0
            ],
            [
                0.0,
                0.0,
                0.0,
                1.0
            ]
        ],
        "height": 500,
        "intrinsics": {
            "cx": 250.0,
            "cy": 250.0,
            "fx": 603.5535278320312,
            "fy": 603.5535278320312
        },
        "location_world": [
            0.0,
            0.0,
            0.0
        ],
        "quaternion_world_xyzw": [
            0.5,
            -0.5,
            -0.5,
            0.5
        ],
        "width": 500
    },
    "objects": [
        {
            "bounding_box_minx_maxx_miny_maxy": [
                174,
                499,
                318,
                500
            ],
            "class": "Cube",
            "local_cuboid": null,
            "local_to_world_matrix": [
                [
                    0.007574782241135836,
                    -0.006036115810275078,
                    -0.0024875644594430923,
                    0.0
                ],
                [
                    0.0021534753032028675,
                    -0.001286923885345459,
                    0.009680204093456268,
                    0.0
                ],
                [
                    -0.006163214333355427,
                    -0.007868234999477863,
                    0.0003250455774832517,
                    0.0
                ],
                [
                    1.1700831651687622,
                    -0.1818612813949585,
                    -0.6767498850822449,
                    1.0
                ]
            ],
            "location": [
                0.1818612813949585,
                -0.6767498850822449,
                -1.1700831651687622
            ],
            "location_world": [
                1.1700831651687622,
                -0.1818612813949585,
                -0.6767498850822449
            ],
            "name": "hope_Cube_50mm_0",
            "projected_cuboid": [
                [
                    515.1159763336182,
                    615.9323453903198
                ],
                [
                    522.9529738426208,
                    363.4450435638428
                ],
                [
                    324.60781931877136,
                    347.93180227279663
                ],
                [
                    304.25605177879333,
                    547.9080677032471
                ],
                [
                    416.22549295425415,
                    692.7788853645325
                ],
                [
                    438.63600492477417,
                    329.08499240875244
                ],
                [
                    200.7422298192978,
                    317.36496090888977
                ],
                [
                    161.8451625108719,
                    581.1833143234253
                ],
                [
                    355.54710030555725,
                    464.38631415367126
                ]
            ],
            "provenance": "nvisii",
            "quaternion_xyzw": [
                -0.06940753757953644,
                0.4324602484703064,
                -0.1056993156671524,
                0.8927419781684875
            ],
            "quaternion_xyzw_world": [
                0.6807470321655273,
                -0.14258748292922974,
                -0.3176943361759186,
                0.6444552540779114
            ],
            "segmentation_id": 1,
            "visibility": 1
        },
        {
            "bounding_box_minx_maxx_miny_maxy": [
                0,
                283,
                1,
                281
            ],
            "class": "Cube",
            "local_cuboid": null,
            "local_to_world_matrix": [
                [
                    0.0073685538955032825,
                    0.004498829133808613,
                    -0.005046281032264233,
                    0.0
                ],
                [
                    0.000140322299557738,
                    0.007360970601439476,
                    0.006767304614186287,
                    0.0
                ],
                [
                    0.006759047973901033,
                    -0.005057335365563631,
                    0.00536084221675992,
                    0.0
                ],
                [
                    1.641035556793213,
                    0.14674098789691925,
                    0.1747768223285675,
                    1.0
                ]
            ],
            "location": [
                -0.14674098789691925,
                0.1747768223285675,
                -1.641035556793213
            ],
            "location_world": [
                1.641035556793213,
                0.14674098789691925,
                0.1747768223285675
            ],
            "name": "hope_Cube_50mm_1",
            "projected_cuboid": [
                [
                    209.81459319591522,
                    194.72360610961914
                ],
                [
                    98.955899477005,
                    92.86999702453613
                ],
                [
                    -23.490846157073975,
                    158.20759534835815
                ],
                [
                    109.46916043758392,
                    281.12056851387024
                ],
                [
                    284.21422839164734,
                    88.52939307689667
                ],
                [
                    148.02169799804688,
                    -35.8501672744751
                ],
                [
                    3.541037440299988,
                    14.482662081718445
                ],
                [
                    174.68565702438354,
                    171.7756986618042
                ],
                [
                    128.60792875289917,
                    123.76561760902405
                ]
            ],
            "provenance": "nvisii",
            "quaternion_xyzw": [
                -0.37057098746299744,
                0.8370361328125,
                0.1559227854013443,
                0.37112757563591003
            ],
            "quaternion_xyzw_world": [
                0.34083500504493713,
                0.34027838706970215,
                0.125630185008049,
                0.8673287630081177
            ],
            "segmentation_id": 2,
            "visibility": 1
        }
    ]
}