{
    "camera_data": {
        "camera_look_at": {
            "at": [
                1.0,
                0.0,
                0.0
            ],
            "eye": [
                0.0,
                0.0,
                0.0
            ],
            "up": [
                0.0,
                0.0,
                1.0
            ]
        },
        "camera_view_matrix": [
            [
                0.0,
                0.0,
                -1.0,
                0.0
            ],
            [
                -1.0,
                0.0,
                0.0,
                0.0
            ],
            [
                0.0,
                1.0,
                0.0,
                0.0
            ],
            [
                0.0,
                0.0,
                0.0,
                1.0
            ]
        ],
        "height": 500,
        "intrinsics": {
            "cx": 250.0,
            "cy": 250.0,
            "fx": 603.5535278320312,
            "fy": 603.5535278320312
        },
        "location_world": [
            0.0,
            0.0,
            0.0
        ],
        "quaternion_world_xyzw": [
            0.5,
            -0.5,
            -0.5,
            0.5
        ],
        "width": 500
    },
    "objects": [
        {
            "bounding_box_minx_maxx_miny_maxy": [
                263,
                302,
                88,
                135
            ],
            "class": "Cube",
            "local_cuboid": null,
            "local_to_world_matrix": [
                [
                    -0.0009249827126041055,
                    -4.617431841325015e-05,
                    0.00037719382089562714,
                    0.0
                ],
                [
                    0.00034326541936025023,
                    -0.0005273409187793732,
                    0.0007772262906655669,
                    0.0
                ],
                [
                    0.0001630217448109761,
                    0.0008483984274789691,
                    0.0005036310176365077,
                    0.0
                ],
                [
                    1.0830198526382446,
                    -0.04593990370631218,
                    0.23132751882076263,
                    1.0
                ]
            ],
            "location": [
                0.04593990370631218,
                0.23132751882076263,
                -1.0830198526382446
            ],
            "location_world": [
                1.0830198526382446,
                -0.04593990370631218,
                0.23132751882076263
            ],
            "name": "hope_Cube_50mm_0",
            "projected_cuboid": [
                [
                    264.6832764148712,
                    106.28443956375122
                ],
                [
                    279.16982769966125,
                    86.87128126621246
                ],
                [
                    303.252637386322,
                    99.79666769504547
                ],
                [
                    289.0457212924957,
                    119.5698231458664
                ],
                [
                    262.81651854515076,
                    122.52403795719147
                ],
                [
                    276.73718333244324,
                    103.66001725196838
                ],
                [
                    299.8071312904358,
                    116.17361009120941
                ],
                [
                    286.1427664756775,
                    135.37204265594482
                ],
                [
                    282.6897203922272,
                    111.35418713092804
                ]
            ],
            "provenance": "nvisii",
            "quaternion_xyzw": [
                0.32862207293510437,
                0.688126802444458,
                0.05826167017221451,
                -0.6442784667015076
            ],
            "quaternion_xyzw_world": [
                0.15710435807704926,
                0.47276073694229126,
                0.8596444725990295,
                -0.1132560446858406
            ],
            "segmentation_id": 1,
            "visibility": 1
        }
    ]
}