{
    "camera_data": {
        "camera_look_at": {
            "at": [
                1.0,
                0.0,
                0.0
            ],
            "eye": [
                0.0,
                0.0,
                0.0
            ],
            "up": [
                0.0,
                0.0,
                1.0
            ]
        },
        "camera_view_matrix": [
            [
                0.0,
                0.0,
                -1.0,
                0.0
            ],
            [
                -1.0,
                0.0,
                0.0,
                0.0
            ],
            [
                0.0,
                1.0,
                0.0,
                0.0
            ],
            [
                0.0,
                0.0,
                0.0,
                1.0
            ]
        ],
        "height": 500,
        "intrinsics": {
            "cx": 250.0,
            "cy": 250.0,
            "fx": 603.5535278320312,
            "fy": 603.5535278320312
        },
        "location_world": [
            0.0,
            0.0,
            0.0
        ],
        "quaternion_world_xyzw": [
            0.5,
            -0.5,
            -0.5,
            0.5
        ],
        "width": 500
    },
    "objects": [
        {
            "bounding_box_minx_maxx_miny_maxy": [
                175,
                202,
                251,
                276
            ],
            "class": "Cube",
            "local_cuboid": null,
            "local_to_world_matrix": [
                [
                    0.0006123584462329745,
                    0.0007187235751189291,
                    -0.00032932296744547784,
                    0.0
                ],
                [
                    0.00021084104082547128,
                    -0.0005499388207681477,
                    -0.0008081542910076678,
                    0.0
                ],
                [
                    -0.0007619470707140863,
                    0.00042544520692899823,
                    -0.000488296034745872,
                    0.0
                ],
                [
                    1.834575891494751,
                    0.1984015554189682,
                    -0.019735340029001236,
                    1.0
                ]
            ],
            "location": [
                -0.1984015554189682,
                -0.019735340029001236,
                -1.834575891494751
            ],
            "location_world": [
                1.834575891494751,
                0.1984015554189682,
                -0.019735340029001236
            ],
            "name": "hope_Cube_0",
            "projected_cuboid": [
                [
                    175.16528069972992,
                    263.2443606853485
                ],
                [
                    184.6064329147339,
                    276.41311287879944
                ],
                [
                    192.76311993598938,
                    268.0374085903168
                ],
                [
                    183.56043100357056,
                    255.0898790359497
                ],
                [
                    185.94074249267578,
                    257.9490542411804
                ],
                [
                    195.47879695892334,
                    271.3712751865387
                ],
                [
                    203.54655385017395,
                    262.9607617855072
                ],
                [
                    194.25241649150848,
                    249.76846575737
                ],
                [
                    189.42539393901825,
                    263.10187578201294
                ]
            ],
            "provenance": "nvisii",
            "quaternion_xyzw": [
                0.28613096475601196,
                0.19275781512260437,
                -0.9067559242248535,
                0.24241966009140015
            ],
            "quaternion_xyzw_world": [
                0.8140321373939514,
                0.2854815423488617,
                -0.33514338731765747,
                -0.3788546621799469
            ],
            "segmentation_id": 1,
            "visibility": 1
        }
    ]
}