{
    "camera_data": {
        "camera_look_at": {
            "at": [
                1.0,
                0.0,
                0.0
            ],
            "eye": [
                0.0,
                0.0,
                0.0
            ],
            "up": [
                0.0,
                0.0,
                1.0
            ]
        },
        "camera_view_matrix": [
            [
                0.0,
                0.0,
                -1.0,
                0.0
            ],
            [
                -1.0,
                0.0,
                0.0,
                0.0
            ],
            [
                0.0,
                1.0,
                0.0,
                0.0
            ],
            [
                0.0,
                0.0,
                0.0,
                1.0
            ]
        ],
        "height": 500,
        "intrinsics": {
            "cx": 250.0,
            "cy": 250.0,
            "fx": 603.5535278320312,
            "fy": 603.5535278320312
        },
        "location_world": [
            0.0,
            0.0,
            0.0
        ],
        "quaternion_world_xyzw": [
            0.5,
            -0.5,
            -0.5,
            0.5
        ],
        "width": 500
    },
    "objects": [
        {
            "bounding_box_minx_maxx_miny_maxy": [
                7,
                454,
                320,
                500
            ],
            "class": "Cube",
            "local_cuboid": null,
            "local_to_world_matrix": [
                [
                    -0.002435960341244936,
                    -0.00118135882075876,
                    0.006455268710851669,
                    0.0
                ],
                [
                    0.005365381017327309,
                    -0.0043233344331383705,
                    0.0012334801722317934,
                    0.0
                ],
                [
                    0.0037787286564707756,
                    0.005377097520977259,
                    0.002409987151622772,
                    0.0
                ],
                [
                    0.5892981290817261,
                    0.14211249351501465,
                    -0.38560691475868225,
                    1.0
                ]
            ],
            "location": [
                -0.14211249351501465,
                -0.38560691475868225,
                -0.5892981290817261
            ],
            "location_world": [
                0.5892981290817261,
                0.14211249351501465,
                -0.38560691475868225
            ],
            "name": "hope_Cube_0",
            "projected_cuboid": [
                [
                    10.653123259544373,
                    408.8909924030304
                ],
                [
                    229.11298274993896,
                    319.28732991218567
                ],
                [
                    454.578697681427,
                    441.5014088153839
                ],
                [
                    280.38957715034485,
                    645.675539970398
                ],
                [
                    1.926138997077942,
                    644.5034742355347
                ],
                [
                    196.429044008255,
                    503.27348709106445
                ],
                [
                    381.07365369796753,
                    649.6093273162842
                ],
                [
                    209.57794785499573,
                    909.4957113265991
                ],
                [
                    221.60977125167847,
                    545.9815263748169
                ]
            ],
            "provenance": "nvisii",
            "quaternion_xyzw": [
                0.6189451813697815,
                0.6219453811645508,
                -0.16970905661582947,
                -0.4486531615257263
            ],
            "quaternion_xyzw_world": [
                0.4809732139110565,
                0.31068122386932373,
                0.7599173188209534,
                -0.30768099427223206
            ],
            "segmentation_id": 1,
            "visibility": 1
        }
    ]
}