{
    "camera_data": {
        "camera_look_at": {
            "at": [
                1.0,
                0.0,
                0.0
            ],
            "eye": [
                0.0,
                0.0,
                0.0
            ],
            "up": [
                0.0,
                0.0,
                1.0
            ]
        },
        "camera_view_matrix": [
            [
                0.0,
                0.0,
                -1.0,
                0.0
            ],
            [
                -1.0,
                0.0,
                0.0,
                0.0
            ],
            [
                0.0,
                1.0,
                0.0,
                0.0
            ],
            [
                0.0,
                0.0,
                0.0,
                1.0
            ]
        ],
        "height": 400,
        "intrinsics": {
            "cx": 200.0,
            "cy": 200.0,
            "fx": 482.84283447265625,
            "fy": 482.84283447265625
        },
        "location_world": [
            0.0,
            0.0,
            0.0
        ],
        "quaternion_world_xyzw": [
            0.5,
            -0.5,
            -0.5,
            0.5
        ],
        "width": 400
    },
    "objects": [
        {
            "bounding_box_minx_maxx_miny_maxy": [
                87,
                177,
                1,
                46
            ],
            "class": "Cube",
            "local_cuboid": null,
            "local_to_world_matrix": [
                [
                    0.001036132569424808,
                    0.004888523835688829,
                    0.0001696255785645917,
                    0.0
                ],
                [
                    -0.0016527683474123478,
                    0.00018669426208361983,
                    0.004715242423117161,
                    0.0
                ],
                [
                    0.004603779874742031,
                    -0.0010331942467018962,
                    0.0016546064289286733,
                    0.0
                ],
                [
                    1.7864880561828613,
                    0.23359273374080658,
                    0.5772334933280945,
                    1.0
                ]
            ],
            "location": [
                -0.23359273374080658,
                0.5772334933280945,
                -1.7864880561828613
            ],
            "location_world": [
                1.7864880561828613,
                0.23359273374080658,
                0.5772334933280945
            ],
            "name": "hope_Cube_0",
            "projected_cuboid": [
                [
                    117.33973026275635,
                    43.97628307342529
                ],
                [
                    111.19389533996582,
                    -24.71749782562256
                ],
                [
                    83.08532238006592,
                    -32.01427459716797
                ],
                [
                    91.43322706222534,
                    46.35114669799805
                ],
                [
                    177.97753810882568,
                    41.850173473358154
                ],
                [
                    174.448823928833,
                    -28.926420211791992
                ],
                [
                    154.725182056427,
                    -37.0849609375
                ],
                [
                    159.73806381225586,
                    44.002342224121094
                ],
                [
                    134.07962322235107,
                    7.679879665374756
                ]
            ],
            "provenance": "nvisii",
            "quaternion_xyzw": [
                -0.0008708983659744263,
                0.9799884557723999,
                0.16874565184116364,
                0.10557916760444641
            ],
            "quaternion_xyzw_world": [
                0.4579755365848541,
                0.35326725244522095,
                0.5211420059204102,
                0.6275920867919922
            ],
            "segmentation_id": 1,
            "visibility": 1
        },
        {
            "bounding_box_minx_maxx_miny_maxy": [
                341,
                387,
                390,
                400
            ],
            "class": "Cube",
            "local_cuboid": null,
            "local_to_world_matrix": [
                [
                    0.003441278822720051,
                    0.0036268685944378376,
                    5.849916487932205e-05,
                    0.0
                ],
                [
                    0.003548234701156616,
                    -0.003382542170584202,
                    0.0009840958518907428,
                    0.0
                ],
                [
                    0.0007534125470556319,
                    -0.0006357960519380867,
                    -0.004901850130409002,
                    0.0
                ],
                [
                    0.3715454936027527,
                    -0.13103023171424866,
                    -0.41396546363830566,
                    1.0
                ]
            ],
            "location": [
                0.13103023171424866,
                -0.41396546363830566,
                -0.3715454936027527
            ],
            "location_world": [
                0.3715454936027527,
                -0.13103023171424866,
                -0.41396546363830566
            ],
            "name": "hope_Cube_1",
            "projected_cuboid": [
                [
                    257.0127010345459,
                    742.2707080841064
                ],
                [
                    366.4412021636963,
                    558.7913036346436
                ],
                [
                    351.7054080963135,
                    388.66286277770996
                ],
                [
                    226.92265510559082,
                    519.1020011901855
                ],
                [
                    576.942253112793,
                    1053.4843444824219
                ],
                [
                    607.6375961303711,
                    689.8674964904785
                ],
                [
                    607.6522350311279,
                    464.94102478027344
                ],
                [
                    572.6305961608887,
                    730.2863597869873
                ],
                [
                    426.17621421813965,
                    608.4749698638916
                ]
            ],
            "provenance": "nvisii",
            "quaternion_xyzw": [
                0.23900292813777924,
                0.7198742032051086,
                -0.5869139432907104,
                0.28317970037460327
            ],
            "quaternion_xyzw_world": [
                0.9144853949546814,
                0.3923027813434601,
                0.044391728937625885,
                0.08856850117444992
            ],
            "segmentation_id": 2,
            "visibility": 1
        },
        {
            "bounding_box_minx_maxx_miny_maxy": [
                97,
                207,
                126,
                239
            ],
            "class": "Cube",
            "local_cuboid": null,