{
    "camera_data": {
        "camera_look_at": {
            "at": [
                1.0,
                0.0,
                0.0
            ],
            "eye": [
                0.0,
                0.0,
                0.0
            ],
            "up": [
                0.0,
                0.0,
                1.0
            ]
        },
        "camera_view_matrix": [
            [
                0.0,
                0.0,
                -1.0,
                0.0
            ],
            [
                -1.0,
                0.0,
                0.0,
                0.0
            ],
            [
                0.0,
                1.0,
                0.0,
                0.0
            ],
            [
                0.0,
                0.0,
                0.0,
                1.0
            ]
        ],
        "height": 400,
        "intrinsics": {
            "cx": 200.0,
            "cy": 200.0,
            "fx": 482.84283447265625,
            "fy": 482.84283447265625
        },
        "location_world": [
            0.0,
            0.0,
            0.0
        ],
        "quaternion_world_xyzw": [
            0.5,
            -0.5,
            -0.5,
            0.5
        ],
        "width": 400
    },
    "objects": [
        {
            "bounding_box_minx_maxx_miny_maxy": [
                92,
                177,
                34,
                113
            ],
            "class": "Cube",
            "local_cuboid": null,
            "local_to_world_matrix": [
                [
                    0.00078506616409868,
                    0.00490442244336009,
                    0.0005747230025008321,
                    0.0
                ],
                [
                    -0.0045914617367088795,
                    0.0009391683270223439,
                    -0.0017425375990569592,
                    0.0
                ],
                [
                    -0.0018171806586906314,
                    -0.00025416232529096305,
                    0.0046511562541127205,
                    0.0
                ],
                [
                    1.933424949645996,
                    0.21386590600013733,
                    0.5299334526062012,
                    1.0
                ]
            ],
            "location": [
                -0.21386590600013733,
                0.5299334526062012,
                -1.933424949645996
            ],
            "location_world": [
                1.933424949645996,
                0.21386590600013733,
                0.5299334526062012
            ],
            "name": "hope_Cube_0",
            "projected_cuboid": [
                [
                    116.4419174194336,
                    32.79891014099121
                ],
                [
                    91.49855375289917,
                    34.99413728713989
                ],
                [
                    93.60285997390747,
                    106.94878101348877
                ],
                [
                    117.17047691345215,
                    96.58766984939575
                ],
                [
                    178.0589461326599,
                    36.71238422393799
                ],
                [
                    161.1498236656189,
                    39.50843811035156
                ],
                [
                    159.6430778503418,
                    112.85891532897949
                ],
                [
                    175.94460248947144,
                    101.59766674041748
                ],
                [
                    136.98561191558838,
                    70.87031602859497
                ]
            ],
            "provenance": "nvisii",
            "quaternion_xyzw": [
                -0.03235276788473129,
                0.5632363557815552,
                0.8204919695854187,
                0.09225508570671082
            ],
            "quaternion_xyzw_world": [
                -0.09867662936449051,
                -0.15857894718647003,
                0.6295602321624756,
                0.7541680932044983
            ],
            "segmentation_id": 1,
            "visibility": 1
        },
        {
            "bounding_box_minx_maxx_miny_maxy": [
                0,
                91,
                68,
                158
            ],
            "class": "Cube",
            "local_cuboid": null,
            "local_to_world_matrix": [
                [
                    -0.0032987487502396107,
                    0.0036849987227469683,
                    -0.0007341941818594933,
                    0.0
                ],
                [
                    0.0005609516520053148,
                    -0.0004830598772969097,
                    -0.004944894928485155,
                    0.0
                ],
                [
                    -0.003715318161994219,
                    -0.0033447628375142813,
                    -9.472250530961901e-05,
                    0.0
                ],
                [
                    1.540269136428833,
                    0.5475314259529114,
                    0.3969479501247406,
                    1.0
                ]
            ],
            "location": [
                -0.5475314259529114,
                0.3969479501247406,
                -1.540269136428833
            ],
            "location_world": [
                1.540269136428833,
                0.5475314259529114,
                0.3969479501247406
            ],
            "name": "hope_Cube_1",
            "projected_cuboid": [
                [
                    3.3004403114318848,
                    66.90949201583862
                ],
                [
                    15.633153915405273,
                    155.29162883758545
                ],
                [
                    -13.821268081665039,
                    159.1038465499878
                ],
                [
                    -25.20930767059326,
                    81.37850761413574
                ],
                [
                    82.65886306762695,
                    69.6722149848938
                ],
                [
                    92.25718975067139,
                    148.64747524261475
                ],
                [
                    57.425594329833984,
                    152.80694961547852
                ],
                [
                    48.297131061553955,
                    82.45104551315308
                ],
                [
                    33.660340309143066,
                    115.09108543395996
                ]
            ],
            "provenance": "nvisii",
            "quaternion_xyzw": [
                0.3566915988922119,
                -0.03520333766937256,
                0.9312682747840881,
                -0.0653546154499054
            ],
            "quaternion_xyzw_world": [
                -0.3375672996044159,
                -0.6289042830467224,
                0.6590555906295776,
                0.23700936138629913
            ],
            "segmentation_id": 2,
            "visibility": 1
        },
        {
            "bounding_box_minx_maxx_miny_maxy": [
                160,
                399,
                47,
                329
            ],
            "class": "Cube",
            "local_cuboid": null,