{
    "camera_data": {
        "camera_look_at": {
            "at": [
                1.0,
                0.0,
                0.0
            ],
            "eye": [
                0.0,
                0.0,
                0.0
            ],
            "up": [
                0.0,
                0.0,
                1.0
            ]
        },
        "camera_view_matrix": [
            [
                0.0,
                0.0,
                -1.0,
                0.0
            ],
            [
                -1.0,
                0.0,
                0.0,
                0.0
            ],
            [
                0.0,
                1.0,
                0.0,
                0.0
            ],
            [
                0.0,
                0.0,
                0.0,
                1.0
            ]
        ],
        "height": 400,
        "intrinsics": {
            "cx": 200.0,
            "cy": 200.0,
            "fx": 482.84283447265625,
            "fy": 482.84283447265625
        },
        "location_world": [
            0.0,
            0.0,
            0.0
        ],
        "quaternion_world_xyzw": [
            0.5,
            -0.5,
            -0.5,
            0.5
        ],
        "width": 400
    },
    "objects": [
        {
            "bounding_box_minx_maxx_miny_maxy": [
                0,
                102,
                202,
                394
            ],
            "class": "Cube",
            "local_cuboid": null,
            "local_to_world_matrix": [
                [
                    -0.0014702081680297852,
                    -0.004778670612722635,
                    5.284268263494596e-05,
                    0.0
                ],
                [
                    -0.004702202044427395,
                    0.0014366358518600464,
                    -0.0009085009805858135,
                    0.0
                ],
                [
                    0.0008531021885573864,
                    -0.00031683253473602235,
                    -0.004916485399007797,
                    0.0
                ],
                [
                    0.9811593294143677,
                    0.3213806450366974,
                    -0.1259535253047943,
                    1.0
                ]
            ],
            "location": [
                -0.3213806450366974,
                -0.1259535253047943,
                -0.9811593294143677
            ],
            "location_world": [
                0.9811593294143677,
                0.3213806450366974,
                -0.1259535253047943
            ],
            "name": "hope_Cube_0",
            "projected_cuboid": [
                [
                    103.0081033706665,
                    323.7663984298706
                ],
                [
                    24.32546615600586,
                    393.6136245727539
                ],
                [
                    2.315044403076172,
                    233.08851718902588
                ],
                [
                    90.23969173431396,
                    200.89983940124512
                ],
                [
                    -1.1422395706176758,
                    316.2394046783447
                ],
                [
                    -103.08325290679932,
                    377.5007486343384
                ],
                [
                    -130.1058053970337,
                    231.56960010528564
                ],
                [
                    -17.426562309265137,
                    202.11358070373535
                ],
                [
                    0.23485422134399414,
                    283.11946392059326
                ]
            ],
            "provenance": "nvisii",
            "quaternion_xyzw": [
                -0.7596141695976257,
                0.09108525514602661,
                -0.11762821674346924,
                -0.6331298351287842
            ],
            "quaternion_xyzw_world": [
                -0.592015266418457,
                0.8007287383079529,
                -0.07651364803314209,
                0.049970705062150955
            ],
            "segmentation_id": 1,
            "visibility": 1
        },
        {
            "bounding_box_minx_maxx_miny_maxy": [
                26,
                147,
                381,
                400
            ],
            "class": "Cube",
            "local_cuboid": null,
            "local_to_world_matrix": [
                [
                    0.0017683547921478748,
                    -0.004629007540643215,
                    -0.0006672375020571053,
                    0.0
                ],
                [
                    0.001999802887439728,
                    0.00010356843267800286,
                    0.0045814914628863335,
                    0.0
                ],
                [
                    -0.0042277309112250805,
                    -0.0018872093642130494,
                    0.001888049766421318,
                    0.0
                ],
                [
                    1.0990447998046875,
                    0.2812134325504303,
                    -0.6835405826568604,
                    1.0
                ]
            ],
            "location": [
                -0.2812134325504303,
                -0.6835405826568604,
                -1.0990447998046875
            ],
            "location_world": [
                1.0990447998046875,
                0.2812134325504303,
                -0.6835405826568604
            ],
            "name": "hope_Cube_1",
            "projected_cuboid": [
                [
                    144.9437379837036,
                    503.8917541503906
                ],
                [
                    147.58511781692505,
                    379.947304725647
                ],
                [
                    122.02317714691162,
                    385.53919792175293
                ],
                [
                    117.78237819671631,
                    488.9535903930664
                ],
                [
                    22.072720527648926,
                    515.229320526123
                ],
                [
                    36.64724826812744,
                    379.75854873657227
                ],
                [
                    27.896344661712646,
                    385.7743740081787
                ],
                [
                    15.222513675689697,
                    497.0879077911377
                ],
                [
                    80.74209690093994,
                    439.10322189331055
                ]
            ],
            "provenance": "nvisii",
            "quaternion_xyzw": [
                -0.20245811343193054,
                0.19036182761192322,
                -0.02935279905796051,
                0.9601621627807617
            ],
            "quaternion_xyzw_world": [
                0.48870936036109924,
                -0.2689947485923767,
                -0.500805675983429,
                0.6618146896362305
            ],
            "segmentation_id": 2,
            "visibility": 1
        },
        {
            "bounding_box_minx_maxx_miny_maxy": [
                0,
                135,
                71,
                221
            ],
            "class": "Cube",
            "local_cuboid": null,