{
    "camera_data": {
        "camera_look_at": {
            "at": [
                1.0,
                0.0,
                0.0
            ],
            "eye": [
                0.0,
                0.0,
                0.0
            ],
            "up": [
                0.0,
                0.0,
                1.0
            ]
        },
        "camera_view_matrix": [
            [
                0.0,
                0.0,
                -1.0,
                0.0
            ],
            [
                -1.0,
                0.0,
                0.0,
                0.0
            ],
            [
                0.0,
                1.0,
                0.0,
                0.0
            ],
            [
                0.0,
                0.0,
                0.0,
                1.0
            ]
        ],
        "height": 400,
        "intrinsics": {
            "cx": 200.0,
            "cy": 200.0,
            "fx": 482.84283447265625,
            "fy": 482.84283447265625
        },
        "location_world": [
            0.0,
            0.0,
            0.0
        ],
        "quaternion_world_xyzw": [
            0.5,
            -0.5,
            -0.5,
            0.5
        ],
        "width": 400
    },
    "objects": [
        {
            "bounding_box_minx_maxx_miny_maxy": [
                -1,
                -1,
                -1,
                -1
            ],
            "class": "Cube",
            "local_cuboid": null,
            "local_to_world_matrix": [
                [
                    -0.0025584064424037933,
                    0.0006334958015941083,
                    -0.004248912911862135,
                    0.0
                ],
                [
                    -0.0009206683025695384,
                    0.004749573301523924,
                    0.0012625058880075812,
                    0.0
                ],
                [
                    0.00419606314972043,
                    0.0014283678028732538,
                    -0.002313619712367654,
                    0.0
                ],
                [
                    0.6397607922554016,
                    0.33486300706863403,
                    -0.42857006192207336,
                    1.0
                ]
            ],
            "location": [
                -0.33486300706863403,
                -0.42857006192207336,
                -0.6397607922554016
            ],
            "location_world": [
                0.6397607922554016,
                0.33486300706863403,
                -0.42857006192207336
            ],
            "name": "hope_Cube_0",
            "projected_cuboid": [
                [
                    -74.09205436706543,
                    620.3729152679443
                ],
                [
                    -274.64122772216797,
                    602.8387546539307
                ],
                [
                    -427.8599739074707,
                    670.2980995178223
                ],
                [
                    -122.98057079315186,
                    689.0498161315918
                ],
                [
                    -11.818432807922363,
                    427.01683044433594
                ],
                [
                    -174.96740818023682,
                    400.75206756591797
                ],
                [
                    -254.89978790283203,
                    375.90112686157227
                ],
                [
                    -28.445076942443848,
                    413.2784366607666
                ],
                [
                    -155.1208257675171,
                    510.81323623657227
                ]
            ],
            "provenance": "nvisii",
            "quaternion_xyzw": [
                -0.6041548848152161,
                0.7447168827056885,
                -0.09352212399244308,
                -0.26767033338546753
            ],
            "quaternion_xyzw_world": [
                -0.016793085262179375,
                0.8550321459770203,
                0.15735512971878052,
                0.49383968114852905
            ],
            "segmentation_id": 1,
            "visibility": 0
        },
        {
            "bounding_box_minx_maxx_miny_maxy": [
                0,
                38,
                377,
                400
            ],
            "class": "Cube",
            "local_cuboid": null,
            "local_to_world_matrix": [
                [
                    -1.6907453755266033e-05,
                    -0.00482363672927022,
                    0.0013161477399989963,
                    0.0
                ],
                [
                    0.002176620066165924,
                    0.0011777979088947177,
                    0.004344550427049398,
                    0.0
                ],
                [
                    -0.00450133765116334,
                    0.000587641610763967,
                    0.0020958620589226484,
                    0.0
                ],
                [
                    0.8532536625862122,
                    0.43749648332595825,
                    -0.6054540276527405,
                    1.0
                ]
            ],
            "location": [
                -0.43749648332595825,
                -0.6054540276527405,
                -0.8532536625862122
            ],
            "location_world": [
                0.8532536625862122,
                0.43749648332595825,
                -0.6054540276527405
            ],
            "name": "hope_Cube_1",
            "projected_cuboid": [
                [
                    -16.27662181854248,
                    539.2589092254639
                ],
                [
                    -22.043633460998535,
                    372.25399017333984
                ],
                [
                    37.686240673065186,
                    383.26683044433594
                ],
                [
                    48.84244203567505,
                    512.5774383544922
                ],
                [
                    -173.15609455108643,
                    581.7444324493408
                ],
                [
                    -158.83042812347412,
                    409.46574211120605
                ],
                [
                    -70.51029205322266,
                    412.679386138916
                ],
                [
                    -71.5508222579956,
                    545.1897621154785
                ],
                [
                    -48.39372634887695,
                    464.298677444458
                ]
            ],
            "provenance": "nvisii",
            "quaternion_xyzw": [
                -0.22110503911972046,
                -0.03128598630428314,
                0.12906406819820404,
                0.9661657810211182
            ],
            "quaternion_xyzw_world": [
                0.29235532879829407,
                -0.45270538330078125,
                -0.5447463393211365,
                0.6425244212150574
            ],
            "segmentation_id": 2,
            "visibility": 1
        },
        {
            "bounding_box_minx_maxx_miny_maxy": [
                0,
                174,
                42,
                216
            ],
            "class": "Cube",
            "local_cuboid": null,