{
    "camera_data": {
        "camera_look_at": {
            "at": [
                1.0,
                0.0,
                0.0
            ],
            "eye": [
                0.0,
                0.0,
                0.0
            ],
            "up": [
                0.0,
                0.0,
                1.0
            ]
        },
        "camera_view_matrix": [
            [
                0.0,
                0.0,
                -1.0,
                0.0
            ],
            [
                -1.0,
                0.0,
                0.0,
                0.0
            ],
            [
                0.0,
                1.0,
                0.0,
                0.0
            ],
            [
                0.0,
                0.0,
                0.0,
                1.0
            ]
        ],
        "height": 400,
        "intrinsics": {
            "cx": 200.0,
            "cy": 200.0,
            "fx": 482.84283447265625,
            "fy": 482.84283447265625
        },
        "location_world": [
            0.0,
            0.0,
            0.0
        ],
        "quaternion_world_xyzw": [
            0.5,
            -0.5,
            -0.5,
            0.5
        ],
        "width": 400
    },
    "objects": [
        {
            "bounding_box_minx_maxx_miny_maxy": [
                24,
                186,
                18,
                195
            ],
            "class": "Cube",
            "local_cuboid": null,
            "local_to_world_matrix": [
                [
                    0.003241203725337982,
                    -0.0017724039498716593,
                    0.003369448706507683,
                    0.0
                ],
                [
                    -0.003773976117372513,
                    -0.0020788912661373615,
                    0.00253679184243083,
                    0.0
                ],
                [
                    0.0005016995710320771,
                    -0.004187695682048798,
                    -0.0026854239404201508,
                    0.0
                ],
                [
                    1.286948323249817,
                    0.2850479185581207,
                    0.16395695507526398,
                    1.0
                ]
            ],
            "location": [
                -0.2850479185581207,
                0.16395695507526398,
                -1.286948323249817
            ],
            "location_world": [
                1.286948323249817,
                0.2850479185581207,
                0.16395695507526398
            ],
            "name": "hope_Cube_0",
            "projected_cuboid": [
                [
                    152.4175524711609,
                    136.6743803024292
                ],
                [
                    186.99498176574707,
                    75.26164054870605
                ],
                [
                    100.06349086761475,
                    17.012882232666016
                ],
                [
                    76.9484281539917,
                    87.6713514328003
                ],
                [
                    110.97111701965332,
                    195.01285552978516
                ],
                [
                    143.39537620544434,
                    134.62543487548828
                ],
                [
                    41.35277271270752,
                    68.46309900283813
                ],
                [
                    24.38209056854248,
                    140.58154821395874
                ],
                [
                    105.63559532165527,
                    107.94283151626587
                ]
            ],
            "provenance": "nvisii",
            "quaternion_xyzw": [
                0.48668837547302246,
                0.5597360134124756,
                0.0972379744052887,
                0.6636074185371399
            ],
            "quaternion_xyzw_world": [
                0.8063969016075134,
                -0.3438988924026489,
                0.24002747237682343,
                0.41694653034210205
            ],
            "segmentation_id": 1,
            "visibility": 1
        },
        {
            "bounding_box_minx_maxx_miny_maxy": [
                179,
                295,
                48,
                176
            ],
            "class": "Cube",
            "local_cuboid": null,
            "local_to_world_matrix": [
                [
                    -0.00042349693831056356,
                    0.0042403265833854675,
                    -0.0026153922080993652,
                    0.0
                ],
                [
                    0.0005303350044414401,
                    0.0026482800021767616,
                    0.004207773134112358,
                    0.0
                ],
                [
                    0.004953725263476372,
                    7.898882176959887e-05,
                    -0.0006740665412507951,
                    0.0
                ],
                [
                    1.531702995300293,
                    -0.17452791333198547,
                    0.16521796584129333,
                    1.0
                ]
            ],
            "location": [
                0.17452791333198547,
                0.16521796584129333,
                -1.531702995300293
            ],
            "location_world": [
                1.531702995300293,
                -0.17452791333198547,
                0.16521796584129333
            ],
            "name": "hope_Cube_1",
            "projected_cuboid": [
                [
                    219.5328950881958,
                    175.6425380706787
                ],
                [
                    180.9722900390625,
                    115.25352001190186
                ],
                [
                    179.00153398513794,
                    89.08114433288574
                ],
                [
                    224.36013221740723,
                    159.6782922744751
                ],
                [
                    280.72662353515625,
                    138.05526494979858
                ],
                [
                    241.68977737426758,
                    79.01053428649902
                ],
                [
                    250.15568733215332,
                    47.00918197631836
                ],
                [
                    296.16734981536865,
                    115.76591730117798
                ],
                [
                    233.85326862335205,
                    115.48874378204346
                ]
            ],
            "provenance": "nvisii",
            "quaternion_xyzw": [
                -0.2743742763996124,
                0.95921391248703,
                -0.06278064846992493,
                -0.026192575693130493
            ],
            "quaternion_xyzw_world": [
                0.3607138395309448,
                0.6612806916236877,
                0.3241257667541504,
                0.5723074674606323
            ],
            "segmentation_id": 2,
            "visibility": 1
        },
        {
            "bounding_box_minx_maxx_miny_maxy": [
                23,
                157,
                125,
                191
            ],
            "class": "Cube",
            "local_cuboid": null,