{
    "camera_data": {
        "camera_look_at": {
            "at": [
                1.0,
                0.0,
                0.0
            ],
            "eye": [
                0.0,
                0.0,
                0.0
            ],
            "up": [
                0.0,
                0.0,
                1.0
            ]
        },
        "camera_view_matrix": [
            [
                0.0,
                0.0,
                -1.0,
                0.0
            ],
            [
                -1.0,
                0.0,
                0.0,
                0.0
            ],
            [
                0.0,
                1.0,
                0.0,
                0.0
            ],
            [
                0.0,
                0.0,
                0.0,
                1.0
            ]
        ],
        "height": 400,
        "intrinsics": {
            "cx": 200.0,
            "cy": 200.0,
            "fx": 482.84283447265625,
            "fy": 482.84283447265625
        },
        "location_world": [
            0.0,
            0.0,
            0.0
        ],
        "quaternion_world_xyzw": [
            0.5,
            -0.5,
            -0.5,
            0.5
        ],
        "width": 400
    },
    "objects": [
        {
            "bounding_box_minx_maxx_miny_maxy": [
                97,
                176,
                1,
                76
            ],
            "class": "Cube",
            "local_cuboid": null,
            "local_to_world_matrix": [
                [
                    -6.514132110169157e-05,
                    0.004983275197446346,
                    -0.0004033900622744113,
                    0.0
                ],
                [
                    -0.003709223587065935,
                    0.0002223256160505116,
                    0.003345478791743517,
                    0.0
                ],
                [
                    0.0033522252924740314,
                    0.00034283861168660223,
                    0.0036939203273504972,
                    0.0
                ],
                [
                    1.9057506322860718,
                    0.22140277922153473,
                    0.5687695741653442,
                    1.0
                ]
            ],
            "location": [
                -0.22140277922153473,
                0.5687695741653442,
                -1.9057506322860718
            ],
            "location_world": [
                1.9057506322860718,
                0.22140277922153473,
                0.5687695741653442
            ],
            "name": "hope_Cube_0",
            "projected_cuboid": [
                [
                    113.88287544250488,
                    41.872286796569824
                ],
                [
                    102.0442008972168,
                    -19.207143783569336
                ],
                [
                    97.06417322158813,
                    12.867629528045654
                ],
                [
                    110.50031185150146,
                    76.30319595336914
                ],
                [
                    174.44350719451904,
                    37.240004539489746
                ],
                [
                    168.8462257385254,
                    -24.20499324798584
                ],
                [
                    170.71126699447632,
                    7.294642925262451
                ],
                [
                    176.63333415985107,
                    71.18368148803711
                ],
                [
                    139.55585956573486,
                    26.251399517059326
                ]
            ],
            "provenance": "nvisii",
            "quaternion_xyzw": [
                -0.03425714373588562,
                0.9132627844810486,
                0.40531283617019653,
                -0.02233639359474182
            ],
            "quaternion_xyzw_world": [
                0.2256781905889511,
                0.28227174282073975,
                0.653327465057373,
                0.6652482151985168
            ],
            "segmentation_id": 1,
            "visibility": 1
        },
        {
            "bounding_box_minx_maxx_miny_maxy": [
                0,
                81,
                1,
                56
            ],
            "class": "Cube",
            "local_cuboid": null,
            "local_to_world_matrix": [
                [
                    0.0031364629976451397,
                    0.003849857719615102,
                    -0.0005841176025569439,
                    0.0
                ],
                [
                    -0.0022834613919258118,
                    0.0012109273811802268,
                    -0.004280123393982649,
                    0.0
                ],
                [
                    -0.0031541085336357355,
                    0.0029516522772610188,
                    0.0025178061332553625,
                    0.0
                ],
                [
                    0.8861396908760071,
                    0.3054894208908081,
                    0.5664137005805969,
                    1.0
                ]
            ],
            "location": [
                -0.3054894208908081,
                0.5664137005805969,
                -0.8861396908760071
            ],
            "location_world": [
                0.8861396908760071,
                0.3054894208908081,
                0.5664137005805969
            ],
            "name": "hope_Cube_1",
            "projected_cuboid": [
                [
                    -59.23600196838379,
                    -135.13715267181396
                ],
                [
                    -135.49025058746338,
                    -50.80070495605469
                ],
                [
                    -1.8659353256225586,
                    57.17878341674805
                ],
                [
                    48.241209983825684,
                    -26.226115226745605
                ],
                [
                    12.504148483276367,
                    -226.5918731689453
                ],
                [
                    -69.87941265106201,
                    -137.726092338562
                ],
                [
                    77.47887372970581,
                    9.924519062042236
                ],
                [
                    126.23131275177002,
                    -82.1481466293335
                ],
                [
                    4.450893402099609,
                    -67.56205558776855
                ]
            ],
            "provenance": "nvisii",
            "quaternion_xyzw": [
                -0.3373541831970215,
                0.26604750752449036,
                0.9023327827453613,
                0.03473272919654846
            ],
            "quaternion_xyzw_world": [
                -0.4694533944129944,
                -0.16683192551136017,
                0.39814668893814087,
                0.7702336311340332
            ],
            "segmentation_id": 2,
            "visibility": 1
        },
        {
            "bounding_box_minx_maxx_miny_maxy": [
                71,
                236,
                102,
                254
            ],
            "class": "Cube",
            "local_cuboid": null,