{
    "camera_data": {
        "camera_look_at": {
            "at": [
                1.0,
                0.0,
                0.0
            ],
            "eye": [
                0.0,
                0.0,
                0.0
            ],
            "up": [
                0.0,
                0.0,
                1.0
            ]
        },
        "camera_view_matrix": [
            [
                0.0,
                0.0,
                -1.0,
                0.0
            ],
            [
                -1.0,
                0.0,
                0.0,
                0.0
            ],
            [
                0.0,
                1.0,
                0.0,
                0.0
            ],
            [
                0.0,
                0.0,
                0.0,
                1.0
            ]
        ],
        "height": 400,
        "intrinsics": {
            "cx": 200.0,
            "cy": 200.0,
            "fx": 482.84283447265625,
            "fy": 482.84283447265625
        },
        "location_world": [
            0.0,
            0.0,
            0.0
        ],
        "quaternion_world_xyzw": [
            0.5,
            -0.5,
            -0.5,
            0.5
        ],
        "width": 400
    },
    "objects": [
        {
            "bounding_box_minx_maxx_miny_maxy": [
                90,
                176,
                4,
                94
            ],
            "class": "Cube",
            "local_cuboid": null,
            "local_to_world_matrix": [
                [
                    0.0007832726696506143,
                    0.004935197997838259,
                    0.00017407986160833389,
                    0.0
                ],
                [
                    -0.004937052261084318,
                    0.0007786834030412138,
                    0.00013844981731381267,
                    0.0
                ],
                [
                    0.00010954483150271699,
                    -0.00019357707060407847,
                    0.004995050374418497,
                    0.0
                ],
                [
                    1.9247280359268188,
                    0.21839109063148499,
                    0.5487473011016846,
                    1.0
                ]
            ],
            "location": [
                -0.21839109063148499,
                0.5487473011016846,
                -1.9247280359268188
            ],
            "location_world": [
                1.9247280359268188,
                0.21839109063148499,
                0.5487473011016846
            ],
            "name": "hope_Cube_0",
            "projected_cuboid": [
                [
                    116.44530296325684,
                    31.870806217193604
                ],
                [
                    93.25693845748901,
                    5.494081974029541
                ],
                [
                    90.1543378829956,
                    76.02256536483765
                ],
                [
                    113.80259990692139,
                    93.50665807723999
                ],
                [
                    177.17955112457275,
                    30.622363090515137
                ],
                [
                    162.4704122543335,
                    3.4382224082946777
                ],
                [
                    159.52340364456177,
                    75.62826871871948
                ],
                [
                    174.65728521347046,
                    93.52346658706665
                ],
                [
                    136.24157905578613,
                    51.97930335998535
                ]
            ],
            "provenance": "nvisii",
            "quaternion_xyzw": [
                -0.04236564040184021,
                0.7135542631149292,
                0.6959599256515503,
                0.06844958662986755
            ],
            "quaternion_xyzw_world": [
                0.021839141845703125,
                -0.004244806244969368,
                0.6493494510650635,
                0.7601646780967712
            ],
            "segmentation_id": 1,
            "visibility": 1
        },
        {
            "bounding_box_minx_maxx_miny_maxy": [
                0,
                87,
                1,
                117
            ],
            "class": "Cube",
            "local_cuboid": null,
            "local_to_world_matrix": [
                [
                    -0.0004229694604873657,
                    -0.0034090892877429724,
                    -0.0036330712027847767,
                    0.0
                ],
                [
                    0.0015920185251161456,
                    0.003362486604601145,
                    -0.0033405330032110214,
                    0.0
                ],
                [
                    0.004720865748822689,
                    -0.0014393719611689448,
                    0.0008010208257474005,
                    0.0
                ],
                [
                    1.218278169631958,
                    0.4283878207206726,
                    0.4803663492202759,
                    1.0
                ]
            ],
            "location": [
                -0.4283878207206726,
                0.4803663492202759,
                -1.218278169631958
            ],
            "location_world": [
                1.218278169631958,
                0.4283878207206726,
                0.4803663492202759
            ],
            "name": "hope_Cube_1",
            "projected_cuboid": [
                [
                    88.12326192855835,
                    50.83221197128296
                ],
                [
                    36.695969104766846,
                    116.66851043701172
                ],
                [
                    -25.98886489868164,
                    116.38503074645996
                ],
                [
                    31.9993257522583,
                    36.26676797866821
                ],
                [
                    28.773438930511475,
                    -11.946845054626465
                ],
                [
                    -18.579554557800293,
                    56.41663074493408
                ],
                [
                    -91.11096858978271,
                    44.19122934341431
                ],
                [
                    -38.89334201812744,
                    -39.57505226135254
                ],
                [
                    3.3248424530029297,
                    47.69023656845093
                ]
            ],
            "provenance": "nvisii",
            "quaternion_xyzw": [
                -0.9074825048446655,
                0.38543763756752014,
                -0.10261032730340958,
                0.1318504512310028
            ],
            "quaternion_xyzw_world": [
                -0.1437920182943344,
                0.6318399906158447,
                -0.3782528042793274,
                0.6610801219940186
            ],
            "segmentation_id": 2,
            "visibility": 1
        },
        {
            "bounding_box_minx_maxx_miny_maxy": [
                165,
                363,
                62,
                259
            ],
            "class": "Cube",
            "local_cuboid": null,