{
    "camera_data": {
        "camera_look_at": {
            "at": [
                1.0,
                0.0,
                0.0
            ],
            "eye": [
                0.0,
                0.0,
                0.0
            ],
            "up": [
                0.0,
                0.0,
                1.0
            ]
        },
        "camera_view_matrix": [
            [
                0.0,
                0.0,
                -1.0,
                0.0
            ],
            [
                -1.0,
                0.0,
                0.0,
                0.0
            ],
            [
                0.0,
                1.0,
                0.0,
                0.0
            ],
            [
                0.0,
                0.0,
                0.0,
                1.0
            ]
        ],
        "height": 400,
        "intrinsics": {
            "cx": 200.0,
            "cy": 200.0,
            "fx": 482.84283447265625,
            "fy": 482.84283447265625
        },
        "location_world": [
            0.0,
            0.0,
            0.0
        ],
        "quaternion_world_xyzw": [
            0.5,
            -0.5,
            -0.5,
            0.5
        ],
        "width": 400
    },
    "objects": [
        {
            "bounding_box_minx_maxx_miny_maxy": [
                59,
                175,
                1,
                64
            ],
            "class": "Cube",
            "local_cuboid": null,
            "local_to_world_matrix": [
                [
                    0.00358099234290421,
                    0.003440633649006486,
                    0.0005818358040414751,
                    0.0
                ],
                [
                    -0.0011337273754179478,
                    0.00035870104329660535,
                    0.004856541752815247,
                    0.0
                ],
                [
                    0.0033001750707626343,
                    -0.0036101762671023607,
                    0.0010370492236688733,
                    0.0
                ],
                [
                    1.546000599861145,
                    0.2513153553009033,
                    0.44761741161346436,
                    1.0
                ]
            ],
            "location": [
                -0.2513153553009033,
                0.44761741161346436,
                -1.546000599861145
            ],
            "location_world": [
                1.546000599861145,
                0.2513153553009033,
                0.44761741161346436
            ],
            "name": "hope_Cube_0",
            "projected_cuboid": [
                [
                    130.56037425994873,
                    62.82510757446289
                ],
                [
                    122.97852039337158,
                    -12.429189682006836
                ],
                [
                    56.23772144317627,
                    -19.122910499572754
                ],
                [
                    67.06123352050781,
                    64.37147855758667
                ],
                [
                    176.45514011383057,
                    55.993103981018066
                ],
                [
                    169.71259117126465,
                    -28.612661361694336
                ],
                [
                    99.75426197052002,
                    -38.24341297149658
                ],
                [
                    110.19287109375,
                    56.92046880722046
                ],
                [
                    117.19095706939697,
                    18.962764739990234
                ]
            ],
            "provenance": "nvisii",
            "quaternion_xyzw": [
                0.01224709302186966,
                0.9109706878662109,
                0.11914637684822083,
                0.3946981430053711
            ],
            "quaternion_xyzw_world": [
                0.5993847846984863,
                0.1924395114183426,
                0.3238329589366913,
                0.7062840461730957
            ],
            "segmentation_id": 1,
            "visibility": 1
        },
        {
            "bounding_box_minx_maxx_miny_maxy": [
                307,
                399,
                68,
                199
            ],
            "class": "Cube",
            "local_cuboid": null,
            "local_to_world_matrix": [
                [
                    -0.0023090576287359,
                    0.0035298585426062346,
                    0.0026848374400287867,
                    0.0
                ],
                [
                    -0.000817212276160717,
                    -0.003313773311674595,
                    0.003653912106528878,
                    0.0
                ],
                [
                    0.004358947277069092,
                    0.0012486022897064686,
                    0.0021072670351713896,
                    0.0
                ],
                [
                    1.5272760391235352,
                    -0.46995022892951965,
                    0.12272925674915314,
                    1.0
                ]
            ],
            "location": [
                0.46995022892951965,
                0.12272925674915314,
                -1.5272760391235352
            ],
            "location_world": [
                1.5272760391235352,
                -0.46995022892951965,
                0.12272925674915314
            ],
            "name": "hope_Cube_1",
            "projected_cuboid": [
                [
                    307.20841884613037,
                    125.81373453140259
                ],
                [
                    362.08534240722656,
                    66.47393703460693
                ],
                [
                    411.6945266723633,
                    82.9716682434082
                ],
                [
                    346.5371608734131,
                    151.32148265838623
                ],
                [
                    350.20835399627686,
                    169.13354396820068
                ],
                [
                    402.3155212402344,
                    115.00877141952515
                ],
                [
                    454.0432929992676,
                    137.54992485046387
                ],
                [
                    392.81015396118164,
                    199.04263019561768
                ],
                [
                    377.13351249694824,
                    131.40270709991455
                ]
            ],
            "provenance": "nvisii",
            "quaternion_xyzw": [
                0.3297860026359558,
                0.9094701409339905,
                0.16077929735183716,
                -0.19558970630168915
            ],
            "quaternion_xyzw_world": [
                0.4414435625076294,
                0.30724725127220154,
                0.7978125810623169,
                0.27243685722351074
            ],
            "segmentation_id": 2,
            "visibility": 1
        },
        {
            "bounding_box_minx_maxx_miny_maxy": [
                40,
                155,
                87,
                197
            ],
            "class": "Cube",
            "local_cuboid": null,