{
    "camera_data": {
        "camera_look_at": {
            "at": [
                1.0,
                0.0,
                0.0
            ],
            "eye": [
                0.0,
                0.0,
                0.0
            ],
            "up": [
                0.0,
                0.0,
                1.0
            ]
        },
        "camera_view_matrix": [
            [
                0.0,
                0.0,
                -1.0,
                0.0
            ],
            [
                -1.0,
                0.0,
                0.0,
                0.0
            ],
            [
                0.0,
                1.0,
                0.0,
                0.0
            ],
            [
                0.0,
                0.0,
                0.0,
                1.0
            ]
        ],
        "height": 400,
        "intrinsics": {
            "cx": 200.0,
            "cy": 200.0,
            "fx": 482.84283447265625,
            "fy": 482.84283447265625
        },
        "location_world": [
            0.0,
            0.0,
            0.0
        ],
        "quaternion_world_xyzw": [
            0.5,
            -0.5,
            -0.5,
            0.5
        ],
        "width": 400
    },
    "objects": [
        {
            "bounding_box_minx_maxx_miny_maxy": [
                114,
                188,
                42,
                142
            ],
            "class": "Cube",
            "local_cuboid": null,
            "local_to_world_matrix": [
                [
                    -0.0007887005340307951,
                    0.004935493692755699,
                    0.00013729855709243566,
                    0.0
                ],
                [
                    -0.003171680262312293,
                    -0.00039988994831219316,
                    -0.003844545455649495,
                    0.0
                ],
                [
                    -0.003783965716138482,
                    -0.0006935323472134769,
                    0.0031938403844833374,
                    0.0
                ],
                [
                    1.8812737464904785,
                    0.19950366020202637,
                    0.4978526532649994,
                    1.0
                ]
            ],
            "location": [
                -0.19950366020202637,
                0.4978526532649994,
                -1.8812737464904785
            ],
            "location_world": [
                1.8812737464904785,
                0.19950366020202637,
                0.4978526532649994
            ],
            "name": "hope_Cube_0",
            "projected_cuboid": [
                [
                    116.50397777557373,
                    41.19870662689209
                ],
                [
                    114.27381038665771,
                    83.24878215789795
                ],
                [
                    113.98223638534546,
                    138.431715965271
                ],
                [
                    116.0203218460083,
                    95.97505331039429
                ],
                [
                    184.2888355255127,
                    46.5004563331604
                ],
                [
                    188.63561153411865,
                    88.05444240570068
                ],
                [
                    180.69157600402832,
                    141.55781269073486
                ],
                [
                    177.3882031440735,
                    99.69171285629272
                ],
                [
                    149.22157526016235,
                    92.3535943031311
                ]
            ],
            "provenance": "nvisii",
            "quaternion_xyzw": [
                0.07908418774604797,
                0.3396308720111847,
                0.9371234178543091,
                -0.014010518789291382
            ],
            "quaternion_xyzw_world": [
                -0.2662094235420227,
                -0.3312830924987793,
                0.6849244832992554,
                0.591829776763916
            ],
            "segmentation_id": 1,
            "visibility": 1
        },
        {
            "bounding_box_minx_maxx_miny_maxy": [
                0,
                78,
                75,
                185
            ],
            "class": "Cube",
            "local_cuboid": null,
            "local_to_world_matrix": [
                [
                    0.002047530608251691,
                    0.002374957548454404,
                    -0.0038945083506405354,
                    0.0
                ],
                [
                    0.00015787854499649256,
                    -0.004303195513784885,
                    -0.0025411793030798435,
                    0.0
                ],
                [
                    -0.004558803979307413,
                    0.0009176567546091974,
                    -0.0018371760379523039,
                    0.0
                ],
                [
                    1.7166106700897217,
                    0.7461758852005005,
                    0.32090649008750916,
                    1.0
                ]
            ],
            "location": [
                -0.7461758852005005,
                0.32090649008750916,
                -1.7166106700897217
            ],
            "location_world": [
                1.7166106700897217,
                0.7461758852005005,
                0.32090649008750916
            ],
            "name": "hope_Cube_1",
            "projected_cuboid": [
                [
                    -41.88179969787598,
                    148.14462661743164
                ],
                [
                    21.785736083984375,
                    185.3102445602417
                ],
                [
                    55.00670671463013,
                    163.61058950424194
                ],
                [
                    -0.8093833923339844,
                    130.8558702468872
                ],
                [
                    -20.88625431060791,
                    84.1204285621643
                ],
                [
                    46.85497283935547,
                    124.0501880645752
                ],
                [
                    78.78166437149048,
                    108.92033576965332
                ],
                [
                    19.859719276428223,
                    74.0384578704834
                ],
                [
                    20.789790153503418,
                    127.77186632156372
                ]
            ],
            "provenance": "nvisii",
            "quaternion_xyzw": [
                0.17427246272563934,
                0.11725497245788574,
                -0.8507332801818848,
                0.48180222511291504
            ],
            "quaternion_xyzw_world": [
                0.8120314478874207,
                0.15595677495002747,
                -0.5205039978027344,
                -0.21297426521778107
            ],
            "segmentation_id": 2,
            "visibility": 1
        },
        {
            "bounding_box_minx_maxx_miny_maxy": [
                86,
                399,
                109,
                400
            ],
            "class": "Cube",
            "local_cuboid": null,