{
    "camera_data": {
        "camera_look_at": {
            "at": [
                1.0,
                0.0,
                0.0
            ],
            "eye": [
                0.0,
                0.0,
                0.0
            ],
            "up": [
                0.0,
                0.0,
                1.0
            ]
        },
        "camera_view_matrix": [
            [
                0.0,
                0.0,
                -1.0,
                0.0
            ],
            [
                -1.0,
                0.0,
                0.0,
                0.0
            ],
            [
                0.0,
                1.0,
                0.0,
                0.0
            ],
            [
                0.0,
                0.0,
                0.0,
                1.0
            ]
        ],
        "height": 400,
        "intrinsics": {
            "cx": 200.0,
            "cy": 200.0,
            "fx": 482.84283447265625,
            "fy": 482.84283447265625
        },
        "location_world": [
            0.0,
            0.0,
            0.0
        ],
        "quaternion_world_xyzw": [
            0.5,
            -0.5,
            -0.5,
            0.5
        ],
        "width": 400
    },
    "objects": [
        {
            "bounding_box_minx_maxx_miny_maxy": [
                0,
                70,
                353,
                400
            ],
            "class": "Green",
            "local_cuboid": null,
            "local_to_world_matrix": [
                [
                    -0.0008816695190034807,
                    0.004804051481187344,
                    -0.0010694616939872503,
                    0.0
                ],
                [
                    0.00021834015205968171,
                    0.0011235958663746715,
                    0.0048672230914235115,
                    0.0
                ],
                [
                    0.00491680670529604,
                    0.0008115550735965371,
                    -0.00040791151695884764,
                    0.0
                ],
                [
                    1.262455701828003,
                    0.45354560017585754,
                    -0.7047421336174011,
                    1.0
                ]
            ],
            "location": [
                -0.45354560017585754,
                -0.7047421336174011,
                -1.262455701828003
            ],
            "location_world": [
                1.262455701828003,
                0.45354560017585754,
                -0.7047421336174011
            ],
            "name": "hope_Green_cube_0",
            "projected_cuboid": [
                [
                    -10.350227355957031,
                    462.67452239990234
                ],
                [
                    -28.41792106628418,
                    375.08296966552734
                ],
                [
                    -60.8189582824707,
                    404.5001029968262
                ],
                [
                    -39.09299373626709,
                    511.6485118865967
                ],
                [
                    78.64474058151245,
                    436.1020088195801
                ],
                [
                    60.45355796813965,
                    351.4374017715454
                ],
                [
                    47.90470600128174,
                    374.7906684875488
                ],
                [
                    69.8279857635498,
                    477.59342193603516
                ],
                [
                    16.585183143615723,
                    422.0395088195801
                ]
            ],
            "provenance": "nvisii",
            "quaternion_xyzw": [
                -0.11079981923103333,
                0.9896484017372131,
                -0.03164011240005493,
                -0.08554674685001373
            ],
            "quaternion_xyzw_world": [
                0.4124709963798523,
                0.6088175773620605,
                0.4663776457309723,
                0.4916307032108307
            ],
            "segmentation_id": 1,
            "visibility": 1
        },
        {
            "bounding_box_minx_maxx_miny_maxy": [
                213,
                399,
                49,
                292
            ],
            "class": "Green",
            "local_cuboid": null,
            "local_to_world_matrix": [
                [
                    0.0014994367957115173,
                    0.002998440759256482,
                    -0.0037095872685313225,
                    0.0
                ],
                [
                    -0.0010612348560243845,
                    0.0040008071810007095,
                    0.002804874675348401,
                    0.0
                ],
                [
                    0.004650318995118141,
                    -5.3797513828612864e-05,
                    0.0018362015252932906,
                    0.0
                ],
                [
                    0.8379226922988892,
                    -0.29904237389564514,
                    -0.006590952165424824,
                    1.0
                ]
            ],
            "location": [
                0.29904237389564514,
                -0.006590952165424824,
                -0.8379226922988892
            ],
            "location_world": [
                0.8379226922988892,
                -0.29904237389564514,
                -0.006590952165424824
            ],
            "name": "hope_Green_cube_1",
            "projected_cuboid": [
                [
                    309.76014137268066,
                    226.0129690170288
                ],
                [
                    213.0591869354248,
                    155.3384780883789
                ],
                [
                    215.52019119262695,
                    203.41362953186035
                ],
                [
                    341.66712760925293,
                    292.3743009567261
                ],
                [
                    397.70405292510986,
                    130.44447898864746
                ],
                [
                    298.01180362701416,
                    47.762978076934814
                ],
                [
                    332.06334114074707,
                    61.916160583496094
                ],
                [
                    462.9948139190674,
                    171.59898281097412
                ],
                [
                    318.43409538269043,
                    162.19406127929688
                ]
            ],
            "provenance": "nvisii",
            "quaternion_xyzw": [
                -0.43857747316360474,
                0.8790231943130493,
                0.16480998694896698,
                0.08834998309612274
            ],
            "quaternion_xyzw_world": [
                0.18199285864830017,
                0.5322203040122986,
                0.2584528625011444,
                0.7853803038597107
            ],
            "segmentation_id": 2,
            "visibility": 1
        },
        {
            "bounding_box_minx_maxx_miny_maxy": [
                100,
                238,
                308,
                394
            ],
            "class": "Green",
            "local_cuboid": null,