{
    "camera_data": {
        "camera_look_at": {
            "at": [
                1.0,
                0.0,
                0.0
            ],
            "eye": [
                0.0,
                0.0,
                0.0
            ],
            "up": [
                0.0,
                0.0,
                1.0
            ]
        },
        "camera_view_matrix": [
            [
                0.0,
                0.0,
                -1.0,
                0.0
            ],
            [
                -1.0,
                0.0,
                0.0,
                0.0
            ],
            [
                0.0,
                1.0,
                0.0,
                0.0
            ],
            [
                0.0,
                0.0,
                0.0,
                1.0
            ]
        ],
        "height": 400,
        "intrinsics": {
            "cx": 200.0,
            "cy": 200.0,
            "fx": 482.84283447265625,
            "fy": 482.84283447265625
        },
        "location_world": [
            0.0,
            0.0,
            0.0
        ],
        "quaternion_world_xyzw": [
            0.5,
            -0.5,
            -0.5,
            0.5
        ],
        "width": 400
    },
    "objects": [
        {
            "bounding_box_minx_maxx_miny_maxy": [
                -1,
                -1,
                -1,
                -1
            ],
            "class": "Cube",
            "local_cuboid": null,
            "local_to_world_matrix": [
                [
                    0.041632771492004395,
                    0.9983044862747192,
                    -0.04067930579185486,
                    0.0
                ],
                [
                    -0.09994709491729736,
                    0.04467165470123291,
                    0.9939894080162048,
                    0.0
                ],
                [
                    0.9941213130950928,
                    -0.037316739559173584,
                    0.10163748264312744,
                    0.0
                ],
                [
                    2.494889974594116,
                    -3.548365592956543,
                    -6.116532325744629,
                    1.0
                ]
            ],
            "location": [
                3.548365592956543,
                -6.116532325744629,
                -2.494889974594116
            ],
            "location_world": [
                2.494889974594116,
                -3.548365592956543,
                -6.116532325744629
            ],
            "name": "distract_Cube_0",
            "projected_cuboid": [
                [
                    -148.2665777206421,
                    278.11174392700195
                ],
                [
                    -268.7757968902588,
                    -731.0922622680664
                ],
                [
                    650.9354114532471,
                    934.4108581542969
                ],
                [
                    706.055736541748,
                    -19.128775596618652
                ],
                [
                    740.324068069458,
                    246.96097373962402
                ],
                [
                    816.4263725280762,
                    -868.1321144104004
                ],
                [
                    -230.86509704589844,
                    915.1588439941406
                ],
                [
                    -368.9762592315674,
                    42.33691692352295
                ],
                [
                    -309663.76953125,
                    2387434.765625
                ]
            ],
            "provenance": "nvisii",
            "quaternion_xyzw": [
                -0.021374046802520752,
                0.9983004331588745,
                0.050481900572776794,
                0.019770950078964233
            ],
            "quaternion_xyzw_world": [
                0.4731077253818512,
                0.4747107923030853,
                0.503818690776825,
                0.5449637174606323
            ],
            "segmentation_id": 1,
            "visibility": 0
        },
        {
            "bounding_box_minx_maxx_miny_maxy": [
                0,
                399,
                1,
                400
            ],
            "class": "Cube",
            "local_cuboid": null,
            "local_to_world_matrix": [
                [
                    0.02903902530670166,
                    0.9978013038635254,
                    -0.059579044580459595,
                    0.0
                ],
                [
                    -0.11850261688232422,
                    0.06262016296386719,
                    0.99097740650177,
                    0.0
                ],
                [
                    0.9925292730331421,
                    -0.021716952323913574,
                    0.12006032466888428,
                    0.0
                ],
                [
                    -8.235418319702148,
                    1.879726767539978,
                    -3.874424934387207,
                    1.0
                ]
            ],
            "location": [
                -1.879726767539978,
                -3.874424934387207,
                8.235418319702148
            ],
            "location_world": [
                -8.235418319702148,
                1.879726767539978,
                -3.874424934387207
            ],
            "name": "distract_Cube_1",
            "projected_cuboid": [
                [
                    -533.3648204803467,
                    265.91992378234863
                ],
                [
                    -1048.1086730957031,
                    -1802.3168563842773
                ],
                [
                    585.0176811218262,
                    719.9024200439453
                ],
                [
                    608.824348449707,
                    75.035560131073
                ],
                [
                    919.1011428833008,
                    181.2193512916565
                ],
                [
                    1196.0307121276855,
                    -2240.093421936035
                ],
                [
                    -35.8445405960083,
                    737.1189594268799
                ],
                [
                    -121.98035717010498,
                    122.99511432647705
                ],
                [
                    348.55408668518066,
                    1101.1811256408691
                ]
            ],
            "provenance": "nvisii",
            "quaternion_xyzw": [
                -0.030621469020843506,
                0.997660756111145,
                0.05978064239025116,
                0.012718766927719116
            ],
            "quaternion_xyzw_world": [
                0.4599887430667877,
                0.4778914153575897,
                0.5070505738258362,
                0.5503908395767212
            ],
            "segmentation_id": 2,
            "visibility": 1
        },
        {
            "bounding_box_minx_maxx_miny_maxy": [
                337,
                399,
                375,
                400
            ],
            "class": "Green",
            "local_cuboid": null,