{
    "camera_data": {
        "camera_look_at": {
            "at": [
                1.0,
                0.0,
                0.0
            ],
            "eye": [
                0.0,
                0.0,
                0.0
            ],
            "up": [
                0.0,
                0.0,
                1.0
            ]
        },
        "camera_view_matrix": [
            [
                0.0,
                0.0,
                -1.0,
                0.0
            ],
            [
                -1.0,
                0.0,
                0.0,
                0.0
            ],
            [
                0.0,
                1.0,
                0.0,
                0.0
            ],
            [
                0.0,
                0.0,
                0.0,
                1.0
            ]
        ],
        "height": 400,
        "intrinsics": {
            "cx": 200.0,
            "cy": 200.0,
            "fx": 482.84283447265625,
            "fy": 482.84283447265625
        },
        "location_world": [
            0.0,
            0.0,
            0.0
        ],
        "quaternion_world_xyzw": [
            0.5,
            -0.5,
            -0.5,
            0.5
        ],
        "width": 400
    },
    "objects": [
        {
            "bounding_box_minx_maxx_miny_maxy": [
                278,
                399,
                14,
                326
            ],
            "class": "Cube",
            "local_cuboid": null,
            "local_to_world_matrix": [
                [
                    -0.004311361350119114,
                    -0.0023488965816795826,
                    -0.0009459669818170369,
                    0.0
                ],
                [
                    -0.0005912576452828944,
                    -0.0008824348333291709,
                    0.004885870032012463,
                    0.0
                ],
                [
                    -0.002462231321260333,
                    0.004324811510741711,
                    0.0004831379628740251,
                    0.0
                ],
                [
                    0.46854978799819946,
                    -0.25010329484939575,
                    -0.10490260273218155,
                    1.0
                ]
            ],
            "location": [
                0.25010329484939575,
                -0.10490260273218155,
                -0.46854978799819946
            ],
            "location_world": [
                0.46854978799819946,
                -0.25010329484939575,
                -0.10490260273218155
            ],
            "name": "distract_Cube_0",
            "projected_cuboid": [
                [
                    523.8835334777832,
                    387.95604705810547
                ],
                [
                    638.3992195129395,
                    -28.880906105041504
                ],
                [
                    766.8194770812988,
                    72.56015539169312
                ],
                [
                    676.6968727111816,
                    360.78333854675293
                ],
                [
                    278.09531688690186,
                    264.88358974456787
                ],
                [
                    326.7595052719116,
                    25.737667083740234
                ],
                [
                    472.74131774902344,
                    80.17826080322266
                ],
                [
                    426.70373916625977,
                    270.6463813781738
                ],
                [
                    489.6026611328125,
                    181.6509246826172
                ]
            ],
            "provenance": "nvisii",
            "quaternion_xyzw": [
                -0.006306320428848267,
                0.5037232637405396,
                0.10664543509483337,
                -0.8572338819503784
            ],
            "quaternion_xyzw_world": [
                -0.23323118686676025,
                0.630308985710144,
                0.7306481003761292,
                -0.1202794536948204
            ],
            "segmentation_id": 1,
            "visibility": 1
        },
        {
            "bounding_box_minx_maxx_miny_maxy": [
                0,
                132,
                193,
                371
            ],
            "class": "Cube",
            "local_cuboid": null,
            "local_to_world_matrix": [
                [
                    0.001994761871173978,
                    -0.004469524137675762,
                    0.0010218997485935688,
                    0.0
                ],
                [
                    0.0031710974872112274,
                    0.000540080654900521,
                    -0.0038278521969914436,
                    0.0
                ],
                [
                    0.003311353735625744,
                    0.0021752396132797003,
                    0.0030501256696879864,
                    0.0
                ],
                [
                    1.0388574600219727,
                    0.30508601665496826,
                    -0.08321963250637054,
                    1.0
                ]
            ],
            "location": [
                -0.30508601665496826,
                -0.08321963250637054,
                -1.0388574600219727
            ],
            "location_world": [
                1.0388574600219727,
                0.30508601665496826,
                -0.08321963250637054
            ],
            "name": "distract_Cube_1",
            "projected_cuboid": [
                [
                    97.89751768112183,
                    192.3417568206787
                ],
                [
                    100.26593208312988,
                    262.73438930511475
                ],
                [
                    131.18244409561157,
                    334.88855361938477
                ],
                [
                    133.29720497131348,
                    264.28282260894775
                ],
                [
                    -12.282013893127441,
                    214.64784145355225
                ],
                [
                    4.477477073669434,
                    287.872314453125
                ],
                [
                    23.395049571990967,
                    370.6941604614258
                ],
                [
                    6.8834662437438965,
                    298.58226776123047
                ],
                [
                    62.424516677856445,
                    277.26104259490967
                ]
            ],
            "provenance": "nvisii",
            "quaternion_xyzw": [
                -0.9112828969955444,
                -0.026436328887939453,
                0.22879838943481445,
                0.3413442373275757
            ],
            "quaternion_xyzw_world": [
                -0.41258668899536133,
                0.15735197067260742,
                -0.5251325368881226,
                0.7274945974349976
            ],
            "segmentation_id": 2,
            "visibility": 1
        },
        {
            "bounding_box_minx_maxx_miny_maxy": [
                245,
                391,
                1,
                57
            ],
            "class": "Green",
            "local_cuboid": null,